b94221f783eb87845713fd033590015677926a71ee9010789aeb11e63c50cbd0	96bc14d3065c18370765770912bf3655de616c458543f8eb0987ae20382cc951	24.600	479	0.773	0.902
b94221f783eb87845713fd033590015677926a71ee9010789aeb11e63c50cbd0	9a69f923b2bf45e20eed3905266ca7b53741b020e6fa203a9eddd813d4676ce3	24.600	479	0.773	0.900
b94221f783eb87845713fd033590015677926a71ee9010789aeb11e63c50cbd0	0fb879da9be1b5029e2f03b78419810db3a9a5372dab75e4e95b7a38eb42fbaf	24.600	479	0.773	0.898
1eb366ad2e98ebb1bd81e6204d945f8682ce021cc541c580fba53a018b8c0b89	eb22c4e8269e10da8fb1b74f827583acb652def7ed052c2c048fb4491d8efc9d	100.000	209	0.886	0.995
1eb366ad2e98ebb1bd81e6204d945f8682ce021cc541c580fba53a018b8c0b89	885b15da5e87f09addf84748af1897f67df0331f3b1370b8499fc0fa4156072e	100.000	208	0.881	0.995
1eb366ad2e98ebb1bd81e6204d945f8682ce021cc541c580fba53a018b8c0b89	e5a8927f209306e4098e76150fb3fead0b64d4144b66cd4fc37d543e4ef8d5b3	100.000	208	0.881	0.986
1eb366ad2e98ebb1bd81e6204d945f8682ce021cc541c580fba53a018b8c0b89	847942c636b128fe77fd1b34271486b58a1c83e1d9319c9c4e79c1f40c69a5fe	100.000	208	0.881	0.981
1eb366ad2e98ebb1bd81e6204d945f8682ce021cc541c580fba53a018b8c0b89	009248cccf0caf41010a5615a78ed277fb4203abd827b71efccee48b9ccc5b88	100.000	208	0.881	0.977
1eb366ad2e98ebb1bd81e6204d945f8682ce021cc541c580fba53a018b8c0b89	65d51f7e3d68ef6ec8810e77f0f642520a0f9fb7a958f756d045e87a8e048c38	100.000	208	0.881	0.972
1eb366ad2e98ebb1bd81e6204d945f8682ce021cc541c580fba53a018b8c0b89	4edcfda715daf076bf5a1507c2a19ac379fc3465f3c7fb29313e64c7e493f830	97.100	212	0.898	1.000
1eb366ad2e98ebb1bd81e6204d945f8682ce021cc541c580fba53a018b8c0b89	5b62d81be472aaecd195c9de7e69dc0ada05879ec9314d797cfbc148d683e467	99.500	208	0.881	0.986
1eb366ad2e98ebb1bd81e6204d945f8682ce021cc541c580fba53a018b8c0b89	6c52bc9962c4e528319d25a65991682ff71117d5fccb55b84fdf1170cffbe099	97.100	210	0.890	1.000
1eb366ad2e98ebb1bd81e6204d945f8682ce021cc541c580fba53a018b8c0b89	f494b451754f8b7d079d4fececc4278039dcafaabab0f0f661a9dcfea8c267ba	99.500	208	0.881	0.972
1eb366ad2e98ebb1bd81e6204d945f8682ce021cc541c580fba53a018b8c0b89	c4ee341c5aea2512b02bfc4b47efb15f57daac44515491d6d39686472d0cb9b5	100.000	205	0.869	1.000
1eb366ad2e98ebb1bd81e6204d945f8682ce021cc541c580fba53a018b8c0b89	66b547b2dccb6eb076ff1e12a93691c833d7029949220b869368797736df9a87	99.500	208	0.881	0.976
1eb366ad2e98ebb1bd81e6204d945f8682ce021cc541c580fba53a018b8c0b89	5292660937d86c9337e23c88a1885621c8d8e84966ce5c6d574b92233b01e508	99.000	209	0.886	0.972
1eb366ad2e98ebb1bd81e6204d945f8682ce021cc541c580fba53a018b8c0b89	39250106823cb9dfe6374900803cd98a3cf71f30d504a57300dcc5d7b8599ea1	98.500	207	0.877	1.000
1eb366ad2e98ebb1bd81e6204d945f8682ce021cc541c580fba53a018b8c0b89	2f56ce70a2267a63c9cf6b503aaeeac8712245e5c9ebb9689eabf46c90c6c569	98.500	208	0.881	0.995
1eb366ad2e98ebb1bd81e6204d945f8682ce021cc541c580fba53a018b8c0b89	58a591cc40653a022a14a9809224464d1df18a7fc07f2fde4dbc2fcf591dc134	98.000	208	0.881	0.995
1eb366ad2e98ebb1bd81e6204d945f8682ce021cc541c580fba53a018b8c0b89	afa4a844f2542215dbca15366ab19cc47c2eeb524979a0cd267f59deedeb2d62	98.000	208	0.881	0.967
1eb366ad2e98ebb1bd81e6204d945f8682ce021cc541c580fba53a018b8c0b89	bcf8939adfc8de7c93c1a5ab381ee0e46fd307ee06180bdfb937add2cd350155	97.500	208	0.881	1.000
1eb366ad2e98ebb1bd81e6204d945f8682ce021cc541c580fba53a018b8c0b89	33b0aa42c8a45cc932f556fceb64ec0ff895f27ac7409455655a02a8e8d717a1	98.000	207	0.877	1.000
1eb366ad2e98ebb1bd81e6204d945f8682ce021cc541c580fba53a018b8c0b89	ef42e1f675c76998fc31585c5b290c06cb17a1d9f399ffd64e0b9559dd90bbb3	97.000	205	0.869	1.000
53403167dff491de532d2046d11c67a6f45fd87f51a2cfd2781fca97f361deca	506e42b23c1416b1d58b4e80ab5e47a25ab8b9731f48e70d395ffd52ed9b930b	34.100	339	0.899	0.983
53403167dff491de532d2046d11c67a6f45fd87f51a2cfd2781fca97f361deca	f834ab77e81ed2a3d0c66f0ff386e6a7b5dbce3de56950154a5ca0931464d952	32.900	333	0.883	0.982
53403167dff491de532d2046d11c67a6f45fd87f51a2cfd2781fca97f361deca	02536d275857d78976c54cd11ab8f644d2f98cf1e56ebbdac7169bbc376c8b50	32.800	331	0.878	0.989
53403167dff491de532d2046d11c67a6f45fd87f51a2cfd2781fca97f361deca	68ec7b19f3f17b23455df7a73b4c3f33cdc948959e74dbb3826be4d99baafdef	32.800	331	0.878	0.982
53403167dff491de532d2046d11c67a6f45fd87f51a2cfd2781fca97f361deca	5cb3444876d7734f8eae54e395a0d339e26809df903e72f55b0721188a0a390a	33.100	316	0.838	0.970
53403167dff491de532d2046d11c67a6f45fd87f51a2cfd2781fca97f361deca	c37e4d47412e56c5fc8a595627aaf485c676029a8f3c38b5559879b218962a0d	29.400	435	0.883	0.991
53403167dff491de532d2046d11c67a6f45fd87f51a2cfd2781fca97f361deca	876db18c23d75b6bdf0fb270aeeb6b6014153c4c6a64ff26ed35a1f645424b43	29.400	435	0.883	0.984
53403167dff491de532d2046d11c67a6f45fd87f51a2cfd2781fca97f361deca	cd5d8eaa19bfba958e3500b97e06f0e093d657c02867d4935b3fc8644778ef12	26.900	319	0.846	0.883
53403167dff491de532d2046d11c67a6f45fd87f51a2cfd2781fca97f361deca	8cfa9b3836dfde436c8a531aa092c35840c6e8966e478130b30e6a1a3919e50d	26.900	319	0.846	0.873
53403167dff491de532d2046d11c67a6f45fd87f51a2cfd2781fca97f361deca	9c0c24637836a29a4baaccdd66496da7cdefaa5cce2ee6cf58bacc9d6735e418	21.400	298	0.790	0.764
2059fc4572f1050b2fc52664f276a03034a2e065743659d0d655b0648fb737a6	b3fc88c8082d9dca4eb4ddd08f7539508bd3a5111e27746fbb3c1819cc0eaef9	99.700	419	0.293	0.998
2059fc4572f1050b2fc52664f276a03034a2e065743659d0d655b0648fb737a6	eda3046e67c254fb3cd48aac3db5b723f3f67eba821dc823a031ec352b055695	99.700	435	0.304	1.000
2059fc4572f1050b2fc52664f276a03034a2e065743659d0d655b0648fb737a6	68313550da8f6b409912454fe0d8a99e98b1128566ddb5046d5aec3ef4811e65	99.000	419	0.293	0.998
2059fc4572f1050b2fc52664f276a03034a2e065743659d0d655b0648fb737a6	178083369969dbdec0790bf4b0fe16e74421464dcfdb57ebead7fee25351491d	97.600	420	0.294	1.000
2059fc4572f1050b2fc52664f276a03034a2e065743659d0d655b0648fb737a6	adf9572d8d5a1afa852a8375a8c25b94ddbcb61328603eab38a8c0e933b94842	97.600	420	0.294	1.000
2059fc4572f1050b2fc52664f276a03034a2e065743659d0d655b0648fb737a6	f8baf7329b90435c042ee8fc52eb7438a51a4915c37bd2638c1ba641443075d5	97.800	419	0.293	1.000
2059fc4572f1050b2fc52664f276a03034a2e065743659d0d655b0648fb737a6	de170fa7774c94f128c2a3343b0bc714255441690e712fed116b3164d245b4f6	97.300	420	0.294	1.000
2059fc4572f1050b2fc52664f276a03034a2e065743659d0d655b0648fb737a6	1a183603f8c628a57ccc37b23b558d3b869cd86d6c9e5d17b340f53f9c0d3898	97.300	420	0.294	1.000
2059fc4572f1050b2fc52664f276a03034a2e065743659d0d655b0648fb737a6	a4cb8e0d678bc54db1896469adfdf85ab28d4659ca6c469f5fa32fb578a05628	97.600	418	0.293	1.000
2059fc4572f1050b2fc52664f276a03034a2e065743659d0d655b0648fb737a6	a7cd3496e5639fc765ef5643e1b28b05ebc8534a185b9b7a68bfaa9584eae2d7	97.300	418	0.293	1.000
2059fc4572f1050b2fc52664f276a03034a2e065743659d0d655b0648fb737a6	0ecf063ef5622beee7b1de1b36a19850daa8b0fca2bb33ad8613d1831fe8d450	97.300	418	0.293	1.000
2059fc4572f1050b2fc52664f276a03034a2e065743659d0d655b0648fb737a6	6a3f3ba9de90f2f259c38f9e24ccef2aa365da05c3e34c514b6ea866c32a1722	97.100	418	0.293	1.000
2059fc4572f1050b2fc52664f276a03034a2e065743659d0d655b0648fb737a6	0c1ec5780722536acf8bf2e0a8cf4e4c2e08e97f411d73b7b0770efae31d5766	96.800	418	0.293	1.000
2059fc4572f1050b2fc52664f276a03034a2e065743659d0d655b0648fb737a6	aa2fa1d25cd2c9ecdd2c816948bee2a5c18d992737ab8fea02193762629d13cb	65.400	420	0.293	0.998
2059fc4572f1050b2fc52664f276a03034a2e065743659d0d655b0648fb737a6	b7099dd8f3bacd3138341dda9dc7ba7cd602ad16efb7e616f6da4bbdf192e8a7	65.400	420	0.293	0.993
2059fc4572f1050b2fc52664f276a03034a2e065743659d0d655b0648fb737a6	778543a3e07762250a2356b05f7a28e4636ab2193e60208cee2ea9f0dc36c8cc	66.900	414	0.290	0.995
2059fc4572f1050b2fc52664f276a03034a2e065743659d0d655b0648fb737a6	b66e414f9c970f1f72754aa3020ef12e315f3c1400fcfe7f0b0953059a1feb71	66.900	414	0.290	0.998
2059fc4572f1050b2fc52664f276a03034a2e065743659d0d655b0648fb737a6	76816449ab34ce50a131f6de1a200d2bb403a900b82d0ae451dfc90643b4676b	66.900	414	0.290	0.998
2059fc4572f1050b2fc52664f276a03034a2e065743659d0d655b0648fb737a6	edb6510cc4e7e5dc308458a1440dd1e9708d542c56686b03c4a5e8041d333d34	67.300	413	0.289	1.000
2059fc4572f1050b2fc52664f276a03034a2e065743659d0d655b0648fb737a6	8a451aabb7c9794733acad9716f485da0bbe0a79cd3ae93c8b5b9b4757ebcebf	67.300	413	0.289	1.000
957fae855e206699b1cdcaddee575a5c467b3787df6178556ac4738525495688	9fd5673812f3869984e83af9385596161d509c437b750ec98e6da234403caf47	91.500	237	0.996	1.000
957fae855e206699b1cdcaddee575a5c467b3787df6178556ac4738525495688	b4d6085d4d11bb2db6b618bd2f7e897cec503e93fd701c7bffe3981fb535e5ac	90.700	237	0.996	1.000
957fae855e206699b1cdcaddee575a5c467b3787df6178556ac4738525495688	de98c7505eefafcb60c788e075234c1abca6d74269dea359e3a9ee03adef0c95	90.200	237	0.996	1.000
957fae855e206699b1cdcaddee575a5c467b3787df6178556ac4738525495688	94bff8ec4cdbabfd356b49552c04a4559aa2b39d07da0af00d6211ad871fe157	89.800	237	0.996	1.000
957fae855e206699b1cdcaddee575a5c467b3787df6178556ac4738525495688	5227a3f187fa82ac9dd96eeaa322f4f8fda43a1fa76a24dcbe6a5e5ecf6e0348	63.200	237	0.996	0.982
957fae855e206699b1cdcaddee575a5c467b3787df6178556ac4738525495688	53b1f8a1c2c3e694b4e65e70bc65ce3af3bd6c23ce5f6c4ae8ec6ea2ac53b8ea	63.200	237	0.996	0.987
957fae855e206699b1cdcaddee575a5c467b3787df6178556ac4738525495688	c5b7fe4cc8b1dd37c8fec64d60e003427bf9ff88f4af59eff95bccbafbc4f097	62.800	237	0.996	0.981
957fae855e206699b1cdcaddee575a5c467b3787df6178556ac4738525495688	4d21feb96c9b77c4c52fcfb80332f5d31cd0bd99824b177f4b769e234bd88e99	63.200	237	0.996	0.987
957fae855e206699b1cdcaddee575a5c467b3787df6178556ac4738525495688	7e42185a5edb1ef6be0c33d7eb50df1b03a6f8218d0527957462cd80272d50a4	62.400	237	0.996	0.982
957fae855e206699b1cdcaddee575a5c467b3787df6178556ac4738525495688	80fe8ca242024d4b1a8d2f967f3885f95e2e23e200c7a0f50caec2650177772e	62.400	237	0.996	0.973
957fae855e206699b1cdcaddee575a5c467b3787df6178556ac4738525495688	a836ab53f2e2f1149e5157169ea3b78ed5cd1aa2ebe7b0963fdd4eaec7c2480b	62.400	237	0.996	0.977
957fae855e206699b1cdcaddee575a5c467b3787df6178556ac4738525495688	75c6133ceaa982723e76463450aeda99fa492abf6141fb385234e46fa947f452	62.400	237	0.996	0.986
957fae855e206699b1cdcaddee575a5c467b3787df6178556ac4738525495688	b4a03421ad84d21f7b920b15ac0b5681eb7ea01156fead3fcf814ef1ebfbb8c3	27.400	164	0.689	0.641
957fae855e206699b1cdcaddee575a5c467b3787df6178556ac4738525495688	4c13b0767913a97edb42ba34605d3572160a72f331b257c16f622f80c855c713	28.000	196	0.824	0.711
957fae855e206699b1cdcaddee575a5c467b3787df6178556ac4738525495688	32e9a2fadbd6dceccd6fe5e9d58347610a16c6b4e880583a63588b06df44007d	31.800	169	0.710	0.295
957fae855e206699b1cdcaddee575a5c467b3787df6178556ac4738525495688	d8278a183153c53bbc88606fcd6734057f45480e99fce04073137dd840e8d795	31.600	169	0.710	0.296
957fae855e206699b1cdcaddee575a5c467b3787df6178556ac4738525495688	4a2ed76ead43c9dfef7b6d8bb84b95bed9ac88c799fd4c6b5a2b075e4db9061f	31.300	169	0.710	0.299
957fae855e206699b1cdcaddee575a5c467b3787df6178556ac4738525495688	c61ad568e98e58b36228b9c5170e15ea8100813cb16a71c84b7823f38b15eeab	31.700	169	0.710	0.300
957fae855e206699b1cdcaddee575a5c467b3787df6178556ac4738525495688	12379b403a9469cadd2f659b8110b939de40dc379911f34290b7b7b898de4f38	31.900	169	0.710	0.307
957fae855e206699b1cdcaddee575a5c467b3787df6178556ac4738525495688	5118ce7569282a8ade4cb8494b7171dd21f4b9d306c32530bfcfd99bf6db21e6	36.700	106	0.374	0.215
9fca8cd6aca620bb5ab28809b3dfbe5e47baa8ecb0dec7507f28086624fa310f	ff44c1cf7d180da0b65e32812b3e9fb8cb418ae0f9969ec8e47a25966abf0560	97.000	273	0.989	1.000
9fca8cd6aca620bb5ab28809b3dfbe5e47baa8ecb0dec7507f28086624fa310f	44392db0fc00dcd2201b4da1809abb8898a3321a49bef19ecb80b1c9b0ca57a8	95.600	273	0.989	1.000
31ce1af5962e7c22b56c8a8c4866ad529f2115ee34119667c19bd0621d225976	7933b1f14c15eaf02d7380194e89894e342895cbb65aa13d9f7f9172072c23f6	98.900	99	1.000	1.000
31ce1af5962e7c22b56c8a8c4866ad529f2115ee34119667c19bd0621d225976	de8b3cd28e12a6df8c6ab127ef348468de5a773e5411e89e3aef92634db7d116	98.900	99	1.000	0.488
31ce1af5962e7c22b56c8a8c4866ad529f2115ee34119667c19bd0621d225976	a2670e4db15636c7202f6a5f2f39c3edf2db6fdd19ee18787265f564073917dd	97.900	99	1.000	1.000
31ce1af5962e7c22b56c8a8c4866ad529f2115ee34119667c19bd0621d225976	d4bafa6690b2f77533a7ccad6b1331804b854d786946be9569e5e1f10ea04723	97.900	99	1.000	1.000
31ce1af5962e7c22b56c8a8c4866ad529f2115ee34119667c19bd0621d225976	0aa603626e64145f0b0dcae457353191999b9fe3947a48f35661c780d9131338	96.900	99	1.000	1.000
31ce1af5962e7c22b56c8a8c4866ad529f2115ee34119667c19bd0621d225976	2127de0e4f430e1dfc4b12469945237a7274e2b21f239b0e2896d56cd5f462c7	97.900	99	1.000	1.000
31ce1af5962e7c22b56c8a8c4866ad529f2115ee34119667c19bd0621d225976	9883359b623009577bfa067354ace9ab92f797140fcd479348741d0723268cd7	95.900	99	1.000	1.000
31ce1af5962e7c22b56c8a8c4866ad529f2115ee34119667c19bd0621d225976	f9bed90665ac0c980332b109662d7c6ab47ac83f76a80e19760f966b058352da	96.900	99	1.000	1.000
31ce1af5962e7c22b56c8a8c4866ad529f2115ee34119667c19bd0621d225976	41e3cda64c349fb7d05454257e8ca50eb953160416f3d0ac32c249f5b1a47637	97.900	99	1.000	1.000
31ce1af5962e7c22b56c8a8c4866ad529f2115ee34119667c19bd0621d225976	594b2b9bd41148202bb0929aa9396af0713a9e5c763f6b4a9ef1936929511daa	97.900	99	1.000	1.000
31ce1af5962e7c22b56c8a8c4866ad529f2115ee34119667c19bd0621d225976	7039ddf5b8f790c55199c0f490f5bbd7694f0616b3e724997a69ab54339ba258	97.900	99	1.000	1.000
31ce1af5962e7c22b56c8a8c4866ad529f2115ee34119667c19bd0621d225976	d16b02a09c76b2c3c2c1a350828397794b4faa0bd6dc2b325159168683b0233f	96.900	99	1.000	1.000
31ce1af5962e7c22b56c8a8c4866ad529f2115ee34119667c19bd0621d225976	fb638f54015c4a4bb9c2fbfb41cb0ad27acac6500db1235a226a476eb033aef0	96.900	99	1.000	1.000
31ce1af5962e7c22b56c8a8c4866ad529f2115ee34119667c19bd0621d225976	73350ebebcf8dce0ebb913b09b1e619cc2fcfdbad022c2f7c7becec0a653bf6f	96.900	99	1.000	1.000
31ce1af5962e7c22b56c8a8c4866ad529f2115ee34119667c19bd0621d225976	c75f2c5564254c3674d16f66a4c7c046e89a85c1185bb81844002e79758c62d4	96.900	99	1.000	1.000
31ce1af5962e7c22b56c8a8c4866ad529f2115ee34119667c19bd0621d225976	3adf554e447d62ea1c4ac92183e3c5c56433f493178a30c3f109a4bb5ee50248	96.900	99	1.000	1.000
31ce1af5962e7c22b56c8a8c4866ad529f2115ee34119667c19bd0621d225976	83ce122118b4e32ea8c42f5a964c5e994f1cdda8b183961bcba1bb8fae947b37	95.900	99	1.000	1.000
31ce1af5962e7c22b56c8a8c4866ad529f2115ee34119667c19bd0621d225976	27160794cabc22ba884bb322ea745440e8beafc24777161fa20a84a3bd305908	96.900	99	1.000	1.000
31ce1af5962e7c22b56c8a8c4866ad529f2115ee34119667c19bd0621d225976	378009bf53b4bd8a99469c79e091b2eb064a00cb20768afa7927ec74784c32aa	97.900	99	1.000	1.000
31ce1af5962e7c22b56c8a8c4866ad529f2115ee34119667c19bd0621d225976	a97dfad666eb9b4304234768aa4c982d6b02ab7a1365b4883854952156dedf66	95.900	99	1.000	1.000
0725c9221fe1fd935ede4a747d0678459ca0e367b238a1dea22fc4874335cf8f	6b752036f9589bd502b7c6db5172027e6fa99d9863c07779428f49f1ad389241	100.000	488	0.948	0.998
0725c9221fe1fd935ede4a747d0678459ca0e367b238a1dea22fc4874335cf8f	c7f87147422760fc317a7088fccbd847ae8613e7fc348c9511cec6150854f39c	97.000	504	0.979	1.000
0725c9221fe1fd935ede4a747d0678459ca0e367b238a1dea22fc4874335cf8f	9b77cb29697b24a26dd143c0bb4502c887b65bbf2c1de79e43854c8c75c53000	99.700	485	0.942	0.994
0725c9221fe1fd935ede4a747d0678459ca0e367b238a1dea22fc4874335cf8f	e666ea1283bbdb5180f26fa49a6238f808a0017d9188816426b8018afbb0ac69	97.200	502	0.975	1.000
0725c9221fe1fd935ede4a747d0678459ca0e367b238a1dea22fc4874335cf8f	3c1015a4a83c2fcfaca7d7cda4b424090b7eab5d3ffed4bea6ce6a801422894c	97.400	500	0.971	0.998
0725c9221fe1fd935ede4a747d0678459ca0e367b238a1dea22fc4874335cf8f	32bce3453dd52666f2d635fe97148d577c7a87b1c298b82d122984179329c67b	99.700	484	0.940	0.990
0725c9221fe1fd935ede4a747d0678459ca0e367b238a1dea22fc4874335cf8f	39a30fdebc20c89bc694df456de691652e827625cd5999b5badccf4e17e1934c	99.700	483	0.938	0.992
0725c9221fe1fd935ede4a747d0678459ca0e367b238a1dea22fc4874335cf8f	d1aeea49ebb3c9726f83865871bb822f60d7d0bb1997c9293e6dabc2ffe9dc96	100.000	478	0.928	0.998
0725c9221fe1fd935ede4a747d0678459ca0e367b238a1dea22fc4874335cf8f	99fb1c893422e515af62c3593265c4cad10e2e379ee6910864b689dd2d1fb214	33.400	467	0.899	0.963
0725c9221fe1fd935ede4a747d0678459ca0e367b238a1dea22fc4874335cf8f	0efde6aaeee79186221495e207e96e1ee56a2faa199d4c0e9252f9f5097a751e	33.400	467	0.899	0.963
0725c9221fe1fd935ede4a747d0678459ca0e367b238a1dea22fc4874335cf8f	af445c75201d5bf05baa3bbe1515bd456bc6f88a89355dbd1e1fad7aad12c0b1	33.200	467	0.899	0.963
f3a234965b33be052fd4748f042f809d2add6da3b3f556da4c51eca393e1fe9d	876db18c23d75b6bdf0fb270aeeb6b6014153c4c6a64ff26ed35a1f645424b43	24.800	495	0.839	0.991
f3a234965b33be052fd4748f042f809d2add6da3b3f556da4c51eca393e1fe9d	c37e4d47412e56c5fc8a595627aaf485c676029a8f3c38b5559879b218962a0d	24.600	492	0.834	0.993
f3a234965b33be052fd4748f042f809d2add6da3b3f556da4c51eca393e1fe9d	5cb3444876d7734f8eae54e395a0d339e26809df903e72f55b0721188a0a390a	31.500	204	0.341	0.776
f3a234965b33be052fd4748f042f809d2add6da3b3f556da4c51eca393e1fe9d	02536d275857d78976c54cd11ab8f644d2f98cf1e56ebbdac7169bbc376c8b50	31.500	204	0.341	0.750
f3a234965b33be052fd4748f042f809d2add6da3b3f556da4c51eca393e1fe9d	68ec7b19f3f17b23455df7a73b4c3f33cdc948959e74dbb3826be4d99baafdef	31.500	204	0.341	0.745
f3a234965b33be052fd4748f042f809d2add6da3b3f556da4c51eca393e1fe9d	f834ab77e81ed2a3d0c66f0ff386e6a7b5dbce3de56950154a5ca0931464d952	31.500	204	0.341	0.739
f3a234965b33be052fd4748f042f809d2add6da3b3f556da4c51eca393e1fe9d	506e42b23c1416b1d58b4e80ab5e47a25ab8b9731f48e70d395ffd52ed9b930b	31.100	197	0.329	0.663
f3a234965b33be052fd4748f042f809d2add6da3b3f556da4c51eca393e1fe9d	8cfa9b3836dfde436c8a531aa092c35840c6e8966e478130b30e6a1a3919e50d	28.000	207	0.346	0.657
f3a234965b33be052fd4748f042f809d2add6da3b3f556da4c51eca393e1fe9d	cd5d8eaa19bfba958e3500b97e06f0e093d657c02867d4935b3fc8644778ef12	28.200	196	0.319	0.634
f3a234965b33be052fd4748f042f809d2add6da3b3f556da4c51eca393e1fe9d	9c0c24637836a29a4baaccdd66496da7cdefaa5cce2ee6cf58bacc9d6735e418	24.500	216	0.366	0.663
7f99a3866638d052e67847fd928f4271427440a3b7622ff21e0269fe5f0e1e03	c37e4d47412e56c5fc8a595627aaf485c676029a8f3c38b5559879b218962a0d	29.900	197	0.365	0.449
7f99a3866638d052e67847fd928f4271427440a3b7622ff21e0269fe5f0e1e03	876db18c23d75b6bdf0fb270aeeb6b6014153c4c6a64ff26ed35a1f645424b43	30.000	199	0.370	0.450
7f99a3866638d052e67847fd928f4271427440a3b7622ff21e0269fe5f0e1e03	5cb3444876d7734f8eae54e395a0d339e26809df903e72f55b0721188a0a390a	31.600	201	0.374	0.764
7f99a3866638d052e67847fd928f4271427440a3b7622ff21e0269fe5f0e1e03	68ec7b19f3f17b23455df7a73b4c3f33cdc948959e74dbb3826be4d99baafdef	31.600	201	0.374	0.734
7f99a3866638d052e67847fd928f4271427440a3b7622ff21e0269fe5f0e1e03	f834ab77e81ed2a3d0c66f0ff386e6a7b5dbce3de56950154a5ca0931464d952	31.600	201	0.374	0.728
7f99a3866638d052e67847fd928f4271427440a3b7622ff21e0269fe5f0e1e03	506e42b23c1416b1d58b4e80ab5e47a25ab8b9731f48e70d395ffd52ed9b930b	30.800	222	0.417	0.741
7f99a3866638d052e67847fd928f4271427440a3b7622ff21e0269fe5f0e1e03	02536d275857d78976c54cd11ab8f644d2f98cf1e56ebbdac7169bbc376c8b50	32.200	192	0.355	0.706
7f99a3866638d052e67847fd928f4271427440a3b7622ff21e0269fe5f0e1e03	cd5d8eaa19bfba958e3500b97e06f0e093d657c02867d4935b3fc8644778ef12	29.300	196	0.353	0.634
7f99a3866638d052e67847fd928f4271427440a3b7622ff21e0269fe5f0e1e03	8cfa9b3836dfde436c8a531aa092c35840c6e8966e478130b30e6a1a3919e50d	29.300	196	0.353	0.622
7f99a3866638d052e67847fd928f4271427440a3b7622ff21e0269fe5f0e1e03	9c0c24637836a29a4baaccdd66496da7cdefaa5cce2ee6cf58bacc9d6735e418	25.400	202	0.361	0.620
46ebb6eccca9a8211ae63f0d5f0ce96b03eddc4e5eb65417010464d85df17516	7d5fe3d376a7bbddd769d593ebb951ae45ed0a7c8dce7036fa1b350ec0726c46	67.700	90	0.297	0.978
46ebb6eccca9a8211ae63f0d5f0ce96b03eddc4e5eb65417010464d85df17516	a0610e293348b285d2ddaa3c216fa020850342fd338659c51de94433ac694616	29.300	123	0.393	0.711
74850ff3a746768b63892fb357a9655aaf2e7ed5cd149ccbc0728915128a35ba	506e42b23c1416b1d58b4e80ab5e47a25ab8b9731f48e70d395ffd52ed9b930b	24.300	283	0.763	0.899
74850ff3a746768b63892fb357a9655aaf2e7ed5cd149ccbc0728915128a35ba	5cb3444876d7734f8eae54e395a0d339e26809df903e72f55b0721188a0a390a	23.600	283	0.763	0.958
74850ff3a746768b63892fb357a9655aaf2e7ed5cd149ccbc0728915128a35ba	02536d275857d78976c54cd11ab8f644d2f98cf1e56ebbdac7169bbc376c8b50	23.600	283	0.763	0.926
74850ff3a746768b63892fb357a9655aaf2e7ed5cd149ccbc0728915128a35ba	68ec7b19f3f17b23455df7a73b4c3f33cdc948959e74dbb3826be4d99baafdef	23.600	283	0.763	0.920
74850ff3a746768b63892fb357a9655aaf2e7ed5cd149ccbc0728915128a35ba	f834ab77e81ed2a3d0c66f0ff386e6a7b5dbce3de56950154a5ca0931464d952	23.600	283	0.763	0.913
7f3d679eff5a0b39202fe2696e4b76106c26dd5b3df9d615e208dbdf4bc35724	b5fb26dc348e5325afa789c765fbc5778c305b4b3140f6cf81aef168afb6e749	97.000	238	0.449	1.000
7f3d679eff5a0b39202fe2696e4b76106c26dd5b3df9d615e208dbdf4bc35724	94545008dcd9e60e29737dc33e7554677e6a688da7d9c822852064bfe8c87820	95.700	238	0.449	1.000
7f3d679eff5a0b39202fe2696e4b76106c26dd5b3df9d615e208dbdf4bc35724	981308b2d8d7f44342ec1880d36e173d117a5348e6affd058b8710e0b6235cfa	95.400	241	0.455	1.000
7f3d679eff5a0b39202fe2696e4b76106c26dd5b3df9d615e208dbdf4bc35724	0910ec9109bea0ffea4d8543cd8512f0b5cf8bec8d76bfc8d48ef40fd00d574a	95.300	239	0.451	1.000
7f3d679eff5a0b39202fe2696e4b76106c26dd5b3df9d615e208dbdf4bc35724	4c4f45e792121d20cb4b1169df40a160d6d196dae7e1b6601362bc3f566eb856	96.500	235	0.443	1.000
7f3d679eff5a0b39202fe2696e4b76106c26dd5b3df9d615e208dbdf4bc35724	8bb402015652074cf4538b708c1c7b9920bcbe620dc3c5c26677b6497e7f4918	95.300	238	0.449	1.000
7f3d679eff5a0b39202fe2696e4b76106c26dd5b3df9d615e208dbdf4bc35724	53b25eb6e12a73d2579a213adc8ca97956b126aef5afb8f42e0c7a96e97624fc	95.700	237	0.447	1.000
7f3d679eff5a0b39202fe2696e4b76106c26dd5b3df9d615e208dbdf4bc35724	e5779b4c2e25d94266ea5db519b1233a23f08296e5874b9d94c1b57cae16f40c	96.100	235	0.443	1.000
7f3d679eff5a0b39202fe2696e4b76106c26dd5b3df9d615e208dbdf4bc35724	d2c836cbf46d2f16df4eba80b287762375c043d728ac83e35c83a875e948f956	94.900	239	0.451	1.000
7f3d679eff5a0b39202fe2696e4b76106c26dd5b3df9d615e208dbdf4bc35724	e3eefab8b1bb9afd9fe17a75354b64b69133ce05f5f913b0c4f50c9a813675e9	95.700	235	0.443	1.000
7f3d679eff5a0b39202fe2696e4b76106c26dd5b3df9d615e208dbdf4bc35724	e42e3d9129c515167f388f33f7b37de44dd746ea6a04cc81b2c4a36272df1d28	95.700	234	0.442	1.000
7f3d679eff5a0b39202fe2696e4b76106c26dd5b3df9d615e208dbdf4bc35724	563601bb45cad218e32f10fe2e008e1debae8858b26d4c8ded3fd350b7b3424c	94.800	235	0.443	1.000
7f3d679eff5a0b39202fe2696e4b76106c26dd5b3df9d615e208dbdf4bc35724	bdf9896109343eb13c722c5b50894fc7c62a5c311ddceca19be1b94c443e9870	92.900	242	0.457	1.000
7f3d679eff5a0b39202fe2696e4b76106c26dd5b3df9d615e208dbdf4bc35724	54d064c57305496bb71795afc8c1cbf60a20e1bbb15665fa9a8b532b383d80ab	91.500	236	0.445	0.996
7f3d679eff5a0b39202fe2696e4b76106c26dd5b3df9d615e208dbdf4bc35724	229d06786f1956ece0605c747d9b89349a45b0d1164df0d46dbde0865f38e44d	92.800	238	0.449	1.000
7f3d679eff5a0b39202fe2696e4b76106c26dd5b3df9d615e208dbdf4bc35724	f9374996f33822da6ceaa77cc471ff80824b17ef343c79a9c2056768a73a90aa	92.800	238	0.449	1.000
7f3d679eff5a0b39202fe2696e4b76106c26dd5b3df9d615e208dbdf4bc35724	a476e4fe394d405661f163f8c9630293115bdd3dfa10dd1797b7037da13c518f	92.100	241	0.455	1.000
7f3d679eff5a0b39202fe2696e4b76106c26dd5b3df9d615e208dbdf4bc35724	8b737edbc16ab5d3177dd59769863b6ad75670f511da3da5ab66fc62865ab64e	90.200	235	0.443	0.996
7f3d679eff5a0b39202fe2696e4b76106c26dd5b3df9d615e208dbdf4bc35724	eb23f99c773668aa884eff98eda6f803b8447f0c4da1eee44791983497b62e34	88.900	218	0.411	1.000
7f3d679eff5a0b39202fe2696e4b76106c26dd5b3df9d615e208dbdf4bc35724	5b5e9120045506548f86ae6e19914f271d86b67feac872d301923c5889dc28fd	58.900	238	0.447	0.979
f4124bbcd051f8182a69fa8eb7767b80cfc460fdd1a01eb6e8567315f1bc4b97	73b9a5512e5f37c79290b59f87bafc9ab1dfe34ee90d8de2dc28e9263b6ec4db	91.900	348	0.959	0.997
f4124bbcd051f8182a69fa8eb7767b80cfc460fdd1a01eb6e8567315f1bc4b97	cc301940153e292ee7cb450bc370922c3d11654c94b0d445555ebe84d61263a9	91.600	348	0.959	0.997
f4124bbcd051f8182a69fa8eb7767b80cfc460fdd1a01eb6e8567315f1bc4b97	45987df6de56181f9ba86f6a7cf698c6621b82f5e92375f94e2bac7c065c6ac1	83.300	348	0.959	0.997
f4124bbcd051f8182a69fa8eb7767b80cfc460fdd1a01eb6e8567315f1bc4b97	61db2c60c7f96c4e9b590d3f2292227b9ba105328ba5d31ec89c4a7c7d2fbf63	83.000	348	0.959	0.997
f4124bbcd051f8182a69fa8eb7767b80cfc460fdd1a01eb6e8567315f1bc4b97	0500badebb2f98ab3c0e7e7d897d56f650c57fd3e373926d78082e623b5bf0b2	83.000	348	0.959	0.997
f4124bbcd051f8182a69fa8eb7767b80cfc460fdd1a01eb6e8567315f1bc4b97	7bd26e2384e9db273867886e270e7e645820f469d7433e665e2639099dcb42d5	83.000	348	0.959	0.997
f4124bbcd051f8182a69fa8eb7767b80cfc460fdd1a01eb6e8567315f1bc4b97	88c890e0ca46697bc0f83ec226822181aea932e923334fa78a0bce8ab90c0741	83.000	348	0.959	0.997
f4124bbcd051f8182a69fa8eb7767b80cfc460fdd1a01eb6e8567315f1bc4b97	2aa35a429aa0738de7f14aff512a3dde1077204e71afb20a981d650bacfb68ed	27.000	339	0.934	0.911
f4124bbcd051f8182a69fa8eb7767b80cfc460fdd1a01eb6e8567315f1bc4b97	28d96e51e4493f3f219ed9a7161a74da21a8cc58961f2a8c9f239fee4dbe93bd	27.000	339	0.934	0.908
cc3ab1bd86da746c869394db023aa68c2e557d769f04f80ee36b584a8929621c	29225531508ea580914826d9ffeae9a90cd7d17566c4127e7f550f9af9aedcb9	98.800	262	0.266	1.000
cc3ab1bd86da746c869394db023aa68c2e557d769f04f80ee36b584a8929621c	e76a467a758ae8f2f486c1b567aa854097bf9ff8680e4cb734a208cc4ba6b50c	98.800	261	0.265	1.000
cc3ab1bd86da746c869394db023aa68c2e557d769f04f80ee36b584a8929621c	19a96eecea884ed628f8b8dd851f62465a7c671268a7347829d492e8daeb4c2a	98.800	260	0.264	1.000
cc3ab1bd86da746c869394db023aa68c2e557d769f04f80ee36b584a8929621c	0678d7afac64d141cc54626956a0e1a69d0e237d071fe9877276c9d9f91e3aa3	98.800	260	0.264	1.000
cc3ab1bd86da746c869394db023aa68c2e557d769f04f80ee36b584a8929621c	955a36534b0980f46a096509e03ac0201ef774d7552a217bf2eaf75620060c6a	98.400	261	0.265	1.000
cc3ab1bd86da746c869394db023aa68c2e557d769f04f80ee36b584a8929621c	f105deb7178dfc2d567f44e5a206d365beb89363989e172c949ee545acf179d8	99.600	253	0.257	1.000
cc3ab1bd86da746c869394db023aa68c2e557d769f04f80ee36b584a8929621c	0b68e0d7da86746fca6a8427006f534e4aaacdc4aa95bb38d860d9de0e1be8ca	98.000	260	0.264	1.000
cc3ab1bd86da746c869394db023aa68c2e557d769f04f80ee36b584a8929621c	bda843a022042fcb59e8c631da6fd23687d02003e9f1c1285e94dc1cf1366deb	97.600	260	0.264	1.000
cc3ab1bd86da746c869394db023aa68c2e557d769f04f80ee36b584a8929621c	012fc337982ea8fbd089e3e2a47653a276ca889debdeff9d7a0fb373030cf543	97.300	261	0.265	1.000
cc3ab1bd86da746c869394db023aa68c2e557d769f04f80ee36b584a8929621c	a32918efb39b9ee0264cd394cf5d5fd7883a88fe00aca817db81f043f1bad12a	98.000	257	0.261	1.000
cc3ab1bd86da746c869394db023aa68c2e557d769f04f80ee36b584a8929621c	bd3745d3a988a7afa5bfa90aa4e0e70caf2956a882740bbfd9a9049023fb8f69	97.600	257	0.261	1.000
cc3ab1bd86da746c869394db023aa68c2e557d769f04f80ee36b584a8929621c	ec8f00ea97a0cf9d71b1504955e524e94b941d9d130fde407bb6962229e919b2	96.300	247	0.251	1.000
cc3ab1bd86da746c869394db023aa68c2e557d769f04f80ee36b584a8929621c	1c04402e3dd5dde3566bd757e173a33726f422ffb81397754a1558dbe8c32118	95.500	248	0.252	1.000
cc3ab1bd86da746c869394db023aa68c2e557d769f04f80ee36b584a8929621c	adf93f3772d1d9a818a2f8b57d1f17fffd693fdd0f09c7f08de2cde4738dbe10	95.100	245	0.249	1.000
cc3ab1bd86da746c869394db023aa68c2e557d769f04f80ee36b584a8929621c	ddf05e6d5742502dd10646f0c38de961732b836fc747cd4106f3f754d24b0d9b	95.100	246	0.250	1.000
cc3ab1bd86da746c869394db023aa68c2e557d769f04f80ee36b584a8929621c	19e43f000eb95fd49215c25db58e7c35cd4dfff5784baba4e91d06aa37a91198	95.000	244	0.248	1.000
cc3ab1bd86da746c869394db023aa68c2e557d769f04f80ee36b584a8929621c	a63a59e07c9b0ee4256d76330e6747b323237c86733f07bec734a476faef63dc	95.100	245	0.249	1.000
cc3ab1bd86da746c869394db023aa68c2e557d769f04f80ee36b584a8929621c	6ce3c8fbe9a393dc5d0c47008c6fc9eaf4c379ffab94a8522b0227d55adcef37	94.600	245	0.249	1.000
cc3ab1bd86da746c869394db023aa68c2e557d769f04f80ee36b584a8929621c	f3dc5741411fd78442712f810c910c2de164cd1d361f5fdb9684afaf374aa86b	94.600	245	0.249	1.000
cc3ab1bd86da746c869394db023aa68c2e557d769f04f80ee36b584a8929621c	4245da303b0a1817358e8611d494f7a2038b9424da93d9015d011701d85a0a74	93.400	246	0.250	1.000
cf3dcff438ef9aa0f63522ee8ac7ad7a2f63aa38159b031c8f6010555d89d6d2	8ac9b37d9242d9aaa173fb12337177b10697f08bb4f60f3980f25c07c77eedf8	26.500	535	0.702	0.977
cf3dcff438ef9aa0f63522ee8ac7ad7a2f63aa38159b031c8f6010555d89d6d2	ece0975c3a24693e36a934111964827236c14331ba7153748a67da4a1c4d7f65	26.600	535	0.702	0.981
cf3dcff438ef9aa0f63522ee8ac7ad7a2f63aa38159b031c8f6010555d89d6d2	3f1115381c3937db39ba465a5e73d5b220f1f680abde33242db52ef45bf858b6	30.600	121	0.159	0.717
cf3dcff438ef9aa0f63522ee8ac7ad7a2f63aa38159b031c8f6010555d89d6d2	5f93c779282b12c7bebb6f8d4a99fb4b41f02cc26d7b3c63eb5f74ab6905ec65	32.300	99	0.130	0.442
cf3dcff438ef9aa0f63522ee8ac7ad7a2f63aa38159b031c8f6010555d89d6d2	0a0100472950f6c459a715896b711d2a32f3891c7eac737521dd724d7e64edb6	32.300	99	0.130	0.442
cf3dcff438ef9aa0f63522ee8ac7ad7a2f63aa38159b031c8f6010555d89d6d2	5b0f0ee35d03ce318d8372d55b3d85b13f090d29d74b6ea3ddabb4c423515f3f	32.300	99	0.130	0.440
1115ebbacf2d2c044da2899e731558888ef25934fab5d0a86faf8b807e3a72e3	c0bce1f6927a28c9c495fa85b72e6931a3fd15fba7476eded5a09632f05c8f50	24.800	229	0.739	0.766
1115ebbacf2d2c044da2899e731558888ef25934fab5d0a86faf8b807e3a72e3	3b7ef85d3cb5af38c10c42460485dd35b266c68e7b3037207566154193250638	24.800	229	0.739	0.763
c3dfe0e37994181ab731ec000de1c10c31af69fdf5883f081bb457654e3a5087	c2afb60b6ee2b153434669ee44589d07631fc1573fbf30bb1f4133099b0492d6	99.800	534	0.942	1.000
c3dfe0e37994181ab731ec000de1c10c31af69fdf5883f081bb457654e3a5087	c068876dd83ef290741546cef1d5a769ab3f9d9e2f0c87c8a9d916fb0a2fdd07	99.800	533	0.940	1.000
c3dfe0e37994181ab731ec000de1c10c31af69fdf5883f081bb457654e3a5087	a89521ce08530b8f97f2d1db8f1240efae12a8ae3df1c19c7b8a0666b41ae267	99.800	532	0.938	1.000
c3dfe0e37994181ab731ec000de1c10c31af69fdf5883f081bb457654e3a5087	87c36b8fd5302c6b564bbbe6dacc0fa19e546331d9387171280235c4b8b553a9	77.100	533	0.940	0.996
c3dfe0e37994181ab731ec000de1c10c31af69fdf5883f081bb457654e3a5087	1022c07004d578e442bfe1322a8cc452edfa3514d361a8d0a4ca0718f71acac5	32.700	531	0.937	0.987
c3dfe0e37994181ab731ec000de1c10c31af69fdf5883f081bb457654e3a5087	8b29fd074744a8f8668df38ba7d4b9272f662cea9d7738d0651df52e5b955c4d	32.900	531	0.937	0.992
c3dfe0e37994181ab731ec000de1c10c31af69fdf5883f081bb457654e3a5087	4071f595d4ec8cd616c516d2848b1a0b4e9fd927ac084d3cfc3b18f21f61bc61	32.900	531	0.937	0.987
c3dfe0e37994181ab731ec000de1c10c31af69fdf5883f081bb457654e3a5087	76e283a10aaf081ec593f57f2b1c038d9b93c8e7b8eeba2e0222a96cb47a79af	32.900	531	0.937	0.983
c3dfe0e37994181ab731ec000de1c10c31af69fdf5883f081bb457654e3a5087	91a9c9a00bf19d3b1730600410521fae94d84f27d2e4dd4493130229368e6d65	32.900	531	0.937	0.981
c3dfe0e37994181ab731ec000de1c10c31af69fdf5883f081bb457654e3a5087	0683327e5f5b15c7f3e2279cee9c776e76fecec45c13722acc6ec4eb049eab9d	32.700	531	0.937	0.985
c3dfe0e37994181ab731ec000de1c10c31af69fdf5883f081bb457654e3a5087	7aa76899b830ecbc59fd3e27aa89c863c1f64bb2953ddcd2a1f8fe92231b9c1f	32.900	531	0.937	0.991
c3dfe0e37994181ab731ec000de1c10c31af69fdf5883f081bb457654e3a5087	c9a0313f02c540cc47a768d6d0cfd8e988fd159b8c230bcdf633fa34a42a17d9	32.900	531	0.937	0.989
c3dfe0e37994181ab731ec000de1c10c31af69fdf5883f081bb457654e3a5087	4387e1be0e8f9f10772bf86fa851d754090f5cd72928c48260bab755d8175fca	32.700	531	0.937	0.981
c3dfe0e37994181ab731ec000de1c10c31af69fdf5883f081bb457654e3a5087	72ea4a816a41068509b449b0f70600e24986e8df67c8c22e733b557da1cb16fd	32.700	531	0.937	0.981
c3dfe0e37994181ab731ec000de1c10c31af69fdf5883f081bb457654e3a5087	e6636c0acbf00ea8803801357426a207dab7a583e4fd1e34dfbcc9d009483e99	32.700	531	0.937	0.985
c3dfe0e37994181ab731ec000de1c10c31af69fdf5883f081bb457654e3a5087	d7405c3c4a88a77ed251d79b2f6b5b867d65581890e30d7979201599fbff0d91	32.700	531	0.937	0.983
c3dfe0e37994181ab731ec000de1c10c31af69fdf5883f081bb457654e3a5087	122932ce41f21a1017038b5966bed20a311c44f2060982be589fc016cd46c527	32.400	533	0.937	0.987
c3dfe0e37994181ab731ec000de1c10c31af69fdf5883f081bb457654e3a5087	508ded4ba40cba7cc7fb42a6a2717e4e7e8d49ccad1eba838a44eb2449d25d0f	32.600	531	0.937	0.993
c3dfe0e37994181ab731ec000de1c10c31af69fdf5883f081bb457654e3a5087	4524e75314962a6d829cbaf8bc3c659319f35c3f899409f17a4510bd74a50567	32.600	531	0.937	0.987
c3dfe0e37994181ab731ec000de1c10c31af69fdf5883f081bb457654e3a5087	30699a827243dfafe71350420e7311cb2dba1a363fe56290424b1ea2e79868c6	32.100	526	0.928	0.979
87fcff83bbedca4907248b12ff28c75d4d5b827c34587504b9020f8c8b2b346b	3c51fd8ce37aae2bc11be90007fc5e8fea0cb798244ef1d8b10f73b3eef069f4	28.400	256	0.396	0.958
87fcff83bbedca4907248b12ff28c75d4d5b827c34587504b9020f8c8b2b346b	7891c4dfb5421e8d58c0a36dcdc52a2f943532cdfc30524bb3128c7ca6b3e7a9	28.600	255	0.395	0.961
87fcff83bbedca4907248b12ff28c75d4d5b827c34587504b9020f8c8b2b346b	f8d004777be3f7a9256abd52c78a5057d7a57e58a91e824f05fa6127e74abe9b	28.600	255	0.395	0.953
87fcff83bbedca4907248b12ff28c75d4d5b827c34587504b9020f8c8b2b346b	118561aba19c1bf916bfbf66377cfb9c959fcdd4f79f9a849777e1dd033b3e21	28.300	255	0.395	0.958
87fcff83bbedca4907248b12ff28c75d4d5b827c34587504b9020f8c8b2b346b	51ef49071b00d7a6a46b4542281759edc65979fecde61d1976cecf1b7788a67f	29.000	243	0.376	0.925
87fcff83bbedca4907248b12ff28c75d4d5b827c34587504b9020f8c8b2b346b	328e638a411108e4961f36b4ea742215b2821b6befbfd1094f81bb1e6f2400d3	28.300	243	0.376	0.881
87fcff83bbedca4907248b12ff28c75d4d5b827c34587504b9020f8c8b2b346b	85b8dbaf5a7b0abe6681ef70e623d182dbfff360e0f03f47f7ed66e28d132c3d	27.700	243	0.376	0.924
87fcff83bbedca4907248b12ff28c75d4d5b827c34587504b9020f8c8b2b346b	68d263d272df663782771e2727284513a09392e75322585eda09bf6ddc900f1c	27.500	243	0.376	0.882
87fcff83bbedca4907248b12ff28c75d4d5b827c34587504b9020f8c8b2b346b	a426859c2fdaf6ce556797ba9048d775c7853dfeea9e1be2f544a000e9a7c471	29.300	203	0.314	0.744
87fcff83bbedca4907248b12ff28c75d4d5b827c34587504b9020f8c8b2b346b	758d865388f9fb3767bd99e055023bdbb10a8511eaa54e1b2a2d077116f8f85e	29.300	203	0.314	0.749
87fcff83bbedca4907248b12ff28c75d4d5b827c34587504b9020f8c8b2b346b	f8fa617d2196c2e2b556c159f13fa36392d2ec75381cdfd61630428855cd1ebc	26.800	260	0.384	0.909
87fcff83bbedca4907248b12ff28c75d4d5b827c34587504b9020f8c8b2b346b	b5366aedc0c5463f45d8169155354aff98174536acc94905c952ebde0c831474	29.300	203	0.314	0.744
87fcff83bbedca4907248b12ff28c75d4d5b827c34587504b9020f8c8b2b346b	574136d04122b4f76ba4a35fe14358fc550b21feb1e28cbd5c6d3c75e5453140	28.800	203	0.314	0.721
87fcff83bbedca4907248b12ff28c75d4d5b827c34587504b9020f8c8b2b346b	ae227c5db744050b1d4e017463be97ea7221290db0bc24ddfabdec712960f7dc	28.800	203	0.314	0.716
87fcff83bbedca4907248b12ff28c75d4d5b827c34587504b9020f8c8b2b346b	491838c637e038b138dac34f5b8b71838602a60419529e159fadf49d2e3af3b5	26.800	251	0.389	0.897
87fcff83bbedca4907248b12ff28c75d4d5b827c34587504b9020f8c8b2b346b	77ce10b393d7c42ee0cc93f38875a7ed73f6ed58987c97e0201b8f668e125179	28.300	203	0.314	0.742
87fcff83bbedca4907248b12ff28c75d4d5b827c34587504b9020f8c8b2b346b	e059cd0b395629825e28e0e9782d4b5659ff334b13a60e6c08c6e7ec61b98481	24.100	256	0.396	0.951
87fcff83bbedca4907248b12ff28c75d4d5b827c34587504b9020f8c8b2b346b	b5c11c0dca4639290f955618958d3b0b3ddee5d571c0bc843f46eb3ec8f9f64d	27.400	203	0.314	0.736
87fcff83bbedca4907248b12ff28c75d4d5b827c34587504b9020f8c8b2b346b	4210ad916b05ae2d57914160a5eb05d99281d9eee50fb1b4b161261a25566768	25.900	264	0.384	0.907
87fcff83bbedca4907248b12ff28c75d4d5b827c34587504b9020f8c8b2b346b	5fa8eb3391506fd7ae0f7e88f9e55613d660c21ad459d84c6a88f235038a0789	33.600	101	0.128	0.340
7a266236115ece043235f024f3de984a3af74e313c058b6f2dc8db5bafb964fe	5cb3444876d7734f8eae54e395a0d339e26809df903e72f55b0721188a0a390a	42.000	193	0.422	0.734
7a266236115ece043235f024f3de984a3af74e313c058b6f2dc8db5bafb964fe	02536d275857d78976c54cd11ab8f644d2f98cf1e56ebbdac7169bbc376c8b50	42.000	193	0.422	0.710
7a266236115ece043235f024f3de984a3af74e313c058b6f2dc8db5bafb964fe	68ec7b19f3f17b23455df7a73b4c3f33cdc948959e74dbb3826be4d99baafdef	42.000	193	0.422	0.704
7a266236115ece043235f024f3de984a3af74e313c058b6f2dc8db5bafb964fe	f834ab77e81ed2a3d0c66f0ff386e6a7b5dbce3de56950154a5ca0931464d952	42.000	193	0.422	0.699
7a266236115ece043235f024f3de984a3af74e313c058b6f2dc8db5bafb964fe	506e42b23c1416b1d58b4e80ab5e47a25ab8b9731f48e70d395ffd52ed9b930b	42.000	193	0.422	0.650
7a266236115ece043235f024f3de984a3af74e313c058b6f2dc8db5bafb964fe	876db18c23d75b6bdf0fb270aeeb6b6014153c4c6a64ff26ed35a1f645424b43	39.100	191	0.418	0.432
7a266236115ece043235f024f3de984a3af74e313c058b6f2dc8db5bafb964fe	c37e4d47412e56c5fc8a595627aaf485c676029a8f3c38b5559879b218962a0d	39.100	191	0.418	0.435
7a266236115ece043235f024f3de984a3af74e313c058b6f2dc8db5bafb964fe	cd5d8eaa19bfba958e3500b97e06f0e093d657c02867d4935b3fc8644778ef12	34.000	189	0.402	0.612
7a266236115ece043235f024f3de984a3af74e313c058b6f2dc8db5bafb964fe	8cfa9b3836dfde436c8a531aa092c35840c6e8966e478130b30e6a1a3919e50d	34.000	189	0.402	0.600
909597435fc4ddd2cdcb268302078a46cbb2aaee211ea5d8afe045ac3ff65593	423d0de22fdf9006eb45c5a1b3277545bed070df4ec198d9fd3363b36b015663	100.000	122	0.830	1.000
909597435fc4ddd2cdcb268302078a46cbb2aaee211ea5d8afe045ac3ff65593	ad0622ce24576543e994baf2ef9fb8980fb385f8c64dea0e95f0eb3bcf59f2d1	40.300	114	0.755	0.950
909597435fc4ddd2cdcb268302078a46cbb2aaee211ea5d8afe045ac3ff65593	742437897c5db8ebd3eb20a4d5694cd58711a33756c42867093f7c8776ad1ed7	34.400	113	0.755	0.942
909597435fc4ddd2cdcb268302078a46cbb2aaee211ea5d8afe045ac3ff65593	c6fb6bcbe4b5831505678638e34f0fe9ba66e675590e23483c6a315b15ad233d	34.400	115	0.755	0.943
909597435fc4ddd2cdcb268302078a46cbb2aaee211ea5d8afe045ac3ff65593	3fdb0ecddf682ea329409cbd65f1023ab86b89d3649887fc5fd63ee07a63f307	34.100	117	0.755	0.944
909597435fc4ddd2cdcb268302078a46cbb2aaee211ea5d8afe045ac3ff65593	eaae55daae153d10f3ad28bd9ae9f115251feb31a2362d529c981498f38f4ee0	34.400	112	0.755	0.941
909597435fc4ddd2cdcb268302078a46cbb2aaee211ea5d8afe045ac3ff65593	caa8dfb3568e9afcd9bb19099cba6dc30511a4919a0e8b0baef0d6b447acc1dd	34.100	117	0.755	0.944
909597435fc4ddd2cdcb268302078a46cbb2aaee211ea5d8afe045ac3ff65593	0dc98f03ee410358047708e373bebde19f630e951f3480ad3a65c41b81552572	31.400	89	0.605	0.760
987e15538f0f1ab2fdac22de66091cf0a704c2a7eae4e9af9419d590682c51d7	506e42b23c1416b1d58b4e80ab5e47a25ab8b9731f48e70d395ffd52ed9b930b	34.400	313	0.653	0.946
987e15538f0f1ab2fdac22de66091cf0a704c2a7eae4e9af9419d590682c51d7	02536d275857d78976c54cd11ab8f644d2f98cf1e56ebbdac7169bbc376c8b50	33.200	313	0.653	0.978
987e15538f0f1ab2fdac22de66091cf0a704c2a7eae4e9af9419d590682c51d7	68ec7b19f3f17b23455df7a73b4c3f33cdc948959e74dbb3826be4d99baafdef	33.200	313	0.653	0.971
987e15538f0f1ab2fdac22de66091cf0a704c2a7eae4e9af9419d590682c51d7	f834ab77e81ed2a3d0c66f0ff386e6a7b5dbce3de56950154a5ca0931464d952	33.200	313	0.653	0.964
987e15538f0f1ab2fdac22de66091cf0a704c2a7eae4e9af9419d590682c51d7	5cb3444876d7734f8eae54e395a0d339e26809df903e72f55b0721188a0a390a	33.500	298	0.622	0.958
987e15538f0f1ab2fdac22de66091cf0a704c2a7eae4e9af9419d590682c51d7	c37e4d47412e56c5fc8a595627aaf485c676029a8f3c38b5559879b218962a0d	26.500	435	0.664	0.991
987e15538f0f1ab2fdac22de66091cf0a704c2a7eae4e9af9419d590682c51d7	876db18c23d75b6bdf0fb270aeeb6b6014153c4c6a64ff26ed35a1f645424b43	26.500	435	0.664	0.984
987e15538f0f1ab2fdac22de66091cf0a704c2a7eae4e9af9419d590682c51d7	8cfa9b3836dfde436c8a531aa092c35840c6e8966e478130b30e6a1a3919e50d	31.300	310	0.647	0.892
987e15538f0f1ab2fdac22de66091cf0a704c2a7eae4e9af9419d590682c51d7	cd5d8eaa19bfba958e3500b97e06f0e093d657c02867d4935b3fc8644778ef12	30.400	310	0.647	0.903
987e15538f0f1ab2fdac22de66091cf0a704c2a7eae4e9af9419d590682c51d7	9c0c24637836a29a4baaccdd66496da7cdefaa5cce2ee6cf58bacc9d6735e418	23.100	292	0.610	0.791
2b50a9bdb76401c564adebe2d7cebb4de1094be4bea454c59063a59361c2e5a1	00d9566d4cdab4081d338de9f42c3b76a5838abfad21ff108875fd6bbd6bbe43	98.100	430	0.426	0.998
2b50a9bdb76401c564adebe2d7cebb4de1094be4bea454c59063a59361c2e5a1	21e720e0421158c990f66b179d9a5f237b746aa5a17229a64df57ee1ceb69cc6	97.400	429	0.425	0.998
2b50a9bdb76401c564adebe2d7cebb4de1094be4bea454c59063a59361c2e5a1	a9242dd02494ceec9a2472ab9cb2858153886e7532ace6282d16a00d6fac0848	100.000	200	0.198	1.000
2b50a9bdb76401c564adebe2d7cebb4de1094be4bea454c59063a59361c2e5a1	f632743c3b1cff0058cab3bec8b8abc9e4baa5c5721ef7b85bac616aeb9e1d1a	100.000	198	0.196	0.985
2b50a9bdb76401c564adebe2d7cebb4de1094be4bea454c59063a59361c2e5a1	ae2a237656150259c1dd871eda40dcd9208a86d0108f0be51f70986377641ed9	46.900	426	0.422	0.995
2b50a9bdb76401c564adebe2d7cebb4de1094be4bea454c59063a59361c2e5a1	922ab22451a7f4fe12f0340c6fa2417e61e0eb0456e2bea49580fb9672565709	48.100	422	0.418	0.979
2b50a9bdb76401c564adebe2d7cebb4de1094be4bea454c59063a59361c2e5a1	30ddc6ff246ad8eafc527c228ca4c88a3666a3894b1aab8afb4b5b32410fde36	48.100	422	0.418	0.976
2b50a9bdb76401c564adebe2d7cebb4de1094be4bea454c59063a59361c2e5a1	5bd206354348c059c2f7031e5e0503d509c9cc472be8515d7b475d96e3e91fd2	44.900	426	0.422	0.995
2b50a9bdb76401c564adebe2d7cebb4de1094be4bea454c59063a59361c2e5a1	16b7d66bcbef60f267ad723c19eeabed4cc328613a17a0f8a96cf17775adfd69	42.700	192	0.190	0.919
2b50a9bdb76401c564adebe2d7cebb4de1094be4bea454c59063a59361c2e5a1	e05c6bd66a22153977ee6d5220d8f0eef757c625ac8adce1f6d0c492888ed6be	40.600	192	0.190	0.917
2b50a9bdb76401c564adebe2d7cebb4de1094be4bea454c59063a59361c2e5a1	2c24a8aeafe4b0d5dbeb7b25c706b1ed8e6d7634f042e62efe6f4a3b604c6df8	39.000	192	0.190	0.912
2b50a9bdb76401c564adebe2d7cebb4de1094be4bea454c59063a59361c2e5a1	3a646258ec4e6177971a4820f23b8c544992a9ce8f0bd1fd659cac577f53c82a	37.000	186	0.184	0.893
2b50a9bdb76401c564adebe2d7cebb4de1094be4bea454c59063a59361c2e5a1	47615a9a9b656ba2a157fdc72bb8b5acc3c217b3d1e939dc67bb9c4bfd15cb75	25.800	144	0.143	0.456
2b50a9bdb76401c564adebe2d7cebb4de1094be4bea454c59063a59361c2e5a1	5ab29dfad20e59e92a1a4c565fffdb5a7a79096944dafd6e5d7a6ad0ded8a44b	25.800	144	0.143	0.213
2b50a9bdb76401c564adebe2d7cebb4de1094be4bea454c59063a59361c2e5a1	f1a70d016f05878bed2777aa2385208b485e48f79fcb38c0d7e043d38ac6b919	25.800	144	0.143	0.211
2b50a9bdb76401c564adebe2d7cebb4de1094be4bea454c59063a59361c2e5a1	2e42eeea5a3dda5ba60572184ba09313676ac8e7e25520883f3a97cad5a280ad	27.800	131	0.127	0.293
7710c1bd275b8d3816f9cd396e4e65814337bdf886aa89294e17959ee841432f	3895b06675d3eb656c5201f723620855e69d558790068f36738183ee08604d98	92.000	327	0.475	1.000
7710c1bd275b8d3816f9cd396e4e65814337bdf886aa89294e17959ee841432f	31c2cf5b11232bfd7fc4bc4fb6e4157a322d9f9eac9eee08cdcccf3c53a348ac	34.000	249	0.355	0.996
7710c1bd275b8d3816f9cd396e4e65814337bdf886aa89294e17959ee841432f	44dbae7abe6cf8af334b746470d27d0beb2831855c50d59094c850d39e4f4328	34.200	249	0.355	0.996
7710c1bd275b8d3816f9cd396e4e65814337bdf886aa89294e17959ee841432f	07956f5bed9e403e0ed268645131d51ae1800a58c0cf3fdb085e488a4d155adf	33.900	253	0.360	0.917
7710c1bd275b8d3816f9cd396e4e65814337bdf886aa89294e17959ee841432f	3b8ecbcd1e68dd2389bf41ad2acd97eb11511026bd7f2e602f7b2158a05242d8	34.000	249	0.355	1.000
7710c1bd275b8d3816f9cd396e4e65814337bdf886aa89294e17959ee841432f	312c4ea67e7ed6a83ebed722b1d9b1fad057b3e182a587255ce8bee2dc5501c2	34.000	249	0.355	0.992
7710c1bd275b8d3816f9cd396e4e65814337bdf886aa89294e17959ee841432f	1f3efed2b8b33cfb73bf7df0fa0179f67d8bcb70046358bf385a20948acd6a4c	34.300	252	0.360	0.913
7710c1bd275b8d3816f9cd396e4e65814337bdf886aa89294e17959ee841432f	582c0134c84d6538a5d934b599575fb83f28e8b48499821229e8ca8a81a37601	34.400	248	0.355	0.996
7710c1bd275b8d3816f9cd396e4e65814337bdf886aa89294e17959ee841432f	7128524ac4f589df23402a7fe5e87d05fc7f70705fbec868bd9460b115d75ac6	34.400	248	0.355	0.988
7710c1bd275b8d3816f9cd396e4e65814337bdf886aa89294e17959ee841432f	c2aab3baff1ab344d1078eea0ad74dbf229b95fc2cfc6545c193469448bf043d	34.400	248	0.355	0.988
7710c1bd275b8d3816f9cd396e4e65814337bdf886aa89294e17959ee841432f	d99252c7faa40d2b6ad5c6823e00330bba5b2c85e01669f65ba677232e6057fb	34.500	251	0.356	0.839
7710c1bd275b8d3816f9cd396e4e65814337bdf886aa89294e17959ee841432f	11b40d9a0b2ea6a9ed7cfe2214d672b70c04584e083a112e55bcb30eb6b26b36	34.000	247	0.355	0.988
7710c1bd275b8d3816f9cd396e4e65814337bdf886aa89294e17959ee841432f	1750e91044a77128d42c1375377873e4b5261feb12b42ce0b6a88597c3f6ea6e	34.000	252	0.355	0.992
7710c1bd275b8d3816f9cd396e4e65814337bdf886aa89294e17959ee841432f	007058ddad806036fb43397db55aa7c63feee8868363660ae190ea5361199028	34.300	250	0.355	0.996
7710c1bd275b8d3816f9cd396e4e65814337bdf886aa89294e17959ee841432f	51e9ca2040f970857f5cb09ead5cbe08fb896d7f7cbd6ec7b5670a902672dd78	33.000	243	0.346	0.984
7710c1bd275b8d3816f9cd396e4e65814337bdf886aa89294e17959ee841432f	687b2f31634f491ee83f98cfc61791bf7bf1e6b5886f5c6ebd7819bcb026628a	31.000	238	0.346	0.970
7710c1bd275b8d3816f9cd396e4e65814337bdf886aa89294e17959ee841432f	51fa8f59cfd17d4a3e76eae4f52f2c85ff7afa9a28c2dfa4d5dd01d912b074b7	33.000	248	0.360	0.964
7710c1bd275b8d3816f9cd396e4e65814337bdf886aa89294e17959ee841432f	4c7348821ded786aaaedc5ab204821462fcb288c0784b636915735479f7d1128	32.700	248	0.360	0.964
7710c1bd275b8d3816f9cd396e4e65814337bdf886aa89294e17959ee841432f	1a984f34322f1fa7a7d0644aa8279a2efb874cc599e6afbd477a09b28786f41f	32.800	248	0.360	0.964
7710c1bd275b8d3816f9cd396e4e65814337bdf886aa89294e17959ee841432f	c5f1f68cfe8c2c06201cbe58863f7f8b2cfbf675eb805bec926f372b8f637988	33.500	146	0.201	0.993
c802cb1803b1960858bfa4fb19ac5c2a9e3fb7dd0e2931c4ee808c4caa982122	a426859c2fdaf6ce556797ba9048d775c7853dfeea9e1be2f544a000e9a7c471	27.800	268	0.399	0.992
c802cb1803b1960858bfa4fb19ac5c2a9e3fb7dd0e2931c4ee808c4caa982122	758d865388f9fb3767bd99e055023bdbb10a8511eaa54e1b2a2d077116f8f85e	28.100	268	0.399	0.996
c802cb1803b1960858bfa4fb19ac5c2a9e3fb7dd0e2931c4ee808c4caa982122	491838c637e038b138dac34f5b8b71838602a60419529e159fadf49d2e3af3b5	27.900	292	0.435	0.978
c802cb1803b1960858bfa4fb19ac5c2a9e3fb7dd0e2931c4ee808c4caa982122	b5366aedc0c5463f45d8169155354aff98174536acc94905c952ebde0c831474	27.800	268	0.399	0.996
c802cb1803b1960858bfa4fb19ac5c2a9e3fb7dd0e2931c4ee808c4caa982122	3c51fd8ce37aae2bc11be90007fc5e8fea0cb798244ef1d8b10f73b3eef069f4	31.300	195	0.290	0.739
c802cb1803b1960858bfa4fb19ac5c2a9e3fb7dd0e2931c4ee808c4caa982122	574136d04122b4f76ba4a35fe14358fc550b21feb1e28cbd5c6d3c75e5453140	27.400	268	0.399	0.963
c802cb1803b1960858bfa4fb19ac5c2a9e3fb7dd0e2931c4ee808c4caa982122	ae227c5db744050b1d4e017463be97ea7221290db0bc24ddfabdec712960f7dc	27.400	268	0.399	0.956
c802cb1803b1960858bfa4fb19ac5c2a9e3fb7dd0e2931c4ee808c4caa982122	77ce10b393d7c42ee0cc93f38875a7ed73f6ed58987c97e0201b8f668e125179	27.100	268	0.399	0.992
c802cb1803b1960858bfa4fb19ac5c2a9e3fb7dd0e2931c4ee808c4caa982122	85b8dbaf5a7b0abe6681ef70e623d182dbfff360e0f03f47f7ed66e28d132c3d	23.600	237	0.353	0.880
c802cb1803b1960858bfa4fb19ac5c2a9e3fb7dd0e2931c4ee808c4caa982122	328e638a411108e4961f36b4ea742215b2821b6befbfd1094f81bb1e6f2400d3	23.000	237	0.353	0.841
c802cb1803b1960858bfa4fb19ac5c2a9e3fb7dd0e2931c4ee808c4caa982122	68d263d272df663782771e2727284513a09392e75322585eda09bf6ddc900f1c	23.400	237	0.353	0.841
c802cb1803b1960858bfa4fb19ac5c2a9e3fb7dd0e2931c4ee808c4caa982122	f80e1775e278cea20cecb990244fc2a7a447c134d61ff83da85fa797e835656c	22.600	278	0.366	0.818
c802cb1803b1960858bfa4fb19ac5c2a9e3fb7dd0e2931c4ee808c4caa982122	b5c11c0dca4639290f955618958d3b0b3ddee5d571c0bc843f46eb3ec8f9f64d	26.700	268	0.399	0.992
c802cb1803b1960858bfa4fb19ac5c2a9e3fb7dd0e2931c4ee808c4caa982122	51ef49071b00d7a6a46b4542281759edc65979fecde61d1976cecf1b7788a67f	22.900	237	0.353	0.881
c802cb1803b1960858bfa4fb19ac5c2a9e3fb7dd0e2931c4ee808c4caa982122	f8fa617d2196c2e2b556c159f13fa36392d2ec75381cdfd61630428855cd1ebc	26.500	211	0.296	0.738
c802cb1803b1960858bfa4fb19ac5c2a9e3fb7dd0e2931c4ee808c4caa982122	44c347a34540830b3c891da8b1b80b87d9b112189e3eab48527c3a6fc174c606	28.900	202	0.301	0.298
c802cb1803b1960858bfa4fb19ac5c2a9e3fb7dd0e2931c4ee808c4caa982122	c48df3a3b69a9575bf4a900f3905a1771f2e66e7e479b890fbe23c2ccda5c08f	29.300	202	0.301	0.295
c802cb1803b1960858bfa4fb19ac5c2a9e3fb7dd0e2931c4ee808c4caa982122	4210ad916b05ae2d57914160a5eb05d99281d9eee50fb1b4b161261a25566768	25.100	216	0.298	0.742
c802cb1803b1960858bfa4fb19ac5c2a9e3fb7dd0e2931c4ee808c4caa982122	e059cd0b395629825e28e0e9782d4b5659ff334b13a60e6c08c6e7ec61b98481	23.700	214	0.318	0.847
c802cb1803b1960858bfa4fb19ac5c2a9e3fb7dd0e2931c4ee808c4caa982122	5fa8eb3391506fd7ae0f7e88f9e55613d660c21ad459d84c6a88f235038a0789	31.100	93	0.128	0.313
a27be177305f105d5f37964696633b0be97f84d76d9ce2ee04747e0896f1fbcb	328e638a411108e4961f36b4ea742215b2821b6befbfd1094f81bb1e6f2400d3	26.500	239	0.354	0.863
a27be177305f105d5f37964696633b0be97f84d76d9ce2ee04747e0896f1fbcb	68d263d272df663782771e2727284513a09392e75322585eda09bf6ddc900f1c	27.300	239	0.354	0.863
a27be177305f105d5f37964696633b0be97f84d76d9ce2ee04747e0896f1fbcb	85b8dbaf5a7b0abe6681ef70e623d182dbfff360e0f03f47f7ed66e28d132c3d	26.700	239	0.354	0.904
a27be177305f105d5f37964696633b0be97f84d76d9ce2ee04747e0896f1fbcb	51ef49071b00d7a6a46b4542281759edc65979fecde61d1976cecf1b7788a67f	26.400	239	0.354	0.905
a27be177305f105d5f37964696633b0be97f84d76d9ce2ee04747e0896f1fbcb	491838c637e038b138dac34f5b8b71838602a60419529e159fadf49d2e3af3b5	23.800	272	0.402	0.937
a27be177305f105d5f37964696633b0be97f84d76d9ce2ee04747e0896f1fbcb	a426859c2fdaf6ce556797ba9048d775c7853dfeea9e1be2f544a000e9a7c471	25.900	211	0.312	0.779
a27be177305f105d5f37964696633b0be97f84d76d9ce2ee04747e0896f1fbcb	758d865388f9fb3767bd99e055023bdbb10a8511eaa54e1b2a2d077116f8f85e	25.900	211	0.312	0.783
a27be177305f105d5f37964696633b0be97f84d76d9ce2ee04747e0896f1fbcb	b5366aedc0c5463f45d8169155354aff98174536acc94905c952ebde0c831474	25.900	211	0.312	0.779
a27be177305f105d5f37964696633b0be97f84d76d9ce2ee04747e0896f1fbcb	3c51fd8ce37aae2bc11be90007fc5e8fea0cb798244ef1d8b10f73b3eef069f4	25.500	238	0.352	0.886
a27be177305f105d5f37964696633b0be97f84d76d9ce2ee04747e0896f1fbcb	1959ae5adb4a7d1e7ad58239d3f45f722f3332c800dc0a1aa96992cc3e58ac7b	25.200	247	0.365	0.786
a27be177305f105d5f37964696633b0be97f84d76d9ce2ee04747e0896f1fbcb	f80e1775e278cea20cecb990244fc2a7a447c134d61ff83da85fa797e835656c	22.400	285	0.374	0.838
a27be177305f105d5f37964696633b0be97f84d76d9ce2ee04747e0896f1fbcb	574136d04122b4f76ba4a35fe14358fc550b21feb1e28cbd5c6d3c75e5453140	23.500	271	0.401	0.955
a27be177305f105d5f37964696633b0be97f84d76d9ce2ee04747e0896f1fbcb	ae227c5db744050b1d4e017463be97ea7221290db0bc24ddfabdec712960f7dc	23.500	271	0.401	0.948
a27be177305f105d5f37964696633b0be97f84d76d9ce2ee04747e0896f1fbcb	77ce10b393d7c42ee0cc93f38875a7ed73f6ed58987c97e0201b8f668e125179	25.000	211	0.312	0.777
a27be177305f105d5f37964696633b0be97f84d76d9ce2ee04747e0896f1fbcb	b5c11c0dca4639290f955618958d3b0b3ddee5d571c0bc843f46eb3ec8f9f64d	24.500	211	0.312	0.772
a27be177305f105d5f37964696633b0be97f84d76d9ce2ee04747e0896f1fbcb	f8ff22990451036197f5072d6a17a7641c8b10a02bbf51a5015fa3168f97368b	22.400	236	0.324	0.667
a27be177305f105d5f37964696633b0be97f84d76d9ce2ee04747e0896f1fbcb	f67440d144eccf45ba283ad06b97d82d895bc1791d687baf2e8228463e340c3d	22.100	234	0.324	0.667
a27be177305f105d5f37964696633b0be97f84d76d9ce2ee04747e0896f1fbcb	44c347a34540830b3c891da8b1b80b87d9b112189e3eab48527c3a6fc174c606	34.300	98	0.145	0.134
a27be177305f105d5f37964696633b0be97f84d76d9ce2ee04747e0896f1fbcb	c48df3a3b69a9575bf4a900f3905a1771f2e66e7e479b890fbe23c2ccda5c08f	34.300	98	0.145	0.133
a27be177305f105d5f37964696633b0be97f84d76d9ce2ee04747e0896f1fbcb	e059cd0b395629825e28e0e9782d4b5659ff334b13a60e6c08c6e7ec61b98481	26.100	147	0.217	0.665
6c35cd1282da037f96ef88d9bd0a167b581ba2c845bc453f2ed78aa6760ca879	018007b895d09593197c37117d7d02ad5a651c98423c4f020093b1e165236812	96.600	414	0.344	1.000
6c35cd1282da037f96ef88d9bd0a167b581ba2c845bc453f2ed78aa6760ca879	cbf2c9c07b59863dd6a6be6eed0aff1614c180d3803d3866261350670ce773dd	94.900	416	0.346	1.000
6c35cd1282da037f96ef88d9bd0a167b581ba2c845bc453f2ed78aa6760ca879	8a913c276143f62acec397effb3e40c9420e8efbdf31dd717a89491290653124	96.300	415	0.345	1.000
6c35cd1282da037f96ef88d9bd0a167b581ba2c845bc453f2ed78aa6760ca879	cbdfdde08cd44771fe14aab2f590d3d0a6f72b5aabca18f965b79b3a8bb2db30	96.300	414	0.344	1.000
6c35cd1282da037f96ef88d9bd0a167b581ba2c845bc453f2ed78aa6760ca879	f77a2a1605eee5c82287e9853289f21b94aff1506ee9073269bfb663158ceb37	94.900	414	0.344	1.000
6c35cd1282da037f96ef88d9bd0a167b581ba2c845bc453f2ed78aa6760ca879	d789f0e2bd11718276affbd45591c161062886acbfc64b1925abb7a713195062	96.300	413	0.343	1.000
6c35cd1282da037f96ef88d9bd0a167b581ba2c845bc453f2ed78aa6760ca879	778543a3e07762250a2356b05f7a28e4636ab2193e60208cee2ea9f0dc36c8cc	93.700	417	0.347	1.000
6c35cd1282da037f96ef88d9bd0a167b581ba2c845bc453f2ed78aa6760ca879	718e9368e542b2836378d971fdcab2ea04e1068530547c167e0d103abf0dd68e	93.200	416	0.346	1.000
6c35cd1282da037f96ef88d9bd0a167b581ba2c845bc453f2ed78aa6760ca879	b66e414f9c970f1f72754aa3020ef12e315f3c1400fcfe7f0b0953059a1feb71	93.000	416	0.346	1.000
6c35cd1282da037f96ef88d9bd0a167b581ba2c845bc453f2ed78aa6760ca879	edb6510cc4e7e5dc308458a1440dd1e9708d542c56686b03c4a5e8041d333d34	92.900	414	0.344	1.000
6c35cd1282da037f96ef88d9bd0a167b581ba2c845bc453f2ed78aa6760ca879	4b3b55a1e48510542e8a8a4625112441d9859df27cf58dae24efd40aa4afcdcc	92.500	416	0.346	1.000
6c35cd1282da037f96ef88d9bd0a167b581ba2c845bc453f2ed78aa6760ca879	f5496ab19820e5da30062403f9cf45d6006d1e4ce564cdc0fbd33ea4ab04de15	93.200	414	0.344	1.000
6c35cd1282da037f96ef88d9bd0a167b581ba2c845bc453f2ed78aa6760ca879	eb4e97297583fcad4f340af165785c325d7a8929eff52a9f264541320055f13a	92.700	416	0.346	1.000
6c35cd1282da037f96ef88d9bd0a167b581ba2c845bc453f2ed78aa6760ca879	83c870ee72a0b3e81249f63e9c8251308c1a0890d839243f00a6dbd0f97a2a6d	92.700	414	0.344	1.000
6c35cd1282da037f96ef88d9bd0a167b581ba2c845bc453f2ed78aa6760ca879	9be3a7e9686054cb2709a46de497d078a31ea5ec0a8b23823e03e9ca2a8a2899	92.700	416	0.346	1.000
6c35cd1282da037f96ef88d9bd0a167b581ba2c845bc453f2ed78aa6760ca879	76816449ab34ce50a131f6de1a200d2bb403a900b82d0ae451dfc90643b4676b	92.500	416	0.346	1.000
6c35cd1282da037f96ef88d9bd0a167b581ba2c845bc453f2ed78aa6760ca879	0da8738482c37775a0441897ebeda0aadebee37d782780d5a0281a08085fd8b1	92.300	416	0.346	1.000
6c35cd1282da037f96ef88d9bd0a167b581ba2c845bc453f2ed78aa6760ca879	8a451aabb7c9794733acad9716f485da0bbe0a79cd3ae93c8b5b9b4757ebcebf	92.500	414	0.344	1.000
6c35cd1282da037f96ef88d9bd0a167b581ba2c845bc453f2ed78aa6760ca879	9c3650926c9e63756c5ee75ae12abc10e4a24d83c02b81b2d1434843e57db8e6	92.900	414	0.344	1.000
6c35cd1282da037f96ef88d9bd0a167b581ba2c845bc453f2ed78aa6760ca879	d7e4834260dc528625aaa39aeb2c71506507223aab8260a334b9bd89a52e999c	92.500	414	0.344	1.000
beec7f48b884ff00dab1aa4e52663858ce7c00a8499385c4008b88cd8c058176	a0610e293348b285d2ddaa3c216fa020850342fd338659c51de94433ac694616	99.400	173	0.428	1.000
e1f81876efdc0beaa353f6e606c50edee6389f07fe0f7785a6501be80f75abdc	3032b12ebb439002914cab13c1f945e5c45796b5468a024e4763685f0211e4d6	100.000	141	0.560	1.000
e1f81876efdc0beaa353f6e606c50edee6389f07fe0f7785a6501be80f75abdc	31536d8527fd366106eaa41928a37453cefd3519582dbb6972af7a23560c218e	100.000	140	0.556	1.000
e1f81876efdc0beaa353f6e606c50edee6389f07fe0f7785a6501be80f75abdc	f9246db65cc3ba68ad84a89924613845d0a20da094cd6d9834488bd24e6e1ae7	97.800	141	0.560	1.000
e1f81876efdc0beaa353f6e606c50edee6389f07fe0f7785a6501be80f75abdc	b243d4afb732e58d112db1c6c0e20bbed2c16c12cb103992cc899277a0d12dfd	100.000	123	0.488	0.992
e1f81876efdc0beaa353f6e606c50edee6389f07fe0f7785a6501be80f75abdc	38b78a6806c3c8e80f4d6812f8414a772766edbaac31febc5a7cb7d71dd6a090	64.200	123	0.488	0.992
e1f81876efdc0beaa353f6e606c50edee6389f07fe0f7785a6501be80f75abdc	ad7bfe176b5e7c30dac8a8efb59488b64dba0dd5c452a08b844530dd9058572a	64.200	123	0.488	0.984
e1f81876efdc0beaa353f6e606c50edee6389f07fe0f7785a6501be80f75abdc	d5f5a227e89cd9ac199ee02023ed13d4f98afd41fd03d1f6108e632d17219d9e	64.200	123	0.488	0.976
e1f81876efdc0beaa353f6e606c50edee6389f07fe0f7785a6501be80f75abdc	fd76521c6b4831258f33246dd600a6d88fd647833e210fde54225349bd240e01	54.700	136	0.540	0.971
e1f81876efdc0beaa353f6e606c50edee6389f07fe0f7785a6501be80f75abdc	6ae20d5291e1b993b37d5d0bae8b7dfcc10bfff03ac06c50a0ad33bf755ffde2	54.700	136	0.540	0.964
e1f81876efdc0beaa353f6e606c50edee6389f07fe0f7785a6501be80f75abdc	47c760e594b1efedbb7b29b89d99d8aa51aaf6e81508012b115828ed47e27075	40.000	145	0.544	0.948
e1f81876efdc0beaa353f6e606c50edee6389f07fe0f7785a6501be80f75abdc	bbe35edaa67fe3d1ceca8199b00b62ca672ac699c8d4f85fec1480e1e7e5f02b	39.200	140	0.524	0.979
e1f81876efdc0beaa353f6e606c50edee6389f07fe0f7785a6501be80f75abdc	12a431225d8f8fd6f3ba2a26640e9c2601068155fd0b13ae38a5e59fdca72a00	39.200	140	0.524	0.915
e1f81876efdc0beaa353f6e606c50edee6389f07fe0f7785a6501be80f75abdc	ffdcc97e22756e86e5cbf11445265618b67e3384bfd341a9746512bbb20effcb	39.000	128	0.496	0.985
e1f81876efdc0beaa353f6e606c50edee6389f07fe0f7785a6501be80f75abdc	a87875ee90f3db4ffb71ab76360eb2f27d0c016cdf2b6bf0c39740c32a24562b	39.000	128	0.496	0.977
e1f81876efdc0beaa353f6e606c50edee6389f07fe0f7785a6501be80f75abdc	20718924a78720af248c78b2bbe1437e25e085a0f19d095847c58559f68facb1	39.000	128	0.496	0.941
e1f81876efdc0beaa353f6e606c50edee6389f07fe0f7785a6501be80f75abdc	dd08ad2acc12a76f1bcd91d2a5ea9f878f1ff574655e2f106d99e36eb2c86a1e	39.000	128	0.496	0.934
e1f81876efdc0beaa353f6e606c50edee6389f07fe0f7785a6501be80f75abdc	363fff1ccc585bb8641e177a680256540afd5f82053b35e7ba14e4de0b0c5df6	39.000	128	0.496	0.928
e1f81876efdc0beaa353f6e606c50edee6389f07fe0f7785a6501be80f75abdc	92ebfbb5c00e9b7233bedfce3bffd1bb6ae25fa91b129eddcda2759f8837a4a9	39.000	128	0.496	0.914
e1f81876efdc0beaa353f6e606c50edee6389f07fe0f7785a6501be80f75abdc	5a8ab87ece62ec7469cee4e7e9ffe8629cc15044ec813bce775938aee9cf99a3	38.200	128	0.496	0.889
e1f81876efdc0beaa353f6e606c50edee6389f07fe0f7785a6501be80f75abdc	2ca9893ba9536ebe7006c00ad43d35c0543c37044aee132be25a819faba7522c	38.800	126	0.488	0.977
a3095681f690b2ae6282a9116df5485f601548b49602ebf94ef3c4eff4d99b55	5fced17443c7980bd3b3f7234ed862d890b9edec6516393a8144b4fc67712629	100.000	452	0.899	1.000
a3095681f690b2ae6282a9116df5485f601548b49602ebf94ef3c4eff4d99b55	635af034ba451a9e5ebd5b1ea7c4622ba4fdae3649b841923b331d303d7a767d	24.200	380	0.724	0.824
a3095681f690b2ae6282a9116df5485f601548b49602ebf94ef3c4eff4d99b55	0b8bc738ca9aea9c7ecd75a3804109c4452fc7dcaa1fd73825d117c3906779d8	24.200	381	0.724	0.826
a3095681f690b2ae6282a9116df5485f601548b49602ebf94ef3c4eff4d99b55	3138dd7b2a03500282178d149304d17e91fc20a0fb1dddde50ab9f7055ca0814	24.100	382	0.724	0.827
a3095681f690b2ae6282a9116df5485f601548b49602ebf94ef3c4eff4d99b55	7dfc230828d7b7531078e9e5f494448c3e5c38284c47c1b9e15eaa5052b7220a	23.300	415	0.825	0.916
a3095681f690b2ae6282a9116df5485f601548b49602ebf94ef3c4eff4d99b55	bbacaadd16eba82b64f703ec60249882617b5023cfc51dc71e7ea86362bd5ff5	23.300	415	0.825	0.912
a3095681f690b2ae6282a9116df5485f601548b49602ebf94ef3c4eff4d99b55	e1a931b383aac3eee8d451af51cd9da07eac0c651c79fb656c4fe68e979db199	28.600	195	0.384	0.432
a3095681f690b2ae6282a9116df5485f601548b49602ebf94ef3c4eff4d99b55	3742631919af86ee0d99d4592750921b9ae408c3f3914b5fdcffb1388670d911	26.000	197	0.374	0.520
a3095681f690b2ae6282a9116df5485f601548b49602ebf94ef3c4eff4d99b55	aa3a081d1ed18b7f0b3378bf2a1237753b6f7bb3b63b60b7fb3215c909acf232	30.000	183	0.350	0.395
a3095681f690b2ae6282a9116df5485f601548b49602ebf94ef3c4eff4d99b55	2fa31d0ab42803895013b9ebfa3f5de7369bc4842b7ab2299f0ece59de830e91	30.000	183	0.350	0.394
a3095681f690b2ae6282a9116df5485f601548b49602ebf94ef3c4eff4d99b55	d19caaaa84e8546da85db2f88bd02077f221c857d4fa3d481dbe6ab879392b43	22.300	415	0.825	0.901
a3095681f690b2ae6282a9116df5485f601548b49602ebf94ef3c4eff4d99b55	02420138b550828c0a4476f45794c3cd5415c770a8873c752800a0b526b71b54	21.800	415	0.825	0.902
a3095681f690b2ae6282a9116df5485f601548b49602ebf94ef3c4eff4d99b55	23e12dd5e3c254365ed3e10aefad220d9f9b330ffb672f5fe468b398c6479672	22.600	425	0.825	0.908
a3095681f690b2ae6282a9116df5485f601548b49602ebf94ef3c4eff4d99b55	a93f8463471a9563ec1f1ad54e13e7ff373f5269bf10a63f0c99de9953ae5bba	28.100	173	0.334	0.389
a3095681f690b2ae6282a9116df5485f601548b49602ebf94ef3c4eff4d99b55	0e7b7f7a42951cbac775b2fbb1c153a662af268f14de4529c8d901b72159fdd0	28.100	173	0.334	0.388
a3095681f690b2ae6282a9116df5485f601548b49602ebf94ef3c4eff4d99b55	c224348e42f133710c0e3e8881032b7681787a72803f5502d0391821652d3610	28.100	173	0.334	0.384
a3095681f690b2ae6282a9116df5485f601548b49602ebf94ef3c4eff4d99b55	670b877a5d39ac829d8edf619d1594f722712ce227b49da56bff06f125da0dbe	28.100	173	0.334	0.372
a3095681f690b2ae6282a9116df5485f601548b49602ebf94ef3c4eff4d99b55	a8ab4bbd5da21216afb5487736c1c7d74226570b1123774f4196cd3f876fb691	22.500	344	0.662	0.756
a3095681f690b2ae6282a9116df5485f601548b49602ebf94ef3c4eff4d99b55	4b87def6009fa7b5ca1c22f0d5ea1d5ad65fd38c972deffb4b4847c045d06f68	26.900	182	0.348	0.395
a3095681f690b2ae6282a9116df5485f601548b49602ebf94ef3c4eff4d99b55	c1b02141152311ae00254d621c58a600fd841bb227d1aeca38c0e6a2a70a3768	21.600	185	0.368	0.461
bd9f6f983788656c30eedba451bc61f675e95fce59bd31f4756f9b3b33553b0f	12f974dd3bea64cba77b2ff8f6fa1a64730eb2916a7a26d7d8ebb708df817882	60.400	298	0.940	0.990
bd9f6f983788656c30eedba451bc61f675e95fce59bd31f4756f9b3b33553b0f	f20e8b762edb5923b68fd73d52c86578081522a05ffea65eee882e5ec8aa8fa7	60.400	298	0.940	0.990
bd9f6f983788656c30eedba451bc61f675e95fce59bd31f4756f9b3b33553b0f	669b46ad72c195278f9b416a5cedfd42431a6fa58dc088c350de6014a1c9a3b6	61.400	301	0.950	0.997
bd9f6f983788656c30eedba451bc61f675e95fce59bd31f4756f9b3b33553b0f	456bcf7f4b732cb0b81eb45c883a736ca0fcd40decdbcf5798d161cf3d7d7f38	61.500	299	0.943	0.997
bd9f6f983788656c30eedba451bc61f675e95fce59bd31f4756f9b3b33553b0f	ffaac0f2a50ce54321d6b3090a1a34a960ad725bc91049b586d2c73be8330df2	61.900	292	0.921	0.989
bd9f6f983788656c30eedba451bc61f675e95fce59bd31f4756f9b3b33553b0f	debe68653d8084ab1a85355dc1aa29a51091d7229c8cec1f6b169dcbc05557ba	61.700	290	0.915	0.982
bd9f6f983788656c30eedba451bc61f675e95fce59bd31f4756f9b3b33553b0f	b1f972148e02fa876cf2d49396cbca03c743d836c39c9b2f0e25e3b6782c7d2a	62.000	290	0.915	0.986
bd9f6f983788656c30eedba451bc61f675e95fce59bd31f4756f9b3b33553b0f	d333312a77e399c3a4016ba815bf10002f6589d9ec3e0ee4bcc6f88599463478	62.500	288	0.909	0.986
bd9f6f983788656c30eedba451bc61f675e95fce59bd31f4756f9b3b33553b0f	5118ce7569282a8ade4cb8494b7171dd21f4b9d306c32530bfcfd99bf6db21e6	55.600	293	0.924	0.569
bd9f6f983788656c30eedba451bc61f675e95fce59bd31f4756f9b3b33553b0f	32e9a2fadbd6dceccd6fe5e9d58347610a16c6b4e880583a63588b06df44007d	55.600	293	0.924	0.554
bd9f6f983788656c30eedba451bc61f675e95fce59bd31f4756f9b3b33553b0f	d8278a183153c53bbc88606fcd6734057f45480e99fce04073137dd840e8d795	55.600	293	0.924	0.552
bd9f6f983788656c30eedba451bc61f675e95fce59bd31f4756f9b3b33553b0f	4a2ed76ead43c9dfef7b6d8bb84b95bed9ac88c799fd4c6b5a2b075e4db9061f	55.600	293	0.924	0.551
bd9f6f983788656c30eedba451bc61f675e95fce59bd31f4756f9b3b33553b0f	10db499d2ef742a973f1914598828f95a4041979672e18b359210e34acd0c95e	55.600	293	0.924	0.550
bd9f6f983788656c30eedba451bc61f675e95fce59bd31f4756f9b3b33553b0f	c61ad568e98e58b36228b9c5170e15ea8100813cb16a71c84b7823f38b15eeab	55.600	293	0.924	0.549
bd9f6f983788656c30eedba451bc61f675e95fce59bd31f4756f9b3b33553b0f	9b6e15256002f3fbedf8f3f51bc7e215f1e48572a89f3f5af452fe53a78ec530	55.600	293	0.924	0.549
bd9f6f983788656c30eedba451bc61f675e95fce59bd31f4756f9b3b33553b0f	12379b403a9469cadd2f659b8110b939de40dc379911f34290b7b7b898de4f38	55.600	293	0.924	0.545
bd9f6f983788656c30eedba451bc61f675e95fce59bd31f4756f9b3b33553b0f	d6ed57243bfa9bd9b1802a130ac586ae11fd21197a3148cae3bb05cdfa16e28a	51.600	300	0.946	0.566
bd9f6f983788656c30eedba451bc61f675e95fce59bd31f4756f9b3b33553b0f	9d4d1802a87b948ba31ec1ca5f5ec833b53f9149958449e3b2c53c319b7eaff3	51.600	300	0.946	0.565
bd9f6f983788656c30eedba451bc61f675e95fce59bd31f4756f9b3b33553b0f	deba864c514eb42b99bfb3cacba47a7309b36f9f3ddd8342360206e0195e653c	52.000	300	0.946	0.875
bd9f6f983788656c30eedba451bc61f675e95fce59bd31f4756f9b3b33553b0f	6bee24c384d620bb86b435d139e9cf50bd8efbc5267792b5cbb5c65513f39e0b	52.000	300	0.946	0.872
543040e7feb75e065b72d6e9a8b490728cdcc607a6514868b14846251c0b0010	650f6645e23b5747194913c513e9421afa2e9d9d2d283154d9be0d9ea1973c17	98.200	562	0.187	1.000
543040e7feb75e065b72d6e9a8b490728cdcc607a6514868b14846251c0b0010	469a69942af8369a178042475b004071787f0574134d68ddb649da1d3a8aff90	87.500	563	0.187	1.000
543040e7feb75e065b72d6e9a8b490728cdcc607a6514868b14846251c0b0010	5a6e26f83706893944babfb9b9ffbaf1bccbecfe74c1324a8643473dd2aebcbb	87.200	563	0.187	1.000
543040e7feb75e065b72d6e9a8b490728cdcc607a6514868b14846251c0b0010	e25b49cd862fe9d0f0fa73d3e2c495905f143ff03257479598d32dc8dcdae301	87.100	562	0.187	1.000
543040e7feb75e065b72d6e9a8b490728cdcc607a6514868b14846251c0b0010	c4e116ba96bc69e8dc173de08be19b24b4da36c64272d51450c4922ac7c3db16	86.800	563	0.187	0.998
543040e7feb75e065b72d6e9a8b490728cdcc607a6514868b14846251c0b0010	dce5673abc1b879b6234c45cb5d1c794dbe9dd51edf49f636c137a26ce1b8246	87.000	562	0.187	1.000
543040e7feb75e065b72d6e9a8b490728cdcc607a6514868b14846251c0b0010	cf1a4eb4b68b2681ba9f94aca494ff6b72f449798042a539f2b49cbe3a023d1a	85.600	565	0.188	1.000
543040e7feb75e065b72d6e9a8b490728cdcc607a6514868b14846251c0b0010	377722ac48d7d08ae33e234a08009556e8213c8166d2438fe9e29a5edc6aacad	85.600	565	0.188	0.998
543040e7feb75e065b72d6e9a8b490728cdcc607a6514868b14846251c0b0010	e323c002cd2fa112a39eb5c472434fdf70111265a34259399ec07a86ad29bcc8	86.800	562	0.187	1.000
543040e7feb75e065b72d6e9a8b490728cdcc607a6514868b14846251c0b0010	f423d1c0fdf6257a2a2b8e39ca4042f948bb7e63dc34439e9dceeca00733407f	86.600	563	0.187	1.000
543040e7feb75e065b72d6e9a8b490728cdcc607a6514868b14846251c0b0010	81ceeab0eb4dbddc205db694642fa6298acbaa0336811bcce589bda8b2851945	86.300	565	0.188	0.998
543040e7feb75e065b72d6e9a8b490728cdcc607a6514868b14846251c0b0010	d10fc25a8deb50bed84f400724137033494471d6492e3cab9b9b91ad68db31db	86.500	563	0.187	1.000
543040e7feb75e065b72d6e9a8b490728cdcc607a6514868b14846251c0b0010	70264360e0225dd1ded7084cc62779bcb975e9bd197821b6410623d5afb5c4bb	86.400	562	0.187	1.000
543040e7feb75e065b72d6e9a8b490728cdcc607a6514868b14846251c0b0010	71dccbce63479c6632b273b4e7f954bfa0f463671d407addd382bd7f707bf256	86.400	562	0.187	1.000
543040e7feb75e065b72d6e9a8b490728cdcc607a6514868b14846251c0b0010	4f16623a80ceca57be5fa99369f6706556be168ebbf53b6ffacfd04489b6284e	86.100	563	0.187	1.000
543040e7feb75e065b72d6e9a8b490728cdcc607a6514868b14846251c0b0010	55b92ff4a819245bc403a401f14bce12ce018c95fd65673a0a58faeebf9894b9	84.900	563	0.187	1.000
543040e7feb75e065b72d6e9a8b490728cdcc607a6514868b14846251c0b0010	66b0932694380ea8af911649332f060c1cce3b8521d1f2639cc3a365e9234916	87.300	531	0.176	1.000
543040e7feb75e065b72d6e9a8b490728cdcc607a6514868b14846251c0b0010	48fd50a6ca47ae72f959fdbb2d0842b4f060e45bb1afd291f1a6670eb89adbe0	85.300	533	0.177	1.000
543040e7feb75e065b72d6e9a8b490728cdcc607a6514868b14846251c0b0010	59a4e3396708ac402ab9ee59908ac8c11b6d2608bb4d74b41b8e872664c701c9	74.200	548	0.182	1.000
543040e7feb75e065b72d6e9a8b490728cdcc607a6514868b14846251c0b0010	9f9982750dee084585a16516f17dd6f5430f685085f180bd752475270670788d	97.600	125	0.042	0.984
59afaf3c8774c9cec06a003e9fa0d1fb1da47637c45ea570236e0ca79b5a0a44	85803917daff29a4642541bd3d0ecf45184836d56d194e96bd2ade5758c969a7	100.000	247	0.415	1.000
59afaf3c8774c9cec06a003e9fa0d1fb1da47637c45ea570236e0ca79b5a0a44	9570802702ca367be5fd0781762ae84761694bb5754a12b8ba99c78a02eb90fe	100.000	246	0.413	1.000
59afaf3c8774c9cec06a003e9fa0d1fb1da47637c45ea570236e0ca79b5a0a44	2f9e1c4c76ecd634acfce0d5a8db59c95e0f43e9b2af91143e9727d433c78ec1	100.000	246	0.413	1.000
59afaf3c8774c9cec06a003e9fa0d1fb1da47637c45ea570236e0ca79b5a0a44	c8a0281ad5af81a869013eb17314d81544f823606f389b0ecf94682a1ba30d1a	100.000	245	0.412	1.000
59afaf3c8774c9cec06a003e9fa0d1fb1da47637c45ea570236e0ca79b5a0a44	dcb06053e5476fa47f4a3b5236c7a9567d7cdf33a977afd833a92813300cafeb	100.000	245	0.412	1.000
59afaf3c8774c9cec06a003e9fa0d1fb1da47637c45ea570236e0ca79b5a0a44	b07bdf70d0bdd33d66f8727d12bd6e763fdba0a4700a7ad5a53b9632be700bed	100.000	244	0.410	1.000
59afaf3c8774c9cec06a003e9fa0d1fb1da47637c45ea570236e0ca79b5a0a44	ecba70d8238e5ce7dcd50c82ff50fdaa0a88fffb50f47e387bbc480e2141779d	100.000	243	0.408	1.000
59afaf3c8774c9cec06a003e9fa0d1fb1da47637c45ea570236e0ca79b5a0a44	29d6e7874004873fc08bd542d6e2a4f29c665761d97198c8b05db5f0eb421c2c	99.500	245	0.412	1.000
59afaf3c8774c9cec06a003e9fa0d1fb1da47637c45ea570236e0ca79b5a0a44	6cc3b8ff7f4a4b6a3f22112fee5e9ed86507606bb833e5978da4d75b857fb91a	99.500	245	0.412	1.000
59afaf3c8774c9cec06a003e9fa0d1fb1da47637c45ea570236e0ca79b5a0a44	5b37fa77d1131c26112fd2933932afb5dde20ddd4919f20a5deeba8431210cbe	98.700	248	0.417	1.000
59afaf3c8774c9cec06a003e9fa0d1fb1da47637c45ea570236e0ca79b5a0a44	aac0173b027b3f8c7258aaf3f2a161511127a414d209fc8bedd1ee4823f21df9	99.500	243	0.408	0.996
59afaf3c8774c9cec06a003e9fa0d1fb1da47637c45ea570236e0ca79b5a0a44	00a369416661951bc0b4afd0e24c8cace2d37e9a715c407140aa70626fc41e51	99.100	245	0.412	1.000
59afaf3c8774c9cec06a003e9fa0d1fb1da47637c45ea570236e0ca79b5a0a44	78322fc394bfc178e78610037c18c4a57afbaaf0be172d0aa227e71f2c202cb0	98.700	246	0.413	1.000
59afaf3c8774c9cec06a003e9fa0d1fb1da47637c45ea570236e0ca79b5a0a44	074cc23dd5a2c53f40f468d3da2e501da35b1210713277d16a415429cfbb889b	99.500	240	0.403	1.000
59afaf3c8774c9cec06a003e9fa0d1fb1da47637c45ea570236e0ca79b5a0a44	b6d8d33d27cf0b205659da9badd8c88809b2fb904264bb12692cf1e5b42c5a75	99.500	239	0.402	1.000
59afaf3c8774c9cec06a003e9fa0d1fb1da47637c45ea570236e0ca79b5a0a44	804db55e61b5b41c7ebbd1c6d6a8d3aed4d5cba5ef3b5a5cdf994542b649243b	98.300	245	0.412	1.000
59afaf3c8774c9cec06a003e9fa0d1fb1da47637c45ea570236e0ca79b5a0a44	0a9767fa8eb5fda472a4d0d220a91c49bbfd0e3050f034b8def5e6bac207b028	98.300	245	0.412	1.000
59afaf3c8774c9cec06a003e9fa0d1fb1da47637c45ea570236e0ca79b5a0a44	bb170e56b5f4c937277e56ba5cfc02dcfc18c70b5c0982852f3a1560c5674ed9	95.400	240	0.403	1.000
59afaf3c8774c9cec06a003e9fa0d1fb1da47637c45ea570236e0ca79b5a0a44	4dbdfbb7b767c7b501f64c53d1b99082deff580327df5c71031e7a0e8c312456	100.000	223	0.375	1.000
59afaf3c8774c9cec06a003e9fa0d1fb1da47637c45ea570236e0ca79b5a0a44	4e254913f3f25c6702b2e243490f5a931ff8722859d035abf47ec638d116701f	99.100	223	0.375	1.000
d69abe2f5629e994106c1af7eba3c6b744377a6492bba79182fc81075a33b3d1	db45b37b91236489abdb117662e6485b481cbbc4aa60d1ef3f97777e22f41868	95.700	328	0.413	0.994
d69abe2f5629e994106c1af7eba3c6b744377a6492bba79182fc81075a33b3d1	e44923b3bd073be3c18d2ba2165e7a6e2285e6613ad9323f512eb90f81e151ad	95.100	329	0.414	1.000
d69abe2f5629e994106c1af7eba3c6b744377a6492bba79182fc81075a33b3d1	af288062715f47a3ef0d0e1cd410bb1216fad25c6d1d650798d9a7e24f9f7386	96.200	324	0.408	0.994
d69abe2f5629e994106c1af7eba3c6b744377a6492bba79182fc81075a33b3d1	63433dbc556074e6527b4a2204c08c153a10ba750ab920118a3698da5327c85e	96.200	322	0.406	0.994
d69abe2f5629e994106c1af7eba3c6b744377a6492bba79182fc81075a33b3d1	b50f48bef7b8a5989b656f3dbdf6907f752c4bb23d6212b3c41588a12648aa70	95.900	322	0.406	0.994
d69abe2f5629e994106c1af7eba3c6b744377a6492bba79182fc81075a33b3d1	9684fc28e7e293a3a04535c08ea6b36169a130e4852b66d9b89b95e29916c954	100.000	307	0.387	1.000
d69abe2f5629e994106c1af7eba3c6b744377a6492bba79182fc81075a33b3d1	e3f32d3fb55cdaa49db6eaa7ddfc5e19fed5189f95a0318b481dff1c53d706be	100.000	305	0.384	1.000
d69abe2f5629e994106c1af7eba3c6b744377a6492bba79182fc81075a33b3d1	5d31468ea0e925449c429bb44b32e474970a0bbf3020ee605cee1237d3f2fb50	100.000	304	0.383	1.000
d69abe2f5629e994106c1af7eba3c6b744377a6492bba79182fc81075a33b3d1	fe1c7c52394abe916a1f92e9917b53850ba3fbd1afb9e6b04b8e95302084ccaf	100.000	177	0.223	1.000
d69abe2f5629e994106c1af7eba3c6b744377a6492bba79182fc81075a33b3d1	a3a85cc27759dced81f792991557795233d5ebd7a06ba2c9dd8817eb7acce883	100.000	172	0.217	1.000
d69abe2f5629e994106c1af7eba3c6b744377a6492bba79182fc81075a33b3d1	3c735942b99a45306a2ee5bde8e5e3cbc68fba9cceeba46512acd0dad047a097	45.800	262	0.325	0.804
d69abe2f5629e994106c1af7eba3c6b744377a6492bba79182fc81075a33b3d1	35295f751673f99ba63cac255397cdf5aa206d4a0514f097ddce54b68a42610b	43.600	258	0.325	0.794
d69abe2f5629e994106c1af7eba3c6b744377a6492bba79182fc81075a33b3d1	2e8468b949edc333944089e268e744d0716642b9bc255843c971c8955d8ea7ac	43.300	263	0.325	0.814
d69abe2f5629e994106c1af7eba3c6b744377a6492bba79182fc81075a33b3d1	9213161cc6692e73f358a1f4b5b37a0e0d5c6510da15461a5fc6a0d8078a13f5	43.300	263	0.325	0.807
d69abe2f5629e994106c1af7eba3c6b744377a6492bba79182fc81075a33b3d1	cc7631c68fd409e2267d370039d523a6ffa0e79e03b3e88d556ac45e05b3d89d	43.500	258	0.325	0.798
d69abe2f5629e994106c1af7eba3c6b744377a6492bba79182fc81075a33b3d1	c590feec7791781e77d658a9ad91ff09837eba89ff82a357cef91f23c714e634	43.500	258	0.325	0.802
d69abe2f5629e994106c1af7eba3c6b744377a6492bba79182fc81075a33b3d1	6464662b76cd1459dadacb11915086951938a893b378d7a615d0d0b8b7500396	31.000	272	0.336	0.812
d69abe2f5629e994106c1af7eba3c6b744377a6492bba79182fc81075a33b3d1	2b4d654bc8dcffb4f2ca8776da9358712187338448cbcd5bd1e4bc3936c2e670	31.600	282	0.355	0.798
d69abe2f5629e994106c1af7eba3c6b744377a6492bba79182fc81075a33b3d1	7001f95af7cc0dee2b12aa8f9f6091a07172312022b116a5051bab4a88fdd665	28.300	272	0.332	0.858
d69abe2f5629e994106c1af7eba3c6b744377a6492bba79182fc81075a33b3d1	cde2b37cd502a3e901cd0b354a59b33c085c2c59cdf8bb5a11090f3c17459f07	33.100	154	0.190	0.901
03bfae282c699ad0b358e53c924c5fc3b921d43eccfec4f32b71a4382263a1f4	3c51fd8ce37aae2bc11be90007fc5e8fea0cb798244ef1d8b10f73b3eef069f4	31.200	256	0.425	0.958
03bfae282c699ad0b358e53c924c5fc3b921d43eccfec4f32b71a4382263a1f4	328e638a411108e4961f36b4ea742215b2821b6befbfd1094f81bb1e6f2400d3	30.500	255	0.423	0.907
03bfae282c699ad0b358e53c924c5fc3b921d43eccfec4f32b71a4382263a1f4	51ef49071b00d7a6a46b4542281759edc65979fecde61d1976cecf1b7788a67f	30.700	253	0.420	0.945
03bfae282c699ad0b358e53c924c5fc3b921d43eccfec4f32b71a4382263a1f4	68d263d272df663782771e2727284513a09392e75322585eda09bf6ddc900f1c	29.700	255	0.423	0.908
03bfae282c699ad0b358e53c924c5fc3b921d43eccfec4f32b71a4382263a1f4	85b8dbaf5a7b0abe6681ef70e623d182dbfff360e0f03f47f7ed66e28d132c3d	29.100	253	0.420	0.944
03bfae282c699ad0b358e53c924c5fc3b921d43eccfec4f32b71a4382263a1f4	7891c4dfb5421e8d58c0a36dcdc52a2f943532cdfc30524bb3128c7ca6b3e7a9	28.000	247	0.410	0.953
03bfae282c699ad0b358e53c924c5fc3b921d43eccfec4f32b71a4382263a1f4	f8d004777be3f7a9256abd52c78a5057d7a57e58a91e824f05fa6127e74abe9b	28.000	247	0.410	0.946
03bfae282c699ad0b358e53c924c5fc3b921d43eccfec4f32b71a4382263a1f4	f8fa617d2196c2e2b556c159f13fa36392d2ec75381cdfd61630428855cd1ebc	25.700	268	0.430	0.937
03bfae282c699ad0b358e53c924c5fc3b921d43eccfec4f32b71a4382263a1f4	118561aba19c1bf916bfbf66377cfb9c959fcdd4f79f9a849777e1dd033b3e21	27.600	247	0.410	0.950
03bfae282c699ad0b358e53c924c5fc3b921d43eccfec4f32b71a4382263a1f4	a426859c2fdaf6ce556797ba9048d775c7853dfeea9e1be2f544a000e9a7c471	26.200	200	0.332	0.737
03bfae282c699ad0b358e53c924c5fc3b921d43eccfec4f32b71a4382263a1f4	758d865388f9fb3767bd99e055023bdbb10a8511eaa54e1b2a2d077116f8f85e	26.200	200	0.332	0.741
03bfae282c699ad0b358e53c924c5fc3b921d43eccfec4f32b71a4382263a1f4	574136d04122b4f76ba4a35fe14358fc550b21feb1e28cbd5c6d3c75e5453140	25.700	200	0.332	0.714
03bfae282c699ad0b358e53c924c5fc3b921d43eccfec4f32b71a4382263a1f4	ae227c5db744050b1d4e017463be97ea7221290db0bc24ddfabdec712960f7dc	25.700	200	0.332	0.708
03bfae282c699ad0b358e53c924c5fc3b921d43eccfec4f32b71a4382263a1f4	b5366aedc0c5463f45d8169155354aff98174536acc94905c952ebde0c831474	25.700	200	0.332	0.736
03bfae282c699ad0b358e53c924c5fc3b921d43eccfec4f32b71a4382263a1f4	e059cd0b395629825e28e0e9782d4b5659ff334b13a60e6c08c6e7ec61b98481	23.700	256	0.425	0.951
03bfae282c699ad0b358e53c924c5fc3b921d43eccfec4f32b71a4382263a1f4	4210ad916b05ae2d57914160a5eb05d99281d9eee50fb1b4b161261a25566768	26.500	228	0.343	0.784
03bfae282c699ad0b358e53c924c5fc3b921d43eccfec4f32b71a4382263a1f4	77ce10b393d7c42ee0cc93f38875a7ed73f6ed58987c97e0201b8f668e125179	25.200	200	0.332	0.735
03bfae282c699ad0b358e53c924c5fc3b921d43eccfec4f32b71a4382263a1f4	491838c637e038b138dac34f5b8b71838602a60419529e159fadf49d2e3af3b5	25.200	200	0.332	0.694
03bfae282c699ad0b358e53c924c5fc3b921d43eccfec4f32b71a4382263a1f4	b5c11c0dca4639290f955618958d3b0b3ddee5d571c0bc843f46eb3ec8f9f64d	24.200	200	0.332	0.728
03bfae282c699ad0b358e53c924c5fc3b921d43eccfec4f32b71a4382263a1f4	f8ff22990451036197f5072d6a17a7641c8b10a02bbf51a5015fa3168f97368b	34.900	100	0.159	0.282
97d9112edde1d3373fb624b952d59ea59fb5962c650204e8d2690bdedac2486b	670b877a5d39ac829d8edf619d1594f722712ce227b49da56bff06f125da0dbe	26.300	448	0.872	0.963
97d9112edde1d3373fb624b952d59ea59fb5962c650204e8d2690bdedac2486b	e1a931b383aac3eee8d451af51cd9da07eac0c651c79fb656c4fe68e979db199	26.600	448	0.872	0.962
97d9112edde1d3373fb624b952d59ea59fb5962c650204e8d2690bdedac2486b	7dfc230828d7b7531078e9e5f494448c3e5c38284c47c1b9e15eaa5052b7220a	26.700	448	0.872	0.962
97d9112edde1d3373fb624b952d59ea59fb5962c650204e8d2690bdedac2486b	bbacaadd16eba82b64f703ec60249882617b5023cfc51dc71e7ea86362bd5ff5	26.700	448	0.872	0.958
97d9112edde1d3373fb624b952d59ea59fb5962c650204e8d2690bdedac2486b	23e12dd5e3c254365ed3e10aefad220d9f9b330ffb672f5fe468b398c6479672	27.300	448	0.872	0.953
97d9112edde1d3373fb624b952d59ea59fb5962c650204e8d2690bdedac2486b	02420138b550828c0a4476f45794c3cd5415c770a8873c752800a0b526b71b54	27.100	448	0.872	0.948
97d9112edde1d3373fb624b952d59ea59fb5962c650204e8d2690bdedac2486b	d19caaaa84e8546da85db2f88bd02077f221c857d4fa3d481dbe6ab879392b43	26.500	448	0.872	0.947
97d9112edde1d3373fb624b952d59ea59fb5962c650204e8d2690bdedac2486b	a93f8463471a9563ec1f1ad54e13e7ff373f5269bf10a63f0c99de9953ae5bba	26.600	448	0.872	0.953
97d9112edde1d3373fb624b952d59ea59fb5962c650204e8d2690bdedac2486b	0e7b7f7a42951cbac775b2fbb1c153a662af268f14de4529c8d901b72159fdd0	26.500	448	0.872	0.960
97d9112edde1d3373fb624b952d59ea59fb5962c650204e8d2690bdedac2486b	c224348e42f133710c0e3e8881032b7681787a72803f5502d0391821652d3610	25.700	448	0.872	0.947
97d9112edde1d3373fb624b952d59ea59fb5962c650204e8d2690bdedac2486b	893b42919b38477822c989d4ff509d66b5643ecb064ec6b8a28f9b33c63aa036	22.200	420	0.817	0.963
97d9112edde1d3373fb624b952d59ea59fb5962c650204e8d2690bdedac2486b	2b367be1818a027d7905b17425af0a82edfa3bef5dc4a2c142b2b16136c9efae	24.000	431	0.831	0.929
97d9112edde1d3373fb624b952d59ea59fb5962c650204e8d2690bdedac2486b	c6916b24979be888b0a9eaa14208986e0c0d6fee3235e6bf7c63771749910146	24.000	431	0.831	0.927
97d9112edde1d3373fb624b952d59ea59fb5962c650204e8d2690bdedac2486b	36eb6b5d2b752b0d32d63cf3539a6b77f3f75d7dc30123f63a03e4ade37dbc32	24.000	431	0.831	0.923
97d9112edde1d3373fb624b952d59ea59fb5962c650204e8d2690bdedac2486b	11df5505310f63a7b84487c26dcbe2e8a0359176e83849dfed3070df4e9a42ee	23.500	420	0.817	0.964
97d9112edde1d3373fb624b952d59ea59fb5962c650204e8d2690bdedac2486b	7fbd815553df5d4f2edd9be34fea79ef52c656ec60dc164ad08c79e90c3c0981	24.100	423	0.823	0.921
97d9112edde1d3373fb624b952d59ea59fb5962c650204e8d2690bdedac2486b	ddf2223d227a1ad12ed7da2d6f82cb6f187032b2e868d860d50a684db421723d	25.900	254	0.494	0.589
97d9112edde1d3373fb624b952d59ea59fb5962c650204e8d2690bdedac2486b	aa45f88ed15e0aaba9391aa1618f4092bc0a056533438d48b6ac617c8287bcdb	25.900	254	0.494	0.588
97d9112edde1d3373fb624b952d59ea59fb5962c650204e8d2690bdedac2486b	f4ce1cff428d9a3ac2dfec916700ae4cc833b5ffd05f5a40c3ae7897f84dc5ec	25.900	254	0.494	0.584
97d9112edde1d3373fb624b952d59ea59fb5962c650204e8d2690bdedac2486b	b10c0d1b6b753a5b6d78b8361e611d49b78d8a5c7bdb9974ae1db72220712adb	25.000	254	0.494	0.585
8522e2300ddc739d9b087afdd77242928c31e70e49b81bb99bdc5150fc1b9d5f	a0610e293348b285d2ddaa3c216fa020850342fd338659c51de94433ac694616	59.800	172	0.456	0.994
8522e2300ddc739d9b087afdd77242928c31e70e49b81bb99bdc5150fc1b9d5f	7d5fe3d376a7bbddd769d593ebb951ae45ed0a7c8dce7036fa1b350ec0726c46	36.200	91	0.212	0.989
86062261249dcec9f9e1abbfacdac36eb941be044ad45fd7250073dd12d500fe	506e42b23c1416b1d58b4e80ab5e47a25ab8b9731f48e70d395ffd52ed9b930b	32.500	325	0.690	0.987
86062261249dcec9f9e1abbfacdac36eb941be044ad45fd7250073dd12d500fe	f834ab77e81ed2a3d0c66f0ff386e6a7b5dbce3de56950154a5ca0931464d952	30.800	321	0.682	0.993
86062261249dcec9f9e1abbfacdac36eb941be044ad45fd7250073dd12d500fe	68ec7b19f3f17b23455df7a73b4c3f33cdc948959e74dbb3826be4d99baafdef	30.900	320	0.679	0.996
86062261249dcec9f9e1abbfacdac36eb941be044ad45fd7250073dd12d500fe	02536d275857d78976c54cd11ab8f644d2f98cf1e56ebbdac7169bbc376c8b50	30.700	318	0.675	0.985
86062261249dcec9f9e1abbfacdac36eb941be044ad45fd7250073dd12d500fe	5cb3444876d7734f8eae54e395a0d339e26809df903e72f55b0721188a0a390a	31.000	306	0.650	0.989
86062261249dcec9f9e1abbfacdac36eb941be044ad45fd7250073dd12d500fe	c37e4d47412e56c5fc8a595627aaf485c676029a8f3c38b5559879b218962a0d	33.700	179	0.367	0.408
86062261249dcec9f9e1abbfacdac36eb941be044ad45fd7250073dd12d500fe	876db18c23d75b6bdf0fb270aeeb6b6014153c4c6a64ff26ed35a1f645424b43	33.700	179	0.367	0.405
86062261249dcec9f9e1abbfacdac36eb941be044ad45fd7250073dd12d500fe	8cfa9b3836dfde436c8a531aa092c35840c6e8966e478130b30e6a1a3919e50d	26.800	322	0.684	0.921
86062261249dcec9f9e1abbfacdac36eb941be044ad45fd7250073dd12d500fe	cd5d8eaa19bfba958e3500b97e06f0e093d657c02867d4935b3fc8644778ef12	26.800	322	0.684	0.932
86062261249dcec9f9e1abbfacdac36eb941be044ad45fd7250073dd12d500fe	9c0c24637836a29a4baaccdd66496da7cdefaa5cce2ee6cf58bacc9d6735e418	20.100	357	0.758	0.979
eaa5a3ef4622fb5fa4bba8d644b54c0d84564e76cc6702d0981df65670423866	506e42b23c1416b1d58b4e80ab5e47a25ab8b9731f48e70d395ffd52ed9b930b	40.300	302	0.778	0.943
eaa5a3ef4622fb5fa4bba8d644b54c0d84564e76cc6702d0981df65670423866	02536d275857d78976c54cd11ab8f644d2f98cf1e56ebbdac7169bbc376c8b50	39.000	302	0.778	0.974
eaa5a3ef4622fb5fa4bba8d644b54c0d84564e76cc6702d0981df65670423866	68ec7b19f3f17b23455df7a73b4c3f33cdc948959e74dbb3826be4d99baafdef	39.000	302	0.778	0.967
eaa5a3ef4622fb5fa4bba8d644b54c0d84564e76cc6702d0981df65670423866	f834ab77e81ed2a3d0c66f0ff386e6a7b5dbce3de56950154a5ca0931464d952	39.000	302	0.778	0.960
eaa5a3ef4622fb5fa4bba8d644b54c0d84564e76cc6702d0981df65670423866	5cb3444876d7734f8eae54e395a0d339e26809df903e72f55b0721188a0a390a	39.300	287	0.740	0.954
eaa5a3ef4622fb5fa4bba8d644b54c0d84564e76cc6702d0981df65670423866	c37e4d47412e56c5fc8a595627aaf485c676029a8f3c38b5559879b218962a0d	27.300	430	0.781	0.979
eaa5a3ef4622fb5fa4bba8d644b54c0d84564e76cc6702d0981df65670423866	876db18c23d75b6bdf0fb270aeeb6b6014153c4c6a64ff26ed35a1f645424b43	27.300	430	0.781	0.973
eaa5a3ef4622fb5fa4bba8d644b54c0d84564e76cc6702d0981df65670423866	8cfa9b3836dfde436c8a531aa092c35840c6e8966e478130b30e6a1a3919e50d	33.300	306	0.789	0.911
eaa5a3ef4622fb5fa4bba8d644b54c0d84564e76cc6702d0981df65670423866	cd5d8eaa19bfba958e3500b97e06f0e093d657c02867d4935b3fc8644778ef12	33.000	306	0.789	0.922
eaa5a3ef4622fb5fa4bba8d644b54c0d84564e76cc6702d0981df65670423866	9c0c24637836a29a4baaccdd66496da7cdefaa5cce2ee6cf58bacc9d6735e418	22.100	281	0.724	0.798
d9241b63fbac3c7e22a88593797438ce8200caa2a85fb5809f9238efbb502a42	4eb98bd303e53a3e0cf2b0b7ad3d2ff2ca274e0ea3552983f250c3495a40a2c0	100.000	268	0.996	1.000
d9241b63fbac3c7e22a88593797438ce8200caa2a85fb5809f9238efbb502a42	74e16fd62aaead73a92f3ea1178adea171ddb82bb02fbafb3aed5b0cf60a9e6b	99.600	268	0.996	1.000
d9241b63fbac3c7e22a88593797438ce8200caa2a85fb5809f9238efbb502a42	78cb151fabe58e8c256d86124754fca52184c1d941f39f0b12647f5aed769afa	99.600	268	0.996	1.000
d9241b63fbac3c7e22a88593797438ce8200caa2a85fb5809f9238efbb502a42	d8b4907f21d2b075238cb871f043f6bcab6679161b11368583a751ccc0bf2900	100.000	267	0.993	1.000
d9241b63fbac3c7e22a88593797438ce8200caa2a85fb5809f9238efbb502a42	8d035bc02c39f71e282b6f733c9eae9f1cb6da94724a42df8a9cd11bc150d181	99.600	268	0.996	1.000
d9241b63fbac3c7e22a88593797438ce8200caa2a85fb5809f9238efbb502a42	a56480b942d2aee9e06c7dfc671c2e2d3e209d08dd5af3467223e73614db1bd0	100.000	267	0.993	0.996
d9241b63fbac3c7e22a88593797438ce8200caa2a85fb5809f9238efbb502a42	ee198b970c53ce063be5e6930c8500655fa67af153500279e5cebff687bf8952	99.600	267	0.993	0.996
d9241b63fbac3c7e22a88593797438ce8200caa2a85fb5809f9238efbb502a42	51ce46c630733bfff6268be6dc827d067b64863135b183e77c4456a87eee10b5	98.800	268	0.996	1.000
d9241b63fbac3c7e22a88593797438ce8200caa2a85fb5809f9238efbb502a42	1d4fa5ddf3077b5f74baeb998abb7ade0a74c5f9c8434c307039f52fb1b5b23e	97.300	268	0.996	1.000
d9241b63fbac3c7e22a88593797438ce8200caa2a85fb5809f9238efbb502a42	0e210c6f35781433041d955f84c5d595e3ae21bf7739a2e26fb8ae053f116e7a	97.000	268	0.996	1.000
d9241b63fbac3c7e22a88593797438ce8200caa2a85fb5809f9238efbb502a42	ec3a67eaa0d9c487b926cef7b2711062c04d81d9ad891df374edfc1eb963ba80	97.000	268	0.996	1.000
d9241b63fbac3c7e22a88593797438ce8200caa2a85fb5809f9238efbb502a42	fe80cd56f9dcbddc2991fefc3b016e02dbe0a52178727b1537a05a782766a1c7	96.600	268	0.996	1.000
d9241b63fbac3c7e22a88593797438ce8200caa2a85fb5809f9238efbb502a42	769fc66a5c73fbca5a982067ddfb2899b48dba68965ea2ae2ac29847feb5cef4	95.800	268	0.996	1.000
d9241b63fbac3c7e22a88593797438ce8200caa2a85fb5809f9238efbb502a42	94b2359c4abded18f5e20ee2092a1338b50ddbc944cfbae148b8c1a889dbd63e	94.700	268	0.996	1.000
d9241b63fbac3c7e22a88593797438ce8200caa2a85fb5809f9238efbb502a42	acf1090a9d7492d4eddf06408260c2c4ea363baed0b33142bc6c0126c9daaa7c	94.400	268	0.996	1.000
d9241b63fbac3c7e22a88593797438ce8200caa2a85fb5809f9238efbb502a42	2eee606aa6d3d6e2a8ad8389e68a1982f15da67726f9ebb6a5c855f74b561da6	92.900	268	0.996	1.000
d9241b63fbac3c7e22a88593797438ce8200caa2a85fb5809f9238efbb502a42	5d03fd5029507f326ddffe649688a7d5286dccb52c83f43e192255afa180c16f	92.500	268	0.996	1.000
d9241b63fbac3c7e22a88593797438ce8200caa2a85fb5809f9238efbb502a42	f61b2e5e726535668b1dd5e1bd900e6bc5562fa2f6cf5301e23f674507f0b9c2	92.500	268	0.996	1.000
d9241b63fbac3c7e22a88593797438ce8200caa2a85fb5809f9238efbb502a42	a384196f309f81b68be6924b4b7663f6a4468b0b38f4d08b03262d2064d7f84d	91.700	268	0.996	1.000
d9241b63fbac3c7e22a88593797438ce8200caa2a85fb5809f9238efbb502a42	6b742a0b84bc00771f392266ae0998025f2f154003a1b7c6114ef6b91f00600b	90.600	267	0.993	0.996
4b1618c0d65558f81a98beb0e1a9a4ae5064d51686b746ecae310248074e1825	d5d2b3b8ec8f09abc02c1783eca603e9097c006a84ce686155ff646cc23d7225	72.100	836	0.995	1.000
4b1618c0d65558f81a98beb0e1a9a4ae5064d51686b746ecae310248074e1825	35753fe989d291ac33c1ff22bf3e5531b3384a8495458e96b7c45966fca11d5a	71.200	849	0.995	1.000
4b1618c0d65558f81a98beb0e1a9a4ae5064d51686b746ecae310248074e1825	9c0acc029756c9045c994da23d5dd8a3be3c37f6bd9d9e89d79c2698188dc5ea	71.200	849	0.995	0.998
4b1618c0d65558f81a98beb0e1a9a4ae5064d51686b746ecae310248074e1825	da65d93407dbf813c7d6b2c2f1ab8ba6f85a7698e7dd6bfcb90367942c2b4bbc	25.500	490	0.584	0.663
4b1618c0d65558f81a98beb0e1a9a4ae5064d51686b746ecae310248074e1825	554fed446b27f982e12a5bb21f02d351a6926f74205d5c58c9aa4937340484c3	25.600	490	0.584	0.675
8bb8e760c142b1a44ba1409375e34de5c0836b1b5e77ec6fac96a7a9d07d121f	506e42b23c1416b1d58b4e80ab5e47a25ab8b9731f48e70d395ffd52ed9b930b	31.300	331	0.723	0.976
8bb8e760c142b1a44ba1409375e34de5c0836b1b5e77ec6fac96a7a9d07d121f	02536d275857d78976c54cd11ab8f644d2f98cf1e56ebbdac7169bbc376c8b50	31.100	327	0.714	0.985
8bb8e760c142b1a44ba1409375e34de5c0836b1b5e77ec6fac96a7a9d07d121f	68ec7b19f3f17b23455df7a73b4c3f33cdc948959e74dbb3826be4d99baafdef	31.100	327	0.714	0.978
8bb8e760c142b1a44ba1409375e34de5c0836b1b5e77ec6fac96a7a9d07d121f	f834ab77e81ed2a3d0c66f0ff386e6a7b5dbce3de56950154a5ca0931464d952	31.100	327	0.714	0.971
8bb8e760c142b1a44ba1409375e34de5c0836b1b5e77ec6fac96a7a9d07d121f	5cb3444876d7734f8eae54e395a0d339e26809df903e72f55b0721188a0a390a	31.300	312	0.681	0.966
8bb8e760c142b1a44ba1409375e34de5c0836b1b5e77ec6fac96a7a9d07d121f	c37e4d47412e56c5fc8a595627aaf485c676029a8f3c38b5559879b218962a0d	27.900	413	0.670	0.941
8bb8e760c142b1a44ba1409375e34de5c0836b1b5e77ec6fac96a7a9d07d121f	876db18c23d75b6bdf0fb270aeeb6b6014153c4c6a64ff26ed35a1f645424b43	27.900	413	0.670	0.934
8bb8e760c142b1a44ba1409375e34de5c0836b1b5e77ec6fac96a7a9d07d121f	8cfa9b3836dfde436c8a531aa092c35840c6e8966e478130b30e6a1a3919e50d	26.000	331	0.723	0.921
8bb8e760c142b1a44ba1409375e34de5c0836b1b5e77ec6fac96a7a9d07d121f	cd5d8eaa19bfba958e3500b97e06f0e093d657c02867d4935b3fc8644778ef12	25.400	331	0.723	0.932
05abda66b34273f1fbf87eeeb67bc8a02137a90d2497c112c02636ecda632946	cbf2c9c07b59863dd6a6be6eed0aff1614c180d3803d3866261350670ce773dd	99.700	416	0.345	1.000
05abda66b34273f1fbf87eeeb67bc8a02137a90d2497c112c02636ecda632946	f77a2a1605eee5c82287e9853289f21b94aff1506ee9073269bfb663158ceb37	99.700	414	0.344	1.000
05abda66b34273f1fbf87eeeb67bc8a02137a90d2497c112c02636ecda632946	778543a3e07762250a2356b05f7a28e4636ab2193e60208cee2ea9f0dc36c8cc	97.800	417	0.346	1.000
05abda66b34273f1fbf87eeeb67bc8a02137a90d2497c112c02636ecda632946	718e9368e542b2836378d971fdcab2ea04e1068530547c167e0d103abf0dd68e	97.300	416	0.345	1.000
05abda66b34273f1fbf87eeeb67bc8a02137a90d2497c112c02636ecda632946	edb6510cc4e7e5dc308458a1440dd1e9708d542c56686b03c4a5e8041d333d34	97.500	414	0.344	1.000
05abda66b34273f1fbf87eeeb67bc8a02137a90d2497c112c02636ecda632946	b66e414f9c970f1f72754aa3020ef12e315f3c1400fcfe7f0b0953059a1feb71	97.100	416	0.345	1.000
05abda66b34273f1fbf87eeeb67bc8a02137a90d2497c112c02636ecda632946	83c870ee72a0b3e81249f63e9c8251308c1a0890d839243f00a6dbd0f97a2a6d	97.300	414	0.344	1.000
05abda66b34273f1fbf87eeeb67bc8a02137a90d2497c112c02636ecda632946	eb4e97297583fcad4f340af165785c325d7a8929eff52a9f264541320055f13a	96.800	416	0.345	1.000
05abda66b34273f1fbf87eeeb67bc8a02137a90d2497c112c02636ecda632946	f5496ab19820e5da30062403f9cf45d6006d1e4ce564cdc0fbd33ea4ab04de15	97.300	414	0.344	1.000
05abda66b34273f1fbf87eeeb67bc8a02137a90d2497c112c02636ecda632946	9be3a7e9686054cb2709a46de497d078a31ea5ec0a8b23823e03e9ca2a8a2899	96.800	416	0.345	1.000
05abda66b34273f1fbf87eeeb67bc8a02137a90d2497c112c02636ecda632946	8a451aabb7c9794733acad9716f485da0bbe0a79cd3ae93c8b5b9b4757ebcebf	97.100	414	0.344	1.000
05abda66b34273f1fbf87eeeb67bc8a02137a90d2497c112c02636ecda632946	4b3b55a1e48510542e8a8a4625112441d9859df27cf58dae24efd40aa4afcdcc	96.800	416	0.345	1.000
05abda66b34273f1fbf87eeeb67bc8a02137a90d2497c112c02636ecda632946	76816449ab34ce50a131f6de1a200d2bb403a900b82d0ae451dfc90643b4676b	96.600	416	0.345	1.000
05abda66b34273f1fbf87eeeb67bc8a02137a90d2497c112c02636ecda632946	9c3650926c9e63756c5ee75ae12abc10e4a24d83c02b81b2d1434843e57db8e6	97.100	414	0.344	1.000
05abda66b34273f1fbf87eeeb67bc8a02137a90d2497c112c02636ecda632946	0da8738482c37775a0441897ebeda0aadebee37d782780d5a0281a08085fd8b1	96.600	416	0.345	1.000
05abda66b34273f1fbf87eeeb67bc8a02137a90d2497c112c02636ecda632946	d7e4834260dc528625aaa39aeb2c71506507223aab8260a334b9bd89a52e999c	96.800	414	0.344	1.000
05abda66b34273f1fbf87eeeb67bc8a02137a90d2497c112c02636ecda632946	8a913c276143f62acec397effb3e40c9420e8efbdf31dd717a89491290653124	92.200	415	0.344	1.000
05abda66b34273f1fbf87eeeb67bc8a02137a90d2497c112c02636ecda632946	cbdfdde08cd44771fe14aab2f590d3d0a6f72b5aabca18f965b79b3a8bb2db30	92.200	414	0.344	1.000
05abda66b34273f1fbf87eeeb67bc8a02137a90d2497c112c02636ecda632946	018007b895d09593197c37117d7d02ad5a651c98423c4f020093b1e165236812	92.200	414	0.344	1.000
05abda66b34273f1fbf87eeeb67bc8a02137a90d2497c112c02636ecda632946	d789f0e2bd11718276affbd45591c161062886acbfc64b1925abb7a713195062	92.200	413	0.343	1.000
91ec0acf67c47ff4c87c104c6f7c26de653c25035785b0c6b1c157755e221147	90eff6551936be3fbd0562cba9d94e6f0dbdf5ab784999949da4f41e1ec1cd68	91.600	287	0.932	1.000
9a2657fa53c2073146e48e443489559cdbfc220b161c20897cb3ba8a6b9c2fd6	506e42b23c1416b1d58b4e80ab5e47a25ab8b9731f48e70d395ffd52ed9b930b	28.000	373	0.890	0.936
9a2657fa53c2073146e48e443489559cdbfc220b161c20897cb3ba8a6b9c2fd6	02536d275857d78976c54cd11ab8f644d2f98cf1e56ebbdac7169bbc376c8b50	26.900	373	0.890	0.967
9a2657fa53c2073146e48e443489559cdbfc220b161c20897cb3ba8a6b9c2fd6	68ec7b19f3f17b23455df7a73b4c3f33cdc948959e74dbb3826be4d99baafdef	26.900	373	0.890	0.960
9a2657fa53c2073146e48e443489559cdbfc220b161c20897cb3ba8a6b9c2fd6	f834ab77e81ed2a3d0c66f0ff386e6a7b5dbce3de56950154a5ca0931464d952	26.900	373	0.890	0.953
9a2657fa53c2073146e48e443489559cdbfc220b161c20897cb3ba8a6b9c2fd6	5cb3444876d7734f8eae54e395a0d339e26809df903e72f55b0721188a0a390a	26.900	358	0.854	0.947
9a2657fa53c2073146e48e443489559cdbfc220b161c20897cb3ba8a6b9c2fd6	c37e4d47412e56c5fc8a595627aaf485c676029a8f3c38b5559879b218962a0d	30.300	187	0.427	0.426
9a2657fa53c2073146e48e443489559cdbfc220b161c20897cb3ba8a6b9c2fd6	876db18c23d75b6bdf0fb270aeeb6b6014153c4c6a64ff26ed35a1f645424b43	30.300	187	0.427	0.423
9a2657fa53c2073146e48e443489559cdbfc220b161c20897cb3ba8a6b9c2fd6	cd5d8eaa19bfba958e3500b97e06f0e093d657c02867d4935b3fc8644778ef12	23.700	371	0.885	0.903
9a2657fa53c2073146e48e443489559cdbfc220b161c20897cb3ba8a6b9c2fd6	8cfa9b3836dfde436c8a531aa092c35840c6e8966e478130b30e6a1a3919e50d	24.100	371	0.885	0.892
9a2657fa53c2073146e48e443489559cdbfc220b161c20897cb3ba8a6b9c2fd6	9c0c24637836a29a4baaccdd66496da7cdefaa5cce2ee6cf58bacc9d6735e418	21.700	159	0.360	0.488
ae1523091376833c4484af92041471100af2911e87f39c9dfdaf1dea7a71e192	792d8b156759df581ee5b91654ae61f2297802752338dcd105205ce3c6aa2f19	41.500	272	0.297	0.637
ae1523091376833c4484af92041471100af2911e87f39c9dfdaf1dea7a71e192	95b38ee4d394b01b03a5afa4c255970df4426672e511cacb9cb35009a1ae3f08	37.000	269	0.294	0.455
ae1523091376833c4484af92041471100af2911e87f39c9dfdaf1dea7a71e192	1f50025c70cb3f1df3f05a4d9e39373abc83b4fd937d018a0c5d5c5e206d6ce9	37.000	269	0.294	0.448
ae1523091376833c4484af92041471100af2911e87f39c9dfdaf1dea7a71e192	bf5516c9842632a5921b2dcc8dcd33db3b48d3d072a97dce82b443e4314508cf	37.000	269	0.294	0.444
ae1523091376833c4484af92041471100af2911e87f39c9dfdaf1dea7a71e192	c61c62c4c04e2adbfed9eebdfd35260da8ea7ed18a15d6a11e548f7425313853	37.000	269	0.294	0.441
ae1523091376833c4484af92041471100af2911e87f39c9dfdaf1dea7a71e192	5e464c8327c1bc5e18cac04d54a47ddbe97577ed179a7eb65d2c3ff885264690	37.000	269	0.294	0.407
ae1523091376833c4484af92041471100af2911e87f39c9dfdaf1dea7a71e192	775e19b0646ca5d352f4d6991508e72b36a007c01020736200f77da5df302a97	37.000	269	0.294	0.405
ae1523091376833c4484af92041471100af2911e87f39c9dfdaf1dea7a71e192	3125d3efc0f766f983cdcbfc9e241b063ad735955f7d3b41316ad4797130ec7e	37.000	269	0.294	0.401
ae1523091376833c4484af92041471100af2911e87f39c9dfdaf1dea7a71e192	56b4ed151b0c882395df48a762a8086d0692e04e9d86d3b3f4d950adf80b5897	37.000	269	0.294	0.401
ae1523091376833c4484af92041471100af2911e87f39c9dfdaf1dea7a71e192	899851d7ef9bfb4c53e887e50351253b904bd725d10a887afb3e30fbb63b3c85	37.300	269	0.294	0.447
ae1523091376833c4484af92041471100af2911e87f39c9dfdaf1dea7a71e192	20285f3fa50d67fa872a2a7fcf360539a14fce6d4e1cb8368c879eb0da4348bf	37.000	269	0.294	0.448
ae1523091376833c4484af92041471100af2911e87f39c9dfdaf1dea7a71e192	08a6db389bc875d15eb2ef23b4cd9de5c598ae5bb411ea45cbbeb629b90dca1f	34.900	280	0.306	0.471
ae1523091376833c4484af92041471100af2911e87f39c9dfdaf1dea7a71e192	cf978ec692a9729b91c344f60d63df761555ac6cd6868407deec1b1e4cc91196	34.900	280	0.306	0.470
ae1523091376833c4484af92041471100af2911e87f39c9dfdaf1dea7a71e192	bbf6d9a24cf3886e80105de9530ad7aa978b19cc1b368f11ce9c5a595743512e	34.900	280	0.306	0.470
77ed25650e717b3f610e42ef8e5c1c88d50e7485725032f8535448a0ca8b61b1	3b9a4c53cfbde3b43f7d7b17fed5d8f3257dad1af582820ccae6b4a6851685b4	100.000	95	0.193	0.990
77ed25650e717b3f610e42ef8e5c1c88d50e7485725032f8535448a0ca8b61b1	91cf19d21bc53ac50a1ff4d4fe8f6ba8897419f87a85c94835325d79bd5b57f2	98.800	85	0.173	1.000
b5e7ca71ef5af9ce9e3ffc10eebc77b2bb95d592400670484ee596f06be68e78	0b0c41a9ade1aa3dc63fc594ae33dca977d72edd7bad3f6b220b352d47824db0	88.500	541	0.881	1.000
b5e7ca71ef5af9ce9e3ffc10eebc77b2bb95d592400670484ee596f06be68e78	122932ce41f21a1017038b5966bed20a311c44f2060982be589fc016cd46c527	88.500	540	0.879	1.000
b5e7ca71ef5af9ce9e3ffc10eebc77b2bb95d592400670484ee596f06be68e78	82f79961ca350ee0ecf56771f7a18d8938f61ff574b99798fe1ba8044029b3ca	87.500	547	0.891	1.000
b5e7ca71ef5af9ce9e3ffc10eebc77b2bb95d592400670484ee596f06be68e78	4387e1be0e8f9f10772bf86fa851d754090f5cd72928c48260bab755d8175fca	87.800	543	0.884	1.000
b5e7ca71ef5af9ce9e3ffc10eebc77b2bb95d592400670484ee596f06be68e78	1022c07004d578e442bfe1322a8cc452edfa3514d361a8d0a4ca0718f71acac5	87.900	540	0.879	1.000
b5e7ca71ef5af9ce9e3ffc10eebc77b2bb95d592400670484ee596f06be68e78	0683327e5f5b15c7f3e2279cee9c776e76fecec45c13722acc6ec4eb049eab9d	87.800	541	0.881	1.000
b5e7ca71ef5af9ce9e3ffc10eebc77b2bb95d592400670484ee596f06be68e78	cf2a98fd41017bd27f53e9351e2c4fdd790d95d51f46b72f7ed7230a149fd2a1	87.400	543	0.884	1.000
b5e7ca71ef5af9ce9e3ffc10eebc77b2bb95d592400670484ee596f06be68e78	72ea4a816a41068509b449b0f70600e24986e8df67c8c22e733b557da1cb16fd	87.600	543	0.884	1.000
b5e7ca71ef5af9ce9e3ffc10eebc77b2bb95d592400670484ee596f06be68e78	4524e75314962a6d829cbaf8bc3c659319f35c3f899409f17a4510bd74a50567	87.900	540	0.879	1.000
b5e7ca71ef5af9ce9e3ffc10eebc77b2bb95d592400670484ee596f06be68e78	76e283a10aaf081ec593f57f2b1c038d9b93c8e7b8eeba2e0222a96cb47a79af	87.600	542	0.883	1.000
b5e7ca71ef5af9ce9e3ffc10eebc77b2bb95d592400670484ee596f06be68e78	d9f05f73c800cbb2dea4311adb254afbb9d1c4e8edbf12f2ca30d6a899e02ad0	87.400	542	0.883	1.000
b5e7ca71ef5af9ce9e3ffc10eebc77b2bb95d592400670484ee596f06be68e78	d7405c3c4a88a77ed251d79b2f6b5b867d65581890e30d7979201599fbff0d91	87.600	542	0.883	1.000
b5e7ca71ef5af9ce9e3ffc10eebc77b2bb95d592400670484ee596f06be68e78	91a9c9a00bf19d3b1730600410521fae94d84f27d2e4dd4493130229368e6d65	87.400	543	0.884	1.000
b5e7ca71ef5af9ce9e3ffc10eebc77b2bb95d592400670484ee596f06be68e78	e6636c0acbf00ea8803801357426a207dab7a583e4fd1e34dfbcc9d009483e99	87.600	541	0.881	1.000
b5e7ca71ef5af9ce9e3ffc10eebc77b2bb95d592400670484ee596f06be68e78	4071f595d4ec8cd616c516d2848b1a0b4e9fd927ac084d3cfc3b18f21f61bc61	87.500	540	0.879	1.000
b5e7ca71ef5af9ce9e3ffc10eebc77b2bb95d592400670484ee596f06be68e78	d31538984449226903adb44b8be864166db23353a2338271866d09a34f9e9697	87.200	542	0.883	1.000
b5e7ca71ef5af9ce9e3ffc10eebc77b2bb95d592400670484ee596f06be68e78	508ded4ba40cba7cc7fb42a6a2717e4e7e8d49ccad1eba838a44eb2449d25d0f	87.700	537	0.875	1.000
b5e7ca71ef5af9ce9e3ffc10eebc77b2bb95d592400670484ee596f06be68e78	8b29fd074744a8f8668df38ba7d4b9272f662cea9d7738d0651df52e5b955c4d	87.500	537	0.875	1.000
b5e7ca71ef5af9ce9e3ffc10eebc77b2bb95d592400670484ee596f06be68e78	c9a0313f02c540cc47a768d6d0cfd8e988fd159b8c230bcdf633fa34a42a17d9	87.300	539	0.878	1.000
b5e7ca71ef5af9ce9e3ffc10eebc77b2bb95d592400670484ee596f06be68e78	7aa76899b830ecbc59fd3e27aa89c863c1f64bb2953ddcd2a1f8fe92231b9c1f	87.300	538	0.876	1.000
26869a7fa856d719c193b67a32ea0b6e3508c17ae6b4a22b7ec5e3fcce984a5f	8ca0d94f63f7552d00627334cb9ec738203071e27e57d82940c6ac75e57fbae6	99.600	288	0.997	1.000
26869a7fa856d719c193b67a32ea0b6e3508c17ae6b4a22b7ec5e3fcce984a5f	19d02d4a7cadab3ff4d502d393e79fdd1f1288c04ae3fd47f4c33ef57ca6c86f	99.600	286	0.990	1.000
26869a7fa856d719c193b67a32ea0b6e3508c17ae6b4a22b7ec5e3fcce984a5f	b6bc21326479380234e18323459b948a5d91eb538595fc537d5bd2fbfde0b6a8	99.200	285	0.986	1.000
26869a7fa856d719c193b67a32ea0b6e3508c17ae6b4a22b7ec5e3fcce984a5f	cd9cab57610fb4701c5c2a75c8822662d05f931bf3fa7042e3e990bc61c1a1aa	99.300	286	0.990	1.000
26869a7fa856d719c193b67a32ea0b6e3508c17ae6b4a22b7ec5e3fcce984a5f	37f5fae5192c42720581bf470db80a3e16771da3cc572c77f77a2efc09adaef9	99.200	284	0.983	1.000
26869a7fa856d719c193b67a32ea0b6e3508c17ae6b4a22b7ec5e3fcce984a5f	547153b0c4e87b0b04c9bd97e9d26735ea0b426965b82bfa9b743e6dc4a12ac3	99.600	284	0.983	1.000
26869a7fa856d719c193b67a32ea0b6e3508c17ae6b4a22b7ec5e3fcce984a5f	7ec2b451d3ad817cbb9b5346c7cb00dd3b764b2839a5705db53f434af94e0fe0	99.600	282	0.976	1.000
26869a7fa856d719c193b67a32ea0b6e3508c17ae6b4a22b7ec5e3fcce984a5f	89f9ce1d6031bc935e1ba11d830f0b09b000c5ac33203a1a91ed6ae8a97f6c72	99.200	282	0.976	1.000
26869a7fa856d719c193b67a32ea0b6e3508c17ae6b4a22b7ec5e3fcce984a5f	0b25aa9f089b1ca68027c51058b5a6c8fb331aa5c0ece2104ed686a266833b38	99.200	282	0.976	1.000
26869a7fa856d719c193b67a32ea0b6e3508c17ae6b4a22b7ec5e3fcce984a5f	511e64b7fe24cc8785ee422ba00db4ff232c9ab0c7a974e8bd734a8b45884001	99.200	282	0.976	1.000
26869a7fa856d719c193b67a32ea0b6e3508c17ae6b4a22b7ec5e3fcce984a5f	81573aa75caaac9718ab3946806e29a3d8ae64173c09ef9a3c29f1446687373d	87.600	284	0.983	0.983
26869a7fa856d719c193b67a32ea0b6e3508c17ae6b4a22b7ec5e3fcce984a5f	b92f26f291a7ad20ca3846b066957bcbf072e16ff55a5026fba3b39ab4ecd27d	87.600	284	0.983	1.000
26869a7fa856d719c193b67a32ea0b6e3508c17ae6b4a22b7ec5e3fcce984a5f	d6e6502d27019477ddb3296652890f693d5945fb312fe0a97fdbdf2ea92ce00a	88.500	280	0.969	1.000
26869a7fa856d719c193b67a32ea0b6e3508c17ae6b4a22b7ec5e3fcce984a5f	a57ad8f58221dedb61d549369b59fe61e3c4a4063ffa3a243f1cf9a4fe8d6e1d	87.900	282	0.976	1.000
26869a7fa856d719c193b67a32ea0b6e3508c17ae6b4a22b7ec5e3fcce984a5f	f625d4d602c2967222be668478f1dbb30bca8f085175bde2c854a07982f76926	88.100	278	0.962	1.000
26869a7fa856d719c193b67a32ea0b6e3508c17ae6b4a22b7ec5e3fcce984a5f	45ec3b61c6f295a73dd39b5a5f3184ae259cb27660dbcb6d37fd777ad752991b	87.200	283	0.979	1.000
26869a7fa856d719c193b67a32ea0b6e3508c17ae6b4a22b7ec5e3fcce984a5f	6e3962c46a10e19fc33a7487108b67c0b17268d5aa8dc0eec82552fa8931004e	86.900	283	0.979	1.000
26869a7fa856d719c193b67a32ea0b6e3508c17ae6b4a22b7ec5e3fcce984a5f	a343992055e5f69082ff0767a9edc91637c0a6e5d29856c9f8997fec05e4bc96	85.200	284	0.983	1.000
26869a7fa856d719c193b67a32ea0b6e3508c17ae6b4a22b7ec5e3fcce984a5f	312077a0234e676eeb3e8218dd8fc7531b89aab8c0a86fe39055cb88a962cbbd	85.100	283	0.979	1.000
26869a7fa856d719c193b67a32ea0b6e3508c17ae6b4a22b7ec5e3fcce984a5f	29e0629193dc824a90d4fb09d65f25f140a1d79014712b3cdf7e4a50c9e47709	84.100	284	0.983	1.000
a9cb57d9fa1b90ad202c8b1e31e83669b7bf06c411ccbd564dc7dc94f04c130c	7d0881c8f91f7ca9a9027a3590d91b6bb3baffcf5baf0388ed04368d2fe46b5e	53.800	65	0.956	0.722
a9cb57d9fa1b90ad202c8b1e31e83669b7bf06c411ccbd564dc7dc94f04c130c	cf16a4fd0c9a49823ef475c26c7646a90db6cc04a25479162601bef8acb1769a	53.800	65	0.956	0.684
a9cb57d9fa1b90ad202c8b1e31e83669b7bf06c411ccbd564dc7dc94f04c130c	6a6dd5b9428faedc42d718f66b5c062cdca3b1fc302462e458ee0f9f59d5a257	57.300	68	1.000	0.688
a9cb57d9fa1b90ad202c8b1e31e83669b7bf06c411ccbd564dc7dc94f04c130c	bcc8b3b2ad6813f93649069bee9966ecc630da3e28bdfaf34e2c11e5d1f9947a	57.300	68	1.000	0.623
2709b182438598d2b9f146586fb2c8549857ef08c97505fddab5a0a8782aaee7	3c51fd8ce37aae2bc11be90007fc5e8fea0cb798244ef1d8b10f73b3eef069f4	31.900	204	0.548	0.731
2709b182438598d2b9f146586fb2c8549857ef08c97505fddab5a0a8782aaee7	328e638a411108e4961f36b4ea742215b2821b6befbfd1094f81bb1e6f2400d3	28.000	245	0.659	0.815
2709b182438598d2b9f146586fb2c8549857ef08c97505fddab5a0a8782aaee7	68d263d272df663782771e2727284513a09392e75322585eda09bf6ddc900f1c	28.000	245	0.659	0.815
2709b182438598d2b9f146586fb2c8549857ef08c97505fddab5a0a8782aaee7	51ef49071b00d7a6a46b4542281759edc65979fecde61d1976cecf1b7788a67f	28.000	245	0.659	0.854
2709b182438598d2b9f146586fb2c8549857ef08c97505fddab5a0a8782aaee7	85b8dbaf5a7b0abe6681ef70e623d182dbfff360e0f03f47f7ed66e28d132c3d	27.200	245	0.659	0.851
2709b182438598d2b9f146586fb2c8549857ef08c97505fddab5a0a8782aaee7	f80e1775e278cea20cecb990244fc2a7a447c134d61ff83da85fa797e835656c	24.600	299	0.804	0.847
2709b182438598d2b9f146586fb2c8549857ef08c97505fddab5a0a8782aaee7	e059cd0b395629825e28e0e9782d4b5659ff334b13a60e6c08c6e7ec61b98481	29.200	152	0.409	0.660
2709b182438598d2b9f146586fb2c8549857ef08c97505fddab5a0a8782aaee7	5fa8eb3391506fd7ae0f7e88f9e55613d660c21ad459d84c6a88f235038a0789	28.500	215	0.570	0.724
2709b182438598d2b9f146586fb2c8549857ef08c97505fddab5a0a8782aaee7	574136d04122b4f76ba4a35fe14358fc550b21feb1e28cbd5c6d3c75e5453140	25.100	216	0.581	0.729
2709b182438598d2b9f146586fb2c8549857ef08c97505fddab5a0a8782aaee7	ae227c5db744050b1d4e017463be97ea7221290db0bc24ddfabdec712960f7dc	25.100	216	0.581	0.723
2709b182438598d2b9f146586fb2c8549857ef08c97505fddab5a0a8782aaee7	a426859c2fdaf6ce556797ba9048d775c7853dfeea9e1be2f544a000e9a7c471	25.100	216	0.581	0.752
2709b182438598d2b9f146586fb2c8549857ef08c97505fddab5a0a8782aaee7	758d865388f9fb3767bd99e055023bdbb10a8511eaa54e1b2a2d077116f8f85e	25.100	216	0.581	0.757
2709b182438598d2b9f146586fb2c8549857ef08c97505fddab5a0a8782aaee7	77ce10b393d7c42ee0cc93f38875a7ed73f6ed58987c97e0201b8f668e125179	24.600	216	0.581	0.750
2709b182438598d2b9f146586fb2c8549857ef08c97505fddab5a0a8782aaee7	cf21b3a148aa287f48e547ec940578d8eb14976524a93e8790ec07c4af82419c	25.300	211	0.567	0.694
2709b182438598d2b9f146586fb2c8549857ef08c97505fddab5a0a8782aaee7	b5366aedc0c5463f45d8169155354aff98174536acc94905c952ebde0c831474	23.700	216	0.581	0.752
2709b182438598d2b9f146586fb2c8549857ef08c97505fddab5a0a8782aaee7	491838c637e038b138dac34f5b8b71838602a60419529e159fadf49d2e3af3b5	23.700	216	0.581	0.708
2709b182438598d2b9f146586fb2c8549857ef08c97505fddab5a0a8782aaee7	7dcadc45b2de1f948d1595ffcdb99a6150477360ba979cd03a7c83e7448de9ef	25.200	223	0.599	0.733
2709b182438598d2b9f146586fb2c8549857ef08c97505fddab5a0a8782aaee7	1ba2915bade76ed334209ac2007283753fcac82cd4964238333b80c2d3cb8b78	24.600	226	0.599	0.741
2709b182438598d2b9f146586fb2c8549857ef08c97505fddab5a0a8782aaee7	b5c11c0dca4639290f955618958d3b0b3ddee5d571c0bc843f46eb3ec8f9f64d	22.800	216	0.581	0.744
ca902a642fc8c3ae9c980b3d966076ad59a081f3d468a5a55c667e8effd23fd1	ca902a642fc8c3ae9c980b3d966076ad59a081f3d468a5a55c667e8effd23fd1	100.000	99	1.000	1.000
ca902a642fc8c3ae9c980b3d966076ad59a081f3d468a5a55c667e8effd23fd1	a97dfad666eb9b4304234768aa4c982d6b02ab7a1365b4883854952156dedf66	97.900	99	1.000	1.000
ca902a642fc8c3ae9c980b3d966076ad59a081f3d468a5a55c667e8effd23fd1	7090ea8fa6639ed85f70d4a5f97f59094103f8fdc332499bcfbcc3e57f6eaeed	96.900	99	1.000	1.000
ca902a642fc8c3ae9c980b3d966076ad59a081f3d468a5a55c667e8effd23fd1	9dce8f413ea049d3e40afc862261326662b9d3354aebbd1b1eabee34d08b30cb	96.900	99	1.000	1.000
ca902a642fc8c3ae9c980b3d966076ad59a081f3d468a5a55c667e8effd23fd1	e4bd303eb9ce731dbdcb461c9711ec57809d04822c2fac930ace4e7d1c2a1575	96.900	99	1.000	1.000
ca902a642fc8c3ae9c980b3d966076ad59a081f3d468a5a55c667e8effd23fd1	de8b3cd28e12a6df8c6ab127ef348468de5a773e5411e89e3aef92634db7d116	97.900	99	1.000	0.488
ca902a642fc8c3ae9c980b3d966076ad59a081f3d468a5a55c667e8effd23fd1	bcacdb1f8f0d4af184c7650992cbcb3f9317a631a7c590d30ad30bfe7c45e7d7	95.900	99	1.000	1.000
ca902a642fc8c3ae9c980b3d966076ad59a081f3d468a5a55c667e8effd23fd1	41e3cda64c349fb7d05454257e8ca50eb953160416f3d0ac32c249f5b1a47637	95.900	99	1.000	1.000
ca902a642fc8c3ae9c980b3d966076ad59a081f3d468a5a55c667e8effd23fd1	6186a870dd594f6239cb3cd595638f929771f9b56844b62d616df42426eb9617	95.900	99	1.000	1.000
ca902a642fc8c3ae9c980b3d966076ad59a081f3d468a5a55c667e8effd23fd1	d16b02a09c76b2c3c2c1a350828397794b4faa0bd6dc2b325159168683b0233f	94.900	99	1.000	1.000
ca902a642fc8c3ae9c980b3d966076ad59a081f3d468a5a55c667e8effd23fd1	7933b1f14c15eaf02d7380194e89894e342895cbb65aa13d9f7f9172072c23f6	94.900	99	1.000	1.000
ca902a642fc8c3ae9c980b3d966076ad59a081f3d468a5a55c667e8effd23fd1	3adf554e447d62ea1c4ac92183e3c5c56433f493178a30c3f109a4bb5ee50248	94.900	99	1.000	1.000
ca902a642fc8c3ae9c980b3d966076ad59a081f3d468a5a55c667e8effd23fd1	a2670e4db15636c7202f6a5f2f39c3edf2db6fdd19ee18787265f564073917dd	93.900	99	1.000	1.000
ca902a642fc8c3ae9c980b3d966076ad59a081f3d468a5a55c667e8effd23fd1	d4bafa6690b2f77533a7ccad6b1331804b854d786946be9569e5e1f10ea04723	93.900	99	1.000	1.000
ca902a642fc8c3ae9c980b3d966076ad59a081f3d468a5a55c667e8effd23fd1	0aa603626e64145f0b0dcae457353191999b9fe3947a48f35661c780d9131338	92.900	99	1.000	1.000
ca902a642fc8c3ae9c980b3d966076ad59a081f3d468a5a55c667e8effd23fd1	2127de0e4f430e1dfc4b12469945237a7274e2b21f239b0e2896d56cd5f462c7	93.900	99	1.000	1.000
ca902a642fc8c3ae9c980b3d966076ad59a081f3d468a5a55c667e8effd23fd1	f9bed90665ac0c980332b109662d7c6ab47ac83f76a80e19760f966b058352da	92.900	99	1.000	1.000
ca902a642fc8c3ae9c980b3d966076ad59a081f3d468a5a55c667e8effd23fd1	27160794cabc22ba884bb322ea745440e8beafc24777161fa20a84a3bd305908	93.900	99	1.000	1.000
ca902a642fc8c3ae9c980b3d966076ad59a081f3d468a5a55c667e8effd23fd1	594b2b9bd41148202bb0929aa9396af0713a9e5c763f6b4a9ef1936929511daa	93.900	99	1.000	1.000
ca902a642fc8c3ae9c980b3d966076ad59a081f3d468a5a55c667e8effd23fd1	7039ddf5b8f790c55199c0f490f5bbd7694f0616b3e724997a69ab54339ba258	93.900	99	1.000	1.000
082bd747c1a73e4c5c9f728f1b049b28225e5e704834e37f63a3e31801339e43	ef8bd29fba3ecaa5ce47f4d880a04a655d44fc38ee8e53bd702c77c878e308b6	32.800	217	0.687	0.942
082bd747c1a73e4c5c9f728f1b049b28225e5e704834e37f63a3e31801339e43	ae4f6a5dd0ae03e430ac1a42a321587e3f0e6a4083458a8e742aa817fce38020	32.800	217	0.687	0.938
9112bbed27c42f31d518060045f8f075e25408811ec7af9d1b9bb91c91cbd1d2	c37e4d47412e56c5fc8a595627aaf485c676029a8f3c38b5559879b218962a0d	26.200	452	0.928	0.982
9112bbed27c42f31d518060045f8f075e25408811ec7af9d1b9bb91c91cbd1d2	876db18c23d75b6bdf0fb270aeeb6b6014153c4c6a64ff26ed35a1f645424b43	26.200	452	0.928	0.975
9112bbed27c42f31d518060045f8f075e25408811ec7af9d1b9bb91c91cbd1d2	5cb3444876d7734f8eae54e395a0d339e26809df903e72f55b0721188a0a390a	31.900	197	0.396	0.749
9112bbed27c42f31d518060045f8f075e25408811ec7af9d1b9bb91c91cbd1d2	02536d275857d78976c54cd11ab8f644d2f98cf1e56ebbdac7169bbc376c8b50	31.900	197	0.396	0.724
9112bbed27c42f31d518060045f8f075e25408811ec7af9d1b9bb91c91cbd1d2	68ec7b19f3f17b23455df7a73b4c3f33cdc948959e74dbb3826be4d99baafdef	31.900	197	0.396	0.719
9112bbed27c42f31d518060045f8f075e25408811ec7af9d1b9bb91c91cbd1d2	f834ab77e81ed2a3d0c66f0ff386e6a7b5dbce3de56950154a5ca0931464d952	31.900	197	0.396	0.714
9112bbed27c42f31d518060045f8f075e25408811ec7af9d1b9bb91c91cbd1d2	506e42b23c1416b1d58b4e80ab5e47a25ab8b9731f48e70d395ffd52ed9b930b	32.200	189	0.382	0.636
9112bbed27c42f31d518060045f8f075e25408811ec7af9d1b9bb91c91cbd1d2	cd5d8eaa19bfba958e3500b97e06f0e093d657c02867d4935b3fc8644778ef12	33.300	189	0.372	0.612
9112bbed27c42f31d518060045f8f075e25408811ec7af9d1b9bb91c91cbd1d2	8cfa9b3836dfde436c8a531aa092c35840c6e8966e478130b30e6a1a3919e50d	33.300	189	0.372	0.600
9112bbed27c42f31d518060045f8f075e25408811ec7af9d1b9bb91c91cbd1d2	9c0c24637836a29a4baaccdd66496da7cdefaa5cce2ee6cf58bacc9d6735e418	20.600	179	0.361	0.549
df3cdfc6d8b7f5fd038c1a301b4a2a6f0e30d9b7140556d623c29eed71041537	ef8bd29fba3ecaa5ce47f4d880a04a655d44fc38ee8e53bd702c77c878e308b6	34.700	217	0.648	0.942
df3cdfc6d8b7f5fd038c1a301b4a2a6f0e30d9b7140556d623c29eed71041537	ae4f6a5dd0ae03e430ac1a42a321587e3f0e6a4083458a8e742aa817fce38020	34.700	217	0.648	0.938
e3d665dad3dbf6901bc5aeccd28ef9d87f5be7797ab459a04aa59f95824cf051	f6440e26b2047fe10a988e0ec2ec42f0d93eaf9469e6ef9943943286d9c99918	100.000	367	0.929	1.000
e3d665dad3dbf6901bc5aeccd28ef9d87f5be7797ab459a04aa59f95824cf051	27a31a4fb4c5e2127f24050f241eedb6a64234ffcef46509328784c37bb01ad2	100.000	365	0.924	1.000
e3d665dad3dbf6901bc5aeccd28ef9d87f5be7797ab459a04aa59f95824cf051	cb65ec22b172c4fe617f2fbf0c6193607bbe524d170b29793facd535f30ffb98	100.000	364	0.922	1.000
e3d665dad3dbf6901bc5aeccd28ef9d87f5be7797ab459a04aa59f95824cf051	b2e5a0af01f2a8f4cbcdfe7a3c809ae1b3d051b23a776af059d3a7bcce053699	99.100	367	0.929	1.000
e3d665dad3dbf6901bc5aeccd28ef9d87f5be7797ab459a04aa59f95824cf051	c5956133b747104e16cb1380b795c6bd55cbaef7fbfe8713b339d097781ed74e	99.700	363	0.919	1.000
e3d665dad3dbf6901bc5aeccd28ef9d87f5be7797ab459a04aa59f95824cf051	30023c59dfbee439df2fae3797ab218c4adedc7e35ff8fab48b902ca1969d86f	99.100	364	0.922	1.000
e3d665dad3dbf6901bc5aeccd28ef9d87f5be7797ab459a04aa59f95824cf051	e3fa4457562c40f7de98431b8a3c0ece07fcec87c1777181d09f85fcae614378	99.100	363	0.919	1.000
e3d665dad3dbf6901bc5aeccd28ef9d87f5be7797ab459a04aa59f95824cf051	703ae65e84b3dd0ce53bb597571037d388b07978b2161e301eb13f61fb2a72af	98.000	367	0.929	1.000
e3d665dad3dbf6901bc5aeccd28ef9d87f5be7797ab459a04aa59f95824cf051	3a79bdfdf150fb8bf9ce45325c4efa56ba00db4e823fcd3dc0afaf121857d230	97.500	367	0.929	1.000
e3d665dad3dbf6901bc5aeccd28ef9d87f5be7797ab459a04aa59f95824cf051	cb7496749dbc516d2f8bba51a0c7b06ebf9bcd88d14a81121212a89481297d98	86.900	359	0.909	1.000
e3d665dad3dbf6901bc5aeccd28ef9d87f5be7797ab459a04aa59f95824cf051	de53050f290fd47708bd95d86e4169786a8ff2bf8020306a157145e000c2fb04	85.900	363	0.919	1.000
e3d665dad3dbf6901bc5aeccd28ef9d87f5be7797ab459a04aa59f95824cf051	29c5f040a5c74b8d0ed8cf6b295c2ce07086d5c76d1664f45dfb4f9d9bd3465e	40.600	350	0.873	0.943
e3d665dad3dbf6901bc5aeccd28ef9d87f5be7797ab459a04aa59f95824cf051	1d11b16627a0c0ea4ed1cd767ab7bc0a801adceff36dde9b4bd2b51500a1261d	43.000	321	0.813	0.952
e3d665dad3dbf6901bc5aeccd28ef9d87f5be7797ab459a04aa59f95824cf051	a06756ddc11640bc1b174e269e1878d1dd421bee551cc1cd20ed5ed3efbf12d6	27.300	305	0.772	0.952
e3d665dad3dbf6901bc5aeccd28ef9d87f5be7797ab459a04aa59f95824cf051	39a9db03eeb2ed00bfefdd6e7f0e50ba79bf4a5aad943038dd8f4cc7591d07f6	25.100	314	0.795	0.984
e3d665dad3dbf6901bc5aeccd28ef9d87f5be7797ab459a04aa59f95824cf051	d84d746c273b5a5144c45f582e97dfae66b89d6ecad3e6d565d5700d5d1aa2c0	25.100	314	0.795	0.984
e3d665dad3dbf6901bc5aeccd28ef9d87f5be7797ab459a04aa59f95824cf051	12ea4226d907c2140a7d2fd953fc49807476cabdeb513bce4503ac8f5ea45549	25.100	314	0.795	0.984
e3d665dad3dbf6901bc5aeccd28ef9d87f5be7797ab459a04aa59f95824cf051	64b6543c55807060a1b868c2f32937d70c85a0222529b4f6b693139bb7c0bd93	24.800	314	0.795	0.984
e3d665dad3dbf6901bc5aeccd28ef9d87f5be7797ab459a04aa59f95824cf051	46a2b842a486cbf1dc4e24dccc7051e9a9987321967e987b41eff74734015670	24.800	314	0.795	0.984
e3d665dad3dbf6901bc5aeccd28ef9d87f5be7797ab459a04aa59f95824cf051	d5a99204a714d1ea9c030bfb7e061fc4cd091e10dcb1e3db6d09afccba9c4d3d	24.800	314	0.795	0.984
d0585182abfe2660fcd5620b5c3f32efaee168ba28962936eb79aeeaa4b6ccac	ef8bd29fba3ecaa5ce47f4d880a04a655d44fc38ee8e53bd702c77c878e308b6	39.100	174	0.866	0.841
d0585182abfe2660fcd5620b5c3f32efaee168ba28962936eb79aeeaa4b6ccac	ae4f6a5dd0ae03e430ac1a42a321587e3f0e6a4083458a8e742aa817fce38020	39.100	174	0.866	0.837
c9adc660f0a8f88edf839615c955e2bac3bde14a330ad17b30f0ad69a6ae863a	dda8f691572a041e411b846ae6081fecfb58860b3b2be716e7a54c31f1082441	99.900	1016	0.917	1.000
c9adc660f0a8f88edf839615c955e2bac3bde14a330ad17b30f0ad69a6ae863a	ac00cd87115cce7f4da4bac5d99502d2216c1d24f8375c3cbec60132d626343d	99.900	1015	0.916	1.000
c9adc660f0a8f88edf839615c955e2bac3bde14a330ad17b30f0ad69a6ae863a	a2860071227de1e1351b5f56c082ff4964a22413b1d688bd2884b8004393b342	99.900	1014	0.915	1.000
c9adc660f0a8f88edf839615c955e2bac3bde14a330ad17b30f0ad69a6ae863a	af3f3d0540e6a90a4fac2ae021e125ccd1f8b5f18edee578b1c1ce7a5a27d263	99.800	1016	0.917	1.000
c9adc660f0a8f88edf839615c955e2bac3bde14a330ad17b30f0ad69a6ae863a	5126f652c37bf5b3a144065c4f94e6eaad372c2191eff7caae208f84ea2c8dd9	99.800	1015	0.916	1.000
38ca5e634eb5cd46ae5ef5e06402c7180f60defc0bca976f5ecd648e9abe19e2	6f25f5a86b44ecdbdd92fe990d0d80fe4f7da7bd15a3813316d098dfac341cfa	36.900	268	0.876	0.992
38ca5e634eb5cd46ae5ef5e06402c7180f60defc0bca976f5ecd648e9abe19e2	e5c905228cb39bcc415c86347b68d7fed610433e580678744433ed4ff4f3e814	36.900	268	0.876	0.988
38ca5e634eb5cd46ae5ef5e06402c7180f60defc0bca976f5ecd648e9abe19e2	d6a830845addd7c6b6fd2dd6be51ffdce79a65ad29518f71c7b35f7269251eb8	35.100	268	0.876	0.996
38ca5e634eb5cd46ae5ef5e06402c7180f60defc0bca976f5ecd648e9abe19e2	986e1a4a22c1a606c74ca61f39688b21f55b20cc6ca2c237dbd683d473a6fc90	35.100	268	0.876	0.988
38ca5e634eb5cd46ae5ef5e06402c7180f60defc0bca976f5ecd648e9abe19e2	8046237a234f355b0b0dd103cecd6d5e7010a46f10e883440ccc95f3cc2619c4	35.000	268	0.876	0.988
38ca5e634eb5cd46ae5ef5e06402c7180f60defc0bca976f5ecd648e9abe19e2	c9aca97d4ce14b8a2831cb1de8ca5c26abe7f616fee11227965355133c4af3fe	35.000	268	0.876	0.992
38ca5e634eb5cd46ae5ef5e06402c7180f60defc0bca976f5ecd648e9abe19e2	c5d659964ec3d5ac1dc1b58c5c1b2d842d521eb24a4d8131df11064d2f206981	35.000	268	0.876	0.984
38ca5e634eb5cd46ae5ef5e06402c7180f60defc0bca976f5ecd648e9abe19e2	c8065dce43d773eb40784ca2cdd2032a399123b7bab62a15605dc3c90a8ee0bb	35.000	268	0.876	0.996
38ca5e634eb5cd46ae5ef5e06402c7180f60defc0bca976f5ecd648e9abe19e2	201e9b71ee9cd1d6393fab8b87bb85e3a80debaf706d51e68d00e6434773b0e1	35.000	268	0.876	0.992
38ca5e634eb5cd46ae5ef5e06402c7180f60defc0bca976f5ecd648e9abe19e2	f2ff887d6e010fbda310b8115fb06e73b0d87044e3302f118d676f374f55b0f9	35.000	268	0.876	0.992
38ca5e634eb5cd46ae5ef5e06402c7180f60defc0bca976f5ecd648e9abe19e2	79bf34944dab41970269ca97ff35e83c37ec0319e95e2aefa8d6c19c9853f68e	35.000	268	0.876	0.988
38ca5e634eb5cd46ae5ef5e06402c7180f60defc0bca976f5ecd648e9abe19e2	b4a59934163d13dd02737a5f6606eb5c71b7b456679890113aa99a87050c10cd	35.000	268	0.876	0.984
38ca5e634eb5cd46ae5ef5e06402c7180f60defc0bca976f5ecd648e9abe19e2	44e11502a5ead9ba0f39c25c884c56037b4d00044c2b9ea5cb839a95508d9770	34.700	268	0.876	0.988
38ca5e634eb5cd46ae5ef5e06402c7180f60defc0bca976f5ecd648e9abe19e2	b1532736daad2f022a5e5d48f41d8951823719b6aac760b018079ee62ebe00c8	34.700	268	0.876	0.996
38ca5e634eb5cd46ae5ef5e06402c7180f60defc0bca976f5ecd648e9abe19e2	97d5a6773ebf1e9f038dbaefa00fc05a091ea69f7fd18404d9e2f00ef98c45ca	34.700	268	0.876	0.992
38ca5e634eb5cd46ae5ef5e06402c7180f60defc0bca976f5ecd648e9abe19e2	ac462f0270d841afc5a87624a64a7e67e0714b31945af0f9d776391c0db5ead3	34.700	268	0.876	0.996
38ca5e634eb5cd46ae5ef5e06402c7180f60defc0bca976f5ecd648e9abe19e2	efd6ca3e8cff103c9921ddc092ab648268cc0ffe9ab98e82aae1e5965b6ee3bc	34.700	268	0.876	0.988
38ca5e634eb5cd46ae5ef5e06402c7180f60defc0bca976f5ecd648e9abe19e2	c35e2f2f613049607361eb599f7d2226f741245ef00a9bac5dc5d40c3318ed86	34.700	268	0.876	0.992
38ca5e634eb5cd46ae5ef5e06402c7180f60defc0bca976f5ecd648e9abe19e2	14146435c9b8d2bfab5c515c65c610be844d635c3e6b384fb1c0d0016f334548	34.700	268	0.876	0.984
38ca5e634eb5cd46ae5ef5e06402c7180f60defc0bca976f5ecd648e9abe19e2	7fcf95605fc55a40c50b6e2e37877ebd09f6f75f46b08deb031f83e25c41e002	35.200	258	0.843	0.957
bcf54e5ee792576ea03147481c7b6def19656aacc910871eac2ed0034fc7afe3	81573aa75caaac9718ab3946806e29a3d8ae64173c09ef9a3c29f1446687373d	99.300	289	1.000	1.000
bcf54e5ee792576ea03147481c7b6def19656aacc910871eac2ed0034fc7afe3	b92f26f291a7ad20ca3846b066957bcbf072e16ff55a5026fba3b39ab4ecd27d	99.600	284	0.983	1.000
bcf54e5ee792576ea03147481c7b6def19656aacc910871eac2ed0034fc7afe3	d6e6502d27019477ddb3296652890f693d5945fb312fe0a97fdbdf2ea92ce00a	100.000	280	0.969	1.000
bcf54e5ee792576ea03147481c7b6def19656aacc910871eac2ed0034fc7afe3	a57ad8f58221dedb61d549369b59fe61e3c4a4063ffa3a243f1cf9a4fe8d6e1d	99.200	282	0.976	1.000
bcf54e5ee792576ea03147481c7b6def19656aacc910871eac2ed0034fc7afe3	f625d4d602c2967222be668478f1dbb30bca8f085175bde2c854a07982f76926	100.000	277	0.958	0.996
bcf54e5ee792576ea03147481c7b6def19656aacc910871eac2ed0034fc7afe3	45ec3b61c6f295a73dd39b5a5f3184ae259cb27660dbcb6d37fd777ad752991b	98.200	282	0.976	0.996
bcf54e5ee792576ea03147481c7b6def19656aacc910871eac2ed0034fc7afe3	6e3962c46a10e19fc33a7487108b67c0b17268d5aa8dc0eec82552fa8931004e	97.500	282	0.976	0.996
bcf54e5ee792576ea03147481c7b6def19656aacc910871eac2ed0034fc7afe3	a343992055e5f69082ff0767a9edc91637c0a6e5d29856c9f8997fec05e4bc96	95.400	284	0.983	1.000
bcf54e5ee792576ea03147481c7b6def19656aacc910871eac2ed0034fc7afe3	312077a0234e676eeb3e8218dd8fc7531b89aab8c0a86fe39055cb88a962cbbd	95.700	282	0.976	0.996
bcf54e5ee792576ea03147481c7b6def19656aacc910871eac2ed0034fc7afe3	29e0629193dc824a90d4fb09d65f25f140a1d79014712b3cdf7e4a50c9e47709	94.000	284	0.983	1.000
bcf54e5ee792576ea03147481c7b6def19656aacc910871eac2ed0034fc7afe3	1f0f7ab552e25943fc6913338eee76305a35e1a98fa3df35845e38cc47975ac3	94.300	282	0.976	0.996
bcf54e5ee792576ea03147481c7b6def19656aacc910871eac2ed0034fc7afe3	547153b0c4e87b0b04c9bd97e9d26735ea0b426965b82bfa9b743e6dc4a12ac3	88.300	284	0.983	1.000
bcf54e5ee792576ea03147481c7b6def19656aacc910871eac2ed0034fc7afe3	19d02d4a7cadab3ff4d502d393e79fdd1f1288c04ae3fd47f4c33ef57ca6c86f	88.300	284	0.983	0.993
bcf54e5ee792576ea03147481c7b6def19656aacc910871eac2ed0034fc7afe3	7ec2b451d3ad817cbb9b5346c7cb00dd3b764b2839a5705db53f434af94e0fe0	88.600	282	0.976	1.000
bcf54e5ee792576ea03147481c7b6def19656aacc910871eac2ed0034fc7afe3	8ca0d94f63f7552d00627334cb9ec738203071e27e57d82940c6ac75e57fbae6	88.600	282	0.976	0.979
bcf54e5ee792576ea03147481c7b6def19656aacc910871eac2ed0034fc7afe3	cd9cab57610fb4701c5c2a75c8822662d05f931bf3fa7042e3e990bc61c1a1aa	88.000	284	0.983	0.993
bcf54e5ee792576ea03147481c7b6def19656aacc910871eac2ed0034fc7afe3	b6bc21326479380234e18323459b948a5d91eb538595fc537d5bd2fbfde0b6a8	87.300	284	0.983	0.996
bcf54e5ee792576ea03147481c7b6def19656aacc910871eac2ed0034fc7afe3	89f9ce1d6031bc935e1ba11d830f0b09b000c5ac33203a1a91ed6ae8a97f6c72	88.200	282	0.976	1.000
bcf54e5ee792576ea03147481c7b6def19656aacc910871eac2ed0034fc7afe3	0b25aa9f089b1ca68027c51058b5a6c8fb331aa5c0ece2104ed686a266833b38	88.200	282	0.976	1.000
bcf54e5ee792576ea03147481c7b6def19656aacc910871eac2ed0034fc7afe3	511e64b7fe24cc8785ee422ba00db4ff232c9ab0c7a974e8bd734a8b45884001	88.200	282	0.976	1.000
01c0d53eee55f396ad88469dbc13bfab92eef5c636c230bdeb1904f457b550e7	25cc5cea3e2e7a8528bb25936b966fabce6c212825d8a9120e9fea1fc55caa19	32.200	149	0.763	0.788
01c0d53eee55f396ad88469dbc13bfab92eef5c636c230bdeb1904f457b550e7	6b681aa96c51432371934357386eeced78682dea73bf1b733e452ad825e531f7	28.400	157	0.769	0.813
01c0d53eee55f396ad88469dbc13bfab92eef5c636c230bdeb1904f457b550e7	1b6ddbc9c8e66522e75af4046bc89cace833bd81d27546b7e1617443f9b27af4	27.800	157	0.769	0.813
01c0d53eee55f396ad88469dbc13bfab92eef5c636c230bdeb1904f457b550e7	e05778c470a9ae98178ae0e35b3fcaa3f7bb07fa111b4dea0b6b7138cb272af7	27.800	157	0.769	0.813
01c0d53eee55f396ad88469dbc13bfab92eef5c636c230bdeb1904f457b550e7	0014517448403d17d9830366629438d68fbcf731c2de49d6d58fa5b2fac14232	31.700	103	0.538	0.640
01c0d53eee55f396ad88469dbc13bfab92eef5c636c230bdeb1904f457b550e7	5e2a0fee9a09f9617ada11d8862afa07dbd0882468fcd16eb025ce27865bd036	31.500	113	0.538	0.657
01c0d53eee55f396ad88469dbc13bfab92eef5c636c230bdeb1904f457b550e7	f508e94207830fd02a36ce2661fac3a1957207ead51e4434d3b76edbb37e750b	30.700	113	0.538	0.649
01c0d53eee55f396ad88469dbc13bfab92eef5c636c230bdeb1904f457b550e7	e09f1efc1870314414308084c22f5ab5de161971e3b8c00694d41f62ffaf6a96	31.500	113	0.538	0.649
01c0d53eee55f396ad88469dbc13bfab92eef5c636c230bdeb1904f457b550e7	bc61ff44db0070b709ed4e369e5b6febd8b73b7d3a49ca81249426102db7b91b	30.700	113	0.538	0.661
01c0d53eee55f396ad88469dbc13bfab92eef5c636c230bdeb1904f457b550e7	d8fc4aa4620a8434cd7ec6d00ec133668ccfaa11a518d9dfa619923df2f7b4d3	30.700	113	0.538	0.649
ea8ac0e59e5abcdcef19530ce7d998c3498141442cf228bd87375a5f08695da0	a0610e293348b285d2ddaa3c216fa020850342fd338659c51de94433ac694616	57.500	172	0.396	0.994
2ca842f3e7a01314833c340d495dc171c89dca6271a7cf89edb90e6194b06fa3	3c51fd8ce37aae2bc11be90007fc5e8fea0cb798244ef1d8b10f73b3eef069f4	29.200	198	0.471	0.742
2ca842f3e7a01314833c340d495dc171c89dca6271a7cf89edb90e6194b06fa3	68d263d272df663782771e2727284513a09392e75322585eda09bf6ddc900f1c	27.400	237	0.564	0.804
2ca842f3e7a01314833c340d495dc171c89dca6271a7cf89edb90e6194b06fa3	328e638a411108e4961f36b4ea742215b2821b6befbfd1094f81bb1e6f2400d3	27.400	237	0.564	0.804
2ca842f3e7a01314833c340d495dc171c89dca6271a7cf89edb90e6194b06fa3	1959ae5adb4a7d1e7ad58239d3f45f722f3332c800dc0a1aa96992cc3e58ac7b	28.200	279	0.664	0.861
2ca842f3e7a01314833c340d495dc171c89dca6271a7cf89edb90e6194b06fa3	51ef49071b00d7a6a46b4542281759edc65979fecde61d1976cecf1b7788a67f	27.300	237	0.564	0.842
2ca842f3e7a01314833c340d495dc171c89dca6271a7cf89edb90e6194b06fa3	758d865388f9fb3767bd99e055023bdbb10a8511eaa54e1b2a2d077116f8f85e	31.100	204	0.486	0.745
2ca842f3e7a01314833c340d495dc171c89dca6271a7cf89edb90e6194b06fa3	77ce10b393d7c42ee0cc93f38875a7ed73f6ed58987c97e0201b8f668e125179	30.700	204	0.486	0.738
2ca842f3e7a01314833c340d495dc171c89dca6271a7cf89edb90e6194b06fa3	a426859c2fdaf6ce556797ba9048d775c7853dfeea9e1be2f544a000e9a7c471	31.100	204	0.486	0.740
2ca842f3e7a01314833c340d495dc171c89dca6271a7cf89edb90e6194b06fa3	574136d04122b4f76ba4a35fe14358fc550b21feb1e28cbd5c6d3c75e5453140	30.700	204	0.486	0.717
2ca842f3e7a01314833c340d495dc171c89dca6271a7cf89edb90e6194b06fa3	ae227c5db744050b1d4e017463be97ea7221290db0bc24ddfabdec712960f7dc	30.700	204	0.486	0.712
2ca842f3e7a01314833c340d495dc171c89dca6271a7cf89edb90e6194b06fa3	491838c637e038b138dac34f5b8b71838602a60419529e159fadf49d2e3af3b5	31.000	202	0.481	0.690
2ca842f3e7a01314833c340d495dc171c89dca6271a7cf89edb90e6194b06fa3	85b8dbaf5a7b0abe6681ef70e623d182dbfff360e0f03f47f7ed66e28d132c3d	25.700	237	0.564	0.839
2ca842f3e7a01314833c340d495dc171c89dca6271a7cf89edb90e6194b06fa3	44c347a34540830b3c891da8b1b80b87d9b112189e3eab48527c3a6fc174c606	29.500	179	0.426	0.248
2ca842f3e7a01314833c340d495dc171c89dca6271a7cf89edb90e6194b06fa3	c48df3a3b69a9575bf4a900f3905a1771f2e66e7e479b890fbe23c2ccda5c08f	29.300	179	0.426	0.246
2ca842f3e7a01314833c340d495dc171c89dca6271a7cf89edb90e6194b06fa3	b5366aedc0c5463f45d8169155354aff98174536acc94905c952ebde0c831474	30.700	204	0.486	0.740
2ca842f3e7a01314833c340d495dc171c89dca6271a7cf89edb90e6194b06fa3	504882b6ab04a2922ebab11cf63737368af4bb6d32d71bddd1342ee4b5177e06	26.400	281	0.669	0.638
2ca842f3e7a01314833c340d495dc171c89dca6271a7cf89edb90e6194b06fa3	e059cd0b395629825e28e0e9782d4b5659ff334b13a60e6c08c6e7ec61b98481	32.200	149	0.355	0.665
2ca842f3e7a01314833c340d495dc171c89dca6271a7cf89edb90e6194b06fa3	cd91e735333f21a908e0478b67b21ad3262be7b20dd173ba170933f9ee35e17c	26.600	281	0.669	0.639
2ca842f3e7a01314833c340d495dc171c89dca6271a7cf89edb90e6194b06fa3	b5c11c0dca4639290f955618958d3b0b3ddee5d571c0bc843f46eb3ec8f9f64d	29.800	204	0.486	0.732
2ca842f3e7a01314833c340d495dc171c89dca6271a7cf89edb90e6194b06fa3	f80e1775e278cea20cecb990244fc2a7a447c134d61ff83da85fa797e835656c	24.400	272	0.648	0.729
045de6b23d69dba05552c9aae2f5507478a5c7eddd1a1641df8082b145478595	b7099dd8f3bacd3138341dda9dc7ba7cd602ad16efb7e616f6da4bbdf192e8a7	100.000	423	0.367	1.000
045de6b23d69dba05552c9aae2f5507478a5c7eddd1a1641df8082b145478595	aa2fa1d25cd2c9ecdd2c816948bee2a5c18d992737ab8fea02193762629d13cb	100.000	421	0.365	1.000
045de6b23d69dba05552c9aae2f5507478a5c7eddd1a1641df8082b145478595	78819a718474f38feee77030818203e01d980d28a15e33a68d5a6a91fa14c808	100.000	420	0.364	1.000
045de6b23d69dba05552c9aae2f5507478a5c7eddd1a1641df8082b145478595	8dad15c83ad03fc61a11e1451d3bab75e2bced73ee8a309dde26a836e10a0839	99.500	421	0.365	1.000
045de6b23d69dba05552c9aae2f5507478a5c7eddd1a1641df8082b145478595	396877c0c92ee84dae6cae9504a252175594c8cffd5abbcde5b973170bd32b4c	87.100	421	0.365	1.000
045de6b23d69dba05552c9aae2f5507478a5c7eddd1a1641df8082b145478595	5813c1c2f4c5ec7c708da7eca19d75e104c37e065ef443e02722084509ba39ef	87.300	420	0.364	1.000
045de6b23d69dba05552c9aae2f5507478a5c7eddd1a1641df8082b145478595	3403935b16021ef5cc43a77ee2f8a72c832dfd2d6333481e7964b0047dae7aa6	87.300	419	0.363	1.000
045de6b23d69dba05552c9aae2f5507478a5c7eddd1a1641df8082b145478595	2219c16aa0ea521ff475f0393ed174122389fab28f4675a86276e55e36f7c703	86.400	421	0.365	1.000
045de6b23d69dba05552c9aae2f5507478a5c7eddd1a1641df8082b145478595	898e5cde1fce5eb9b66b7857352462c2be294a12f67ba5ce1160677141a8028e	86.400	421	0.365	1.000
045de6b23d69dba05552c9aae2f5507478a5c7eddd1a1641df8082b145478595	90070d216e12846d2f2a6dbb35a2f72b2cfea9a390d9717487fe3d248c9ed6dc	86.200	421	0.365	1.000
045de6b23d69dba05552c9aae2f5507478a5c7eddd1a1641df8082b145478595	c17ebcefca749c1c7aa5b1b7fe6211c46f66163180db3989aa2ef2048b18f417	86.200	421	0.365	1.000
045de6b23d69dba05552c9aae2f5507478a5c7eddd1a1641df8082b145478595	3ce8bf333448fe7c4cc4af088c6b06e32f1e20c0ebc40896b8f88e0ea906c8bd	86.400	420	0.364	1.000
045de6b23d69dba05552c9aae2f5507478a5c7eddd1a1641df8082b145478595	c8314590dc305dc9bed46c12b50e84de4177e02293dd21608b5bb524251b53fe	85.900	421	0.365	1.000
045de6b23d69dba05552c9aae2f5507478a5c7eddd1a1641df8082b145478595	22750177b6975683f0a781074749e5e17370aa03c075baefa07b164a76eceacb	86.100	420	0.364	1.000
045de6b23d69dba05552c9aae2f5507478a5c7eddd1a1641df8082b145478595	373b1df3f79525f1c06cd4b87ba68051e747099b9b765633b967d00ea2275995	86.300	419	0.363	1.000
045de6b23d69dba05552c9aae2f5507478a5c7eddd1a1641df8082b145478595	286213e06c0b0681c8dcd797bba699066cbee7c0e9f73021e5f1912647100d5f	86.100	419	0.363	1.000
045de6b23d69dba05552c9aae2f5507478a5c7eddd1a1641df8082b145478595	07f69eab5410b207f2a1879b200a24e49afdea22bb5302864177fd7a835cf8ac	86.100	419	0.363	1.000
045de6b23d69dba05552c9aae2f5507478a5c7eddd1a1641df8082b145478595	18559192ccded7bbfb8abb1c32d82534d4401115073fbee74c635def6c42728a	85.700	421	0.365	1.000
045de6b23d69dba05552c9aae2f5507478a5c7eddd1a1641df8082b145478595	aa88b821c57c0f0307ea98424f8d49f822df527429f517f420abe990cbb0f07d	85.900	421	0.365	1.000
045de6b23d69dba05552c9aae2f5507478a5c7eddd1a1641df8082b145478595	ba30050e23d93470a6e26f514758570b0e1773f95dbe21ee97833ee5af425aa9	86.100	420	0.364	1.000
cd7dd028626046fea489897e531d98143cda5d44fb84fd9664ebd6f5864fa302	033bf49b6a7f4a3b85a3db05f9da83deb50d8d7df0adb5ae73b1a531d3c3d977	88.200	729	0.952	1.000
cd7dd028626046fea489897e531d98143cda5d44fb84fd9664ebd6f5864fa302	71c2740e74b7f22352a7d6fc11aefa716498444c067829081a8f772fb45d50ac	88.100	728	0.950	1.000
cd7dd028626046fea489897e531d98143cda5d44fb84fd9664ebd6f5864fa302	4882c79944ed08a77698bca7301266297cd631278a7495f234ba07870205a914	88.000	728	0.950	1.000
cd7dd028626046fea489897e531d98143cda5d44fb84fd9664ebd6f5864fa302	4380bd0701828a9a1c954859e49266283f0adf82f19e1d1947c1cb736aa7dff8	88.100	726	0.948	1.000
cd7dd028626046fea489897e531d98143cda5d44fb84fd9664ebd6f5864fa302	a5ccd642452686563360a47e9f7984ec245713811f92b43301ae8fdc4407ae6d	87.600	728	0.950	0.996
cd7dd028626046fea489897e531d98143cda5d44fb84fd9664ebd6f5864fa302	30904469a6e44dc44c94bb54a9d632d713ac40f5f5e5af189f617dafd39cf8ee	87.700	726	0.948	0.999
cd7dd028626046fea489897e531d98143cda5d44fb84fd9664ebd6f5864fa302	e586759df1de563379fe94f4ccd1be9fa651e987da2df846805d43011b450b57	87.800	726	0.948	0.999
cd7dd028626046fea489897e531d98143cda5d44fb84fd9664ebd6f5864fa302	38b2009c532832ad74d36b0471b608dddb78a76e850552531d9054898488161c	87.600	726	0.948	0.999
cd7dd028626046fea489897e531d98143cda5d44fb84fd9664ebd6f5864fa302	5468710912db493e81535980ad72e9eee04b7816be7c70da7549fbc79a09a5f5	26.400	202	0.264	0.346
955979c609c58538ca00aee39b91bfe3f7988d4c5d7ac63d68ced1c874449011	49739dd04b8f79f033fb07b4b3f9ac8023e6cd71436cd8e42894471fb2d5e48f	43.400	340	0.697	0.934
955979c609c58538ca00aee39b91bfe3f7988d4c5d7ac63d68ced1c874449011	c591cc4bd2c565cd7621edc24cd95e488a38068002f017febed353c17397eb99	43.400	340	0.697	0.934
955979c609c58538ca00aee39b91bfe3f7988d4c5d7ac63d68ced1c874449011	6b63e853f838a4d367cbbe20a898f37a45fc226fbb197609036452d5bdca036b	43.400	340	0.697	0.929
955979c609c58538ca00aee39b91bfe3f7988d4c5d7ac63d68ced1c874449011	e2b3c5b9fbb5fc6726a848a069a1bd1ace3559cc2b23049b5afb28da66e1ecf2	43.400	340	0.697	0.937
955979c609c58538ca00aee39b91bfe3f7988d4c5d7ac63d68ced1c874449011	147b48cb47d84a2d4a4a4aa895f53fa10ac18ec6340143c7fa78015a5c1b44ec	43.600	340	0.697	0.933
955979c609c58538ca00aee39b91bfe3f7988d4c5d7ac63d68ced1c874449011	e55393f0ac941bfa1920a1865e3cdb65642ca7bf3656ec458eac077155287763	43.800	340	0.697	0.933
955979c609c58538ca00aee39b91bfe3f7988d4c5d7ac63d68ced1c874449011	54ba81f5274f2a91a83e84e107fed2aa53fd2f2e250f40f5f9633e4e94e290ae	43.600	340	0.697	0.943
955979c609c58538ca00aee39b91bfe3f7988d4c5d7ac63d68ced1c874449011	a398b1e4e2333dd90591befc4b4b377b3e9c30e5a9672c4c892adc87ff428510	43.600	340	0.697	0.938
955979c609c58538ca00aee39b91bfe3f7988d4c5d7ac63d68ced1c874449011	c2d9ce9433ecd156761131f7ca6d8ec2956e2f6ed82117a31aac7963ec1d7871	43.600	340	0.697	0.930
955979c609c58538ca00aee39b91bfe3f7988d4c5d7ac63d68ced1c874449011	5810d6056798a6f1dad62d60a81d232d7abeafe23181f00967b2ba9418cb1d3b	43.400	340	0.697	0.933
955979c609c58538ca00aee39b91bfe3f7988d4c5d7ac63d68ced1c874449011	9122255256a5381a5b57d44fb28f32803fe9453c3396db3390234c299ed03fb9	43.600	340	0.697	0.935
955979c609c58538ca00aee39b91bfe3f7988d4c5d7ac63d68ced1c874449011	de94092eca57c6cc35062170c9a8415805788f220aaa0f98d3ca8065f9627dbc	43.400	340	0.697	0.933
955979c609c58538ca00aee39b91bfe3f7988d4c5d7ac63d68ced1c874449011	95da4882101b4652cefbb2a521a55972a13e9d2318cb5d30823fe55e8c61c646	43.400	340	0.697	0.930
955979c609c58538ca00aee39b91bfe3f7988d4c5d7ac63d68ced1c874449011	71f56cf04394323cf4a77c6f4af0314f51e54cadb3c953419f5c37de935a5c5a	43.100	340	0.697	0.933
955979c609c58538ca00aee39b91bfe3f7988d4c5d7ac63d68ced1c874449011	703a90828e33150af043e15088bc0f82d80e4f56aa71d863f7e9d3174a382d22	42.800	340	0.697	0.934
955979c609c58538ca00aee39b91bfe3f7988d4c5d7ac63d68ced1c874449011	157258a221bab3da29adb3a69636d92a5d197e65dcbf6b20a86df5a7c66b3721	35.500	312	0.637	0.839
955979c609c58538ca00aee39b91bfe3f7988d4c5d7ac63d68ced1c874449011	10a168b5a6c86333dfd0e5fe7bb7de5b4e83ea16ee80ccf15459ff15ae6b2216	24.500	253	0.518	0.678
955979c609c58538ca00aee39b91bfe3f7988d4c5d7ac63d68ced1c874449011	6a8559a03a0e5c50d82ddd86e4681d0cb6dccdd97693fda93c29d756591c83d4	24.500	253	0.518	0.677
955979c609c58538ca00aee39b91bfe3f7988d4c5d7ac63d68ced1c874449011	3761b53f1ee9bc7182c26ebd4d4fbca2804c69aed08a4f75f0f6373e017a30f6	24.500	253	0.518	0.677
955979c609c58538ca00aee39b91bfe3f7988d4c5d7ac63d68ced1c874449011	d493d580d6c35b925f1df1f2c4cea0f652893fbc8c5cabb453715ebc2e939a7b	24.500	253	0.518	0.664
4212e6c5e472fd686b30c69e8d14749addd3c89eee2f3eab47f1d4c1637dfa2c	216696a046e74223005a614889e8dd0ce66655c6cc861557774b914028cdc761	99.100	223	0.907	1.000
4212e6c5e472fd686b30c69e8d14749addd3c89eee2f3eab47f1d4c1637dfa2c	5ec0ead1f04f99d06a4a0c254609080ff9e7e54915be1fa326cebb63ed44e43f	98.200	223	0.907	1.000
4212e6c5e472fd686b30c69e8d14749addd3c89eee2f3eab47f1d4c1637dfa2c	d4ce2f3e0dd0ee8d5961db76d8adaf4bb0a9e3aaa73a5410dbb78d14aeeadef1	98.200	223	0.907	1.000
4212e6c5e472fd686b30c69e8d14749addd3c89eee2f3eab47f1d4c1637dfa2c	27a513f635019ff085cdda6173bf91ef46450b7544d22e1d41722a2818a41eba	98.200	223	0.907	1.000
4212e6c5e472fd686b30c69e8d14749addd3c89eee2f3eab47f1d4c1637dfa2c	0cc3dfe58fb54267206f1e3f70d4d2ebfc66aaa66d7770892837532d0f070646	98.200	223	0.907	1.000
4212e6c5e472fd686b30c69e8d14749addd3c89eee2f3eab47f1d4c1637dfa2c	a3d060d891a11a497018d2c5569693fc97f23d51891881ad739b49401e77740d	97.700	223	0.907	1.000
4212e6c5e472fd686b30c69e8d14749addd3c89eee2f3eab47f1d4c1637dfa2c	5d2160c3db147edd87a2fd482e82a71d46a05253dd1442550068a3b97997c717	97.300	223	0.907	1.000
4212e6c5e472fd686b30c69e8d14749addd3c89eee2f3eab47f1d4c1637dfa2c	3b4dc623871344ba3fd4dea22d19f6057b606ca5f1fa8275bcfaaa514bbe94b0	96.800	223	0.907	1.000
4212e6c5e472fd686b30c69e8d14749addd3c89eee2f3eab47f1d4c1637dfa2c	68825a12ee70a5ae3db757ce935e946b258de8b5b27ab9e550437c209c25833d	96.400	223	0.907	1.000
4212e6c5e472fd686b30c69e8d14749addd3c89eee2f3eab47f1d4c1637dfa2c	5cf852b79ad589e479aa23bcc2817c23cf79b58d0592c8a43e7d4fba7a06a2c4	82.000	223	0.907	1.000
4212e6c5e472fd686b30c69e8d14749addd3c89eee2f3eab47f1d4c1637dfa2c	e2de816a06c035a0aa58fcb88812efef4ad295c76c3e3808321daabc7228572a	73.500	223	0.907	1.000
4212e6c5e472fd686b30c69e8d14749addd3c89eee2f3eab47f1d4c1637dfa2c	19c62e6fdf1ca9aac04cf8dd824e5d747fecefb2debbf5564da10794b11a7ef9	73.500	223	0.907	1.000
4212e6c5e472fd686b30c69e8d14749addd3c89eee2f3eab47f1d4c1637dfa2c	5ba6b7254dae923d68a38451c7bad31d5489ee850b79b38f9c93bd0095de351f	73.000	223	0.907	1.000
4212e6c5e472fd686b30c69e8d14749addd3c89eee2f3eab47f1d4c1637dfa2c	d8c40bd563532d3830fdca66ec599c9a9d7bba1bff8de0417e90f436f77f9f25	72.600	223	0.907	0.996
4212e6c5e472fd686b30c69e8d14749addd3c89eee2f3eab47f1d4c1637dfa2c	2c778f8dc99cafab8c5c4caa9ca87bc8b07f0cf2a0f0c313bd86c5b12d1f2aab	71.700	223	0.907	1.000
4212e6c5e472fd686b30c69e8d14749addd3c89eee2f3eab47f1d4c1637dfa2c	ae9d8362a9006b6af3ec05127a62c88efb874ae35ad9f13e217e63d4d2e34537	65.700	222	0.902	0.995
4212e6c5e472fd686b30c69e8d14749addd3c89eee2f3eab47f1d4c1637dfa2c	5036eb2e719e9a70b6801a51dc583db0132dd532c5d59d026a4c03d88ba91051	65.600	221	0.898	1.000
4212e6c5e472fd686b30c69e8d14749addd3c89eee2f3eab47f1d4c1637dfa2c	bdd7e18fbc44629f61e3110ed917e6ec39a64f81fac6c0a13f46bae8037fc48e	65.700	222	0.902	0.995
4212e6c5e472fd686b30c69e8d14749addd3c89eee2f3eab47f1d4c1637dfa2c	01fa0544386494e3137d00dba3f6b193df5ac8e255555044bb030ce2ef537105	40.800	221	0.894	0.991
4212e6c5e472fd686b30c69e8d14749addd3c89eee2f3eab47f1d4c1637dfa2c	5eff612c190d774fbf3e33e199ba7ed798f1dd30e841b6327e3ce770d3360d17	36.600	226	0.907	1.000
5984030bde3ab4a24395ba03f8b47e00a01937d8a6dffa1a7c3b57d08f36caa5	f67440d144eccf45ba283ad06b97d82d895bc1791d687baf2e8228463e340c3d	27.700	305	0.729	0.869
5984030bde3ab4a24395ba03f8b47e00a01937d8a6dffa1a7c3b57d08f36caa5	328e638a411108e4961f36b4ea742215b2821b6befbfd1094f81bb1e6f2400d3	24.800	234	0.598	0.800
5984030bde3ab4a24395ba03f8b47e00a01937d8a6dffa1a7c3b57d08f36caa5	51ef49071b00d7a6a46b4542281759edc65979fecde61d1976cecf1b7788a67f	26.300	234	0.598	0.838
5984030bde3ab4a24395ba03f8b47e00a01937d8a6dffa1a7c3b57d08f36caa5	68d263d272df663782771e2727284513a09392e75322585eda09bf6ddc900f1c	27.000	234	0.598	0.801
5984030bde3ab4a24395ba03f8b47e00a01937d8a6dffa1a7c3b57d08f36caa5	77ce10b393d7c42ee0cc93f38875a7ed73f6ed58987c97e0201b8f668e125179	27.500	196	0.501	0.738
5984030bde3ab4a24395ba03f8b47e00a01937d8a6dffa1a7c3b57d08f36caa5	491838c637e038b138dac34f5b8b71838602a60419529e159fadf49d2e3af3b5	27.000	196	0.501	0.697
5984030bde3ab4a24395ba03f8b47e00a01937d8a6dffa1a7c3b57d08f36caa5	758d865388f9fb3767bd99e055023bdbb10a8511eaa54e1b2a2d077116f8f85e	27.500	196	0.501	0.745
5984030bde3ab4a24395ba03f8b47e00a01937d8a6dffa1a7c3b57d08f36caa5	574136d04122b4f76ba4a35fe14358fc550b21feb1e28cbd5c6d3c75e5453140	27.000	196	0.501	0.717
5984030bde3ab4a24395ba03f8b47e00a01937d8a6dffa1a7c3b57d08f36caa5	ae227c5db744050b1d4e017463be97ea7221290db0bc24ddfabdec712960f7dc	27.000	196	0.501	0.712
5984030bde3ab4a24395ba03f8b47e00a01937d8a6dffa1a7c3b57d08f36caa5	a426859c2fdaf6ce556797ba9048d775c7853dfeea9e1be2f544a000e9a7c471	27.000	196	0.501	0.740
5984030bde3ab4a24395ba03f8b47e00a01937d8a6dffa1a7c3b57d08f36caa5	85b8dbaf5a7b0abe6681ef70e623d182dbfff360e0f03f47f7ed66e28d132c3d	24.500	234	0.598	0.835
5984030bde3ab4a24395ba03f8b47e00a01937d8a6dffa1a7c3b57d08f36caa5	b5366aedc0c5463f45d8169155354aff98174536acc94905c952ebde0c831474	27.100	196	0.501	0.740
5984030bde3ab4a24395ba03f8b47e00a01937d8a6dffa1a7c3b57d08f36caa5	b5c11c0dca4639290f955618958d3b0b3ddee5d571c0bc843f46eb3ec8f9f64d	27.000	196	0.501	0.732
5984030bde3ab4a24395ba03f8b47e00a01937d8a6dffa1a7c3b57d08f36caa5	c48df3a3b69a9575bf4a900f3905a1771f2e66e7e479b890fbe23c2ccda5c08f	28.900	177	0.453	0.257
5984030bde3ab4a24395ba03f8b47e00a01937d8a6dffa1a7c3b57d08f36caa5	44c347a34540830b3c891da8b1b80b87d9b112189e3eab48527c3a6fc174c606	29.500	177	0.453	0.259
5984030bde3ab4a24395ba03f8b47e00a01937d8a6dffa1a7c3b57d08f36caa5	f8fa617d2196c2e2b556c159f13fa36392d2ec75381cdfd61630428855cd1ebc	24.600	224	0.529	0.783
5984030bde3ab4a24395ba03f8b47e00a01937d8a6dffa1a7c3b57d08f36caa5	4210ad916b05ae2d57914160a5eb05d99281d9eee50fb1b4b161261a25566768	24.300	226	0.529	0.777
5984030bde3ab4a24395ba03f8b47e00a01937d8a6dffa1a7c3b57d08f36caa5	cf21b3a148aa287f48e547ec940578d8eb14976524a93e8790ec07c4af82419c	32.300	103	0.235	0.339
5984030bde3ab4a24395ba03f8b47e00a01937d8a6dffa1a7c3b57d08f36caa5	57df43953904755f5a350fc97816b43bdaec909640887589f271752710e6cc4b	32.300	103	0.235	0.334
5984030bde3ab4a24395ba03f8b47e00a01937d8a6dffa1a7c3b57d08f36caa5	31e39ead8b2e7b20cf091e11b90364d6d67005e32f11cba89df79681175cb54b	32.300	103	0.235	0.331
721595553d881234455031cdaf6a565e80e7ff6f4f8f4fd53da883b1e3bb6517	9a69f923b2bf45e20eed3905266ca7b53741b020e6fa203a9eddd813d4676ce3	28.300	376	0.597	0.714
721595553d881234455031cdaf6a565e80e7ff6f4f8f4fd53da883b1e3bb6517	0fb879da9be1b5029e2f03b78419810db3a9a5372dab75e4e95b7a38eb42fbaf	28.300	376	0.597	0.713
721595553d881234455031cdaf6a565e80e7ff6f4f8f4fd53da883b1e3bb6517	96bc14d3065c18370765770912bf3655de616c458543f8eb0987ae20382cc951	28.400	375	0.595	0.714
ea604ed7205f6778d46f9ba20f4fd1de8938ca8feb49d831fe140a59d052c126	51ef49071b00d7a6a46b4542281759edc65979fecde61d1976cecf1b7788a67f	30.500	249	0.184	0.913
ea604ed7205f6778d46f9ba20f4fd1de8938ca8feb49d831fe140a59d052c126	328e638a411108e4961f36b4ea742215b2821b6befbfd1094f81bb1e6f2400d3	29.700	249	0.184	0.870
ea604ed7205f6778d46f9ba20f4fd1de8938ca8feb49d831fe140a59d052c126	68d263d272df663782771e2727284513a09392e75322585eda09bf6ddc900f1c	29.300	249	0.184	0.871
ea604ed7205f6778d46f9ba20f4fd1de8938ca8feb49d831fe140a59d052c126	85b8dbaf5a7b0abe6681ef70e623d182dbfff360e0f03f47f7ed66e28d132c3d	29.500	249	0.184	0.912
ea604ed7205f6778d46f9ba20f4fd1de8938ca8feb49d831fe140a59d052c126	a426859c2fdaf6ce556797ba9048d775c7853dfeea9e1be2f544a000e9a7c471	31.000	212	0.157	0.767
ea604ed7205f6778d46f9ba20f4fd1de8938ca8feb49d831fe140a59d052c126	758d865388f9fb3767bd99e055023bdbb10a8511eaa54e1b2a2d077116f8f85e	31.000	212	0.157	0.772
ea604ed7205f6778d46f9ba20f4fd1de8938ca8feb49d831fe140a59d052c126	b5366aedc0c5463f45d8169155354aff98174536acc94905c952ebde0c831474	30.500	212	0.157	0.767
ea604ed7205f6778d46f9ba20f4fd1de8938ca8feb49d831fe140a59d052c126	f80e1775e278cea20cecb990244fc2a7a447c134d61ff83da85fa797e835656c	25.300	295	0.197	0.868
ea604ed7205f6778d46f9ba20f4fd1de8938ca8feb49d831fe140a59d052c126	3c51fd8ce37aae2bc11be90007fc5e8fea0cb798244ef1d8b10f73b3eef069f4	28.900	223	0.162	0.845
ea604ed7205f6778d46f9ba20f4fd1de8938ca8feb49d831fe140a59d052c126	574136d04122b4f76ba4a35fe14358fc550b21feb1e28cbd5c6d3c75e5453140	30.100	212	0.157	0.743
ea604ed7205f6778d46f9ba20f4fd1de8938ca8feb49d831fe140a59d052c126	ae227c5db744050b1d4e017463be97ea7221290db0bc24ddfabdec712960f7dc	30.100	212	0.157	0.738
ea604ed7205f6778d46f9ba20f4fd1de8938ca8feb49d831fe140a59d052c126	77ce10b393d7c42ee0cc93f38875a7ed73f6ed58987c97e0201b8f668e125179	30.100	212	0.157	0.765
ea604ed7205f6778d46f9ba20f4fd1de8938ca8feb49d831fe140a59d052c126	491838c637e038b138dac34f5b8b71838602a60419529e159fadf49d2e3af3b5	29.400	210	0.155	0.716
ea604ed7205f6778d46f9ba20f4fd1de8938ca8feb49d831fe140a59d052c126	b5c11c0dca4639290f955618958d3b0b3ddee5d571c0bc843f46eb3ec8f9f64d	29.200	212	0.157	0.760
ea604ed7205f6778d46f9ba20f4fd1de8938ca8feb49d831fe140a59d052c126	cf21b3a148aa287f48e547ec940578d8eb14976524a93e8790ec07c4af82419c	27.100	282	0.208	0.895
ea604ed7205f6778d46f9ba20f4fd1de8938ca8feb49d831fe140a59d052c126	f8fa617d2196c2e2b556c159f13fa36392d2ec75381cdfd61630428855cd1ebc	26.400	212	0.150	0.741
ea604ed7205f6778d46f9ba20f4fd1de8938ca8feb49d831fe140a59d052c126	57df43953904755f5a350fc97816b43bdaec909640887589f271752710e6cc4b	29.700	211	0.150	0.685
ea604ed7205f6778d46f9ba20f4fd1de8938ca8feb49d831fe140a59d052c126	31e39ead8b2e7b20cf091e11b90364d6d67005e32f11cba89df79681175cb54b	29.700	211	0.150	0.678
ea604ed7205f6778d46f9ba20f4fd1de8938ca8feb49d831fe140a59d052c126	4210ad916b05ae2d57914160a5eb05d99281d9eee50fb1b4b161261a25566768	26.600	207	0.143	0.711
ea604ed7205f6778d46f9ba20f4fd1de8938ca8feb49d831fe140a59d052c126	e059cd0b395629825e28e0e9782d4b5659ff334b13a60e6c08c6e7ec61b98481	27.000	144	0.106	0.660
2a5c3173293b02025db072c77174be6a288eb4a6f97c0af6a9f7c8fe8ab5d3a2	328e638a411108e4961f36b4ea742215b2821b6befbfd1094f81bb1e6f2400d3	30.900	217	0.627	0.759
2a5c3173293b02025db072c77174be6a288eb4a6f97c0af6a9f7c8fe8ab5d3a2	68d263d272df663782771e2727284513a09392e75322585eda09bf6ddc900f1c	30.900	217	0.627	0.760
2a5c3173293b02025db072c77174be6a288eb4a6f97c0af6a9f7c8fe8ab5d3a2	51ef49071b00d7a6a46b4542281759edc65979fecde61d1976cecf1b7788a67f	30.100	217	0.627	0.794
2a5c3173293b02025db072c77174be6a288eb4a6f97c0af6a9f7c8fe8ab5d3a2	3c51fd8ce37aae2bc11be90007fc5e8fea0cb798244ef1d8b10f73b3eef069f4	30.700	196	0.566	0.735
2a5c3173293b02025db072c77174be6a288eb4a6f97c0af6a9f7c8fe8ab5d3a2	85b8dbaf5a7b0abe6681ef70e623d182dbfff360e0f03f47f7ed66e28d132c3d	29.400	217	0.627	0.791
2a5c3173293b02025db072c77174be6a288eb4a6f97c0af6a9f7c8fe8ab5d3a2	a426859c2fdaf6ce556797ba9048d775c7853dfeea9e1be2f544a000e9a7c471	28.700	207	0.598	0.752
2a5c3173293b02025db072c77174be6a288eb4a6f97c0af6a9f7c8fe8ab5d3a2	574136d04122b4f76ba4a35fe14358fc550b21feb1e28cbd5c6d3c75e5453140	28.300	207	0.598	0.729
2a5c3173293b02025db072c77174be6a288eb4a6f97c0af6a9f7c8fe8ab5d3a2	ae227c5db744050b1d4e017463be97ea7221290db0bc24ddfabdec712960f7dc	28.300	207	0.598	0.723
2a5c3173293b02025db072c77174be6a288eb4a6f97c0af6a9f7c8fe8ab5d3a2	491838c637e038b138dac34f5b8b71838602a60419529e159fadf49d2e3af3b5	28.300	207	0.598	0.708
2a5c3173293b02025db072c77174be6a288eb4a6f97c0af6a9f7c8fe8ab5d3a2	758d865388f9fb3767bd99e055023bdbb10a8511eaa54e1b2a2d077116f8f85e	28.300	207	0.598	0.757
2a5c3173293b02025db072c77174be6a288eb4a6f97c0af6a9f7c8fe8ab5d3a2	5fa8eb3391506fd7ae0f7e88f9e55613d660c21ad459d84c6a88f235038a0789	30.700	251	0.705	0.845
2a5c3173293b02025db072c77174be6a288eb4a6f97c0af6a9f7c8fe8ab5d3a2	77ce10b393d7c42ee0cc93f38875a7ed73f6ed58987c97e0201b8f668e125179	27.800	207	0.598	0.750
2a5c3173293b02025db072c77174be6a288eb4a6f97c0af6a9f7c8fe8ab5d3a2	f8fa617d2196c2e2b556c159f13fa36392d2ec75381cdfd61630428855cd1ebc	29.600	223	0.601	0.780
2a5c3173293b02025db072c77174be6a288eb4a6f97c0af6a9f7c8fe8ab5d3a2	b5366aedc0c5463f45d8169155354aff98174536acc94905c952ebde0c831474	27.800	207	0.598	0.752
2a5c3173293b02025db072c77174be6a288eb4a6f97c0af6a9f7c8fe8ab5d3a2	f80e1775e278cea20cecb990244fc2a7a447c134d61ff83da85fa797e835656c	23.800	236	0.682	0.671
2a5c3173293b02025db072c77174be6a288eb4a6f97c0af6a9f7c8fe8ab5d3a2	e059cd0b395629825e28e0e9782d4b5659ff334b13a60e6c08c6e7ec61b98481	27.100	196	0.566	0.749
2a5c3173293b02025db072c77174be6a288eb4a6f97c0af6a9f7c8fe8ab5d3a2	4210ad916b05ae2d57914160a5eb05d99281d9eee50fb1b4b161261a25566768	29.600	216	0.569	0.742
2a5c3173293b02025db072c77174be6a288eb4a6f97c0af6a9f7c8fe8ab5d3a2	c48df3a3b69a9575bf4a900f3905a1771f2e66e7e479b890fbe23c2ccda5c08f	27.500	222	0.642	0.330
2a5c3173293b02025db072c77174be6a288eb4a6f97c0af6a9f7c8fe8ab5d3a2	b5c11c0dca4639290f955618958d3b0b3ddee5d571c0bc843f46eb3ec8f9f64d	27.300	207	0.598	0.744
2a5c3173293b02025db072c77174be6a288eb4a6f97c0af6a9f7c8fe8ab5d3a2	44c347a34540830b3c891da8b1b80b87d9b112189e3eab48527c3a6fc174c606	27.500	222	0.642	0.334
9316344cadd690ed25fa24ddffd4f3d0a3c43595159f06b35882a24fad7eeac5	c35e2f2f613049607361eb599f7d2226f741245ef00a9bac5dc5d40c3318ed86	33.200	238	0.991	0.930
9316344cadd690ed25fa24ddffd4f3d0a3c43595159f06b35882a24fad7eeac5	14146435c9b8d2bfab5c515c65c610be844d635c3e6b384fb1c0d0016f334548	33.200	238	0.991	0.922
9316344cadd690ed25fa24ddffd4f3d0a3c43595159f06b35882a24fad7eeac5	8046237a234f355b0b0dd103cecd6d5e7010a46f10e883440ccc95f3cc2619c4	33.200	238	0.991	0.926
9316344cadd690ed25fa24ddffd4f3d0a3c43595159f06b35882a24fad7eeac5	c8065dce43d773eb40784ca2cdd2032a399123b7bab62a15605dc3c90a8ee0bb	33.200	238	0.991	0.933
9316344cadd690ed25fa24ddffd4f3d0a3c43595159f06b35882a24fad7eeac5	201e9b71ee9cd1d6393fab8b87bb85e3a80debaf706d51e68d00e6434773b0e1	33.200	238	0.991	0.930
9316344cadd690ed25fa24ddffd4f3d0a3c43595159f06b35882a24fad7eeac5	f2ff887d6e010fbda310b8115fb06e73b0d87044e3302f118d676f374f55b0f9	33.200	238	0.991	0.930
9316344cadd690ed25fa24ddffd4f3d0a3c43595159f06b35882a24fad7eeac5	c9aca97d4ce14b8a2831cb1de8ca5c26abe7f616fee11227965355133c4af3fe	33.200	238	0.991	0.930
9316344cadd690ed25fa24ddffd4f3d0a3c43595159f06b35882a24fad7eeac5	79bf34944dab41970269ca97ff35e83c37ec0319e95e2aefa8d6c19c9853f68e	33.200	238	0.991	0.926
9316344cadd690ed25fa24ddffd4f3d0a3c43595159f06b35882a24fad7eeac5	b4a59934163d13dd02737a5f6606eb5c71b7b456679890113aa99a87050c10cd	33.200	238	0.991	0.922
9316344cadd690ed25fa24ddffd4f3d0a3c43595159f06b35882a24fad7eeac5	7fcf95605fc55a40c50b6e2e37877ebd09f6f75f46b08deb031f83e25c41e002	33.200	238	0.991	0.922
9316344cadd690ed25fa24ddffd4f3d0a3c43595159f06b35882a24fad7eeac5	44e11502a5ead9ba0f39c25c884c56037b4d00044c2b9ea5cb839a95508d9770	32.800	238	0.991	0.926
9316344cadd690ed25fa24ddffd4f3d0a3c43595159f06b35882a24fad7eeac5	b1532736daad2f022a5e5d48f41d8951823719b6aac760b018079ee62ebe00c8	32.800	238	0.991	0.933
9316344cadd690ed25fa24ddffd4f3d0a3c43595159f06b35882a24fad7eeac5	97d5a6773ebf1e9f038dbaefa00fc05a091ea69f7fd18404d9e2f00ef98c45ca	32.800	238	0.991	0.930
9316344cadd690ed25fa24ddffd4f3d0a3c43595159f06b35882a24fad7eeac5	ac462f0270d841afc5a87624a64a7e67e0714b31945af0f9d776391c0db5ead3	32.800	238	0.991	0.933
9316344cadd690ed25fa24ddffd4f3d0a3c43595159f06b35882a24fad7eeac5	efd6ca3e8cff103c9921ddc092ab648268cc0ffe9ab98e82aae1e5965b6ee3bc	32.800	238	0.991	0.926
9316344cadd690ed25fa24ddffd4f3d0a3c43595159f06b35882a24fad7eeac5	c5d659964ec3d5ac1dc1b58c5c1b2d842d521eb24a4d8131df11064d2f206981	32.800	238	0.991	0.922
9316344cadd690ed25fa24ddffd4f3d0a3c43595159f06b35882a24fad7eeac5	ad6923ab8623100769b94a3d9f48e4325111cf0356a66c2289dd5b10d11b0bed	34.000	239	0.991	0.934
9316344cadd690ed25fa24ddffd4f3d0a3c43595159f06b35882a24fad7eeac5	9fff98c39c07ba44a28486cb5b962012a116564e6c3798e08bfe2ed6dc2cd1c6	34.000	239	0.991	0.930
9316344cadd690ed25fa24ddffd4f3d0a3c43595159f06b35882a24fad7eeac5	e9257927f35ef0f28a45db75697e6a8af7bc4f5de7450c094a5e2aee443dfe90	34.000	239	0.991	0.926
9316344cadd690ed25fa24ddffd4f3d0a3c43595159f06b35882a24fad7eeac5	df7aa00442f89dbcb943d7ea043854121a4ec17febdaf280b9d0e8c96d5a8401	34.000	239	0.991	0.919
945503af92aaf7249f2e75bca39d256776f6291f530341444ebe0caf7edce7f3	f0732a1291123349bb481b1ee13655275dc0259cbe93ee0e79e1eb2d205acaff	54.600	378	0.730	0.984
945503af92aaf7249f2e75bca39d256776f6291f530341444ebe0caf7edce7f3	b15998206d34826cfe82e9759f37c7b8f39b14674cb4f0b170cd7256c023433a	54.400	382	0.730	0.982
945503af92aaf7249f2e75bca39d256776f6291f530341444ebe0caf7edce7f3	d815f90ccc8d6546447dd25fa5d74bd91c652395d8578986deac80002f2866d3	54.400	382	0.730	0.979
945503af92aaf7249f2e75bca39d256776f6291f530341444ebe0caf7edce7f3	01ee221f596e31bb44279014f3ca0a54b7c29e58fa8f29e7e758045a5b723ea3	54.400	382	0.730	0.967
945503af92aaf7249f2e75bca39d256776f6291f530341444ebe0caf7edce7f3	c2dbd664afdbc677c06578131fa4609bacfec55c57c2eb6c7432e45becd46e65	54.100	382	0.730	0.985
945503af92aaf7249f2e75bca39d256776f6291f530341444ebe0caf7edce7f3	691435e6699bad196f5324d85e91fcb1f63ebf6edb78d4e94a5cfa3f20987071	54.400	378	0.722	0.982
945503af92aaf7249f2e75bca39d256776f6291f530341444ebe0caf7edce7f3	48f881d90103ae2ea6ee2fdbf80feadd5ac3d19f6408a07084bbc1f16994768b	54.000	378	0.730	0.984
945503af92aaf7249f2e75bca39d256776f6291f530341444ebe0caf7edce7f3	45f6d80ca79beb943439dbbd388e36c06e05ff574b3c3cd7503874bce43d4e9d	54.000	378	0.730	0.976
945503af92aaf7249f2e75bca39d256776f6291f530341444ebe0caf7edce7f3	70687f70332fa48ea3bf8c0cc3224699300a8127247bc92763488b39645e4f3c	54.200	378	0.730	0.984
945503af92aaf7249f2e75bca39d256776f6291f530341444ebe0caf7edce7f3	3b7b31e065f4388f37d2cfeec8dec8e86416ab880b8817ce64220dfb8e55c5b9	54.200	377	0.728	0.984
945503af92aaf7249f2e75bca39d256776f6291f530341444ebe0caf7edce7f3	9cbcf7e2ea9122993bd27770cf9b42d2a6dcaaf15cae2e770df59f2a3c98d6d7	54.200	378	0.730	0.984
945503af92aaf7249f2e75bca39d256776f6291f530341444ebe0caf7edce7f3	c3c51905b4056e3d7f218aced696c2f5ff5e5752598be013d1f1685f75f5e828	54.000	378	0.730	0.984
945503af92aaf7249f2e75bca39d256776f6291f530341444ebe0caf7edce7f3	c16b36f0ff9cd3d913f77d5a656a07ee43bcf3a551573340ed56cdf5c959e329	54.000	378	0.730	0.976
945503af92aaf7249f2e75bca39d256776f6291f530341444ebe0caf7edce7f3	066c9bdcdd69354fca3baaa025402a6da283c55ff1c509db0c2696ea69b0c29e	54.200	378	0.730	0.981
945503af92aaf7249f2e75bca39d256776f6291f530341444ebe0caf7edce7f3	e0c513558b087834c865da668fc2a8089067c12a15932782ec732d087ecec579	54.200	377	0.728	0.984
945503af92aaf7249f2e75bca39d256776f6291f530341444ebe0caf7edce7f3	182c93bdea635b141b202de09a07294bdbd816bf37b48e3f6ce86b496cf2272b	54.200	378	0.730	0.981
945503af92aaf7249f2e75bca39d256776f6291f530341444ebe0caf7edce7f3	c994f63d2a8c0c2ba0692def509c380972e5c85d9c588e47123e0eebb7095069	54.200	378	0.730	0.976
945503af92aaf7249f2e75bca39d256776f6291f530341444ebe0caf7edce7f3	a1f1c35b1ea3d703598fecdc44fb9f701e9ea9fdeb3802f8ba4c36c77b1351a2	54.200	378	0.730	0.981
945503af92aaf7249f2e75bca39d256776f6291f530341444ebe0caf7edce7f3	787262acc269b1de9aff1f2e3b475e45ce032186c3a9844a8e1e00b10d7e6359	54.900	373	0.720	0.989
945503af92aaf7249f2e75bca39d256776f6291f530341444ebe0caf7edce7f3	a7bbd0d867c868f71915f75d8218713ca8fe0ab30c727e2004091b37386fa6c5	54.600	377	0.728	0.989
23b6754f6a67b569b65b484f39b4e3b3b31c0bc26faef3c05c060e2b35de8ca9	46de96c1fe55a8c131c5e0a89d6e1312340d9a2bf8ca3fa06891f565af588e2a	91.900	286	0.459	0.880
23b6754f6a67b569b65b484f39b4e3b3b31c0bc26faef3c05c060e2b35de8ca9	3a8fe1c6fa7940e946ec6e146738fed341ee4cb89c9e832eff932508ec2fa2f4	91.900	286	0.459	0.877
23b6754f6a67b569b65b484f39b4e3b3b31c0bc26faef3c05c060e2b35de8ca9	deba864c514eb42b99bfb3cacba47a7309b36f9f3ddd8342360206e0195e653c	91.900	286	0.459	0.875
23b6754f6a67b569b65b484f39b4e3b3b31c0bc26faef3c05c060e2b35de8ca9	6bee24c384d620bb86b435d139e9cf50bd8efbc5267792b5cbb5c65513f39e0b	91.900	286	0.459	0.872
23b6754f6a67b569b65b484f39b4e3b3b31c0bc26faef3c05c060e2b35de8ca9	181bd81535fa5caf8760fd89fecf98bb24a4c373560e38e1c9a50260724fc1e3	91.900	284	0.456	0.871
23b6754f6a67b569b65b484f39b4e3b3b31c0bc26faef3c05c060e2b35de8ca9	669b46ad72c195278f9b416a5cedfd42431a6fa58dc088c350de6014a1c9a3b6	56.800	285	0.457	0.990
23b6754f6a67b569b65b484f39b4e3b3b31c0bc26faef3c05c060e2b35de8ca9	456bcf7f4b732cb0b81eb45c883a736ca0fcd40decdbcf5798d161cf3d7d7f38	56.800	285	0.457	0.997
23b6754f6a67b569b65b484f39b4e3b3b31c0bc26faef3c05c060e2b35de8ca9	debe68653d8084ab1a85355dc1aa29a51091d7229c8cec1f6b169dcbc05557ba	56.500	281	0.451	1.000
23b6754f6a67b569b65b484f39b4e3b3b31c0bc26faef3c05c060e2b35de8ca9	b1f972148e02fa876cf2d49396cbca03c743d836c39c9b2f0e25e3b6782c7d2a	56.600	277	0.445	0.989
23b6754f6a67b569b65b484f39b4e3b3b31c0bc26faef3c05c060e2b35de8ca9	ffaac0f2a50ce54321d6b3090a1a34a960ad725bc91049b586d2c73be8330df2	56.600	277	0.445	0.986
23b6754f6a67b569b65b484f39b4e3b3b31c0bc26faef3c05c060e2b35de8ca9	d333312a77e399c3a4016ba815bf10002f6589d9ec3e0ee4bcc6f88599463478	56.700	275	0.441	0.989
23b6754f6a67b569b65b484f39b4e3b3b31c0bc26faef3c05c060e2b35de8ca9	32e9a2fadbd6dceccd6fe5e9d58347610a16c6b4e880583a63588b06df44007d	36.700	580	0.931	0.937
23b6754f6a67b569b65b484f39b4e3b3b31c0bc26faef3c05c060e2b35de8ca9	d8278a183153c53bbc88606fcd6734057f45480e99fce04073137dd840e8d795	36.600	580	0.931	0.935
23b6754f6a67b569b65b484f39b4e3b3b31c0bc26faef3c05c060e2b35de8ca9	4a2ed76ead43c9dfef7b6d8bb84b95bed9ac88c799fd4c6b5a2b075e4db9061f	36.500	580	0.931	0.937
23b6754f6a67b569b65b484f39b4e3b3b31c0bc26faef3c05c060e2b35de8ca9	10db499d2ef742a973f1914598828f95a4041979672e18b359210e34acd0c95e	36.500	580	0.931	0.935
23b6754f6a67b569b65b484f39b4e3b3b31c0bc26faef3c05c060e2b35de8ca9	c61ad568e98e58b36228b9c5170e15ea8100813cb16a71c84b7823f38b15eeab	36.500	581	0.933	0.937
23b6754f6a67b569b65b484f39b4e3b3b31c0bc26faef3c05c060e2b35de8ca9	9b6e15256002f3fbedf8f3f51bc7e215f1e48572a89f3f5af452fe53a78ec530	36.600	580	0.931	0.935
23b6754f6a67b569b65b484f39b4e3b3b31c0bc26faef3c05c060e2b35de8ca9	12379b403a9469cadd2f659b8110b939de40dc379911f34290b7b7b898de4f38	36.600	580	0.931	0.938
23b6754f6a67b569b65b484f39b4e3b3b31c0bc26faef3c05c060e2b35de8ca9	5118ce7569282a8ade4cb8494b7171dd21f4b9d306c32530bfcfd99bf6db21e6	38.400	510	0.819	0.882
23b6754f6a67b569b65b484f39b4e3b3b31c0bc26faef3c05c060e2b35de8ca9	8c57d09b1b8997493063c2682fe6216c45ce3a7fa292d4eeec61fc9fd1a833c2	52.600	283	0.454	0.992
5688aa9dca5716cc3ef72bce8cde842c2afbb18e4c13767ffff0663e537db228	daf25f53a40e6f4cdf9c355226fae76acd060a3b5cc7bd5babf0b03cc6108140	100.000	256	0.284	1.000
5688aa9dca5716cc3ef72bce8cde842c2afbb18e4c13767ffff0663e537db228	dd618db585d6f9a4b324988cd68dcb55644fe78d43cb1ea0905c21517a306261	100.000	251	0.278	1.000
5688aa9dca5716cc3ef72bce8cde842c2afbb18e4c13767ffff0663e537db228	165658de301db4f14087f45d1612f4d9b2a78f60455b813ba2e1601ce5c5a846	100.000	250	0.277	1.000
5688aa9dca5716cc3ef72bce8cde842c2afbb18e4c13767ffff0663e537db228	e7a1ff6bac90ab5924a2d800ad747babc031aedb440d229ec5d94d968a647056	100.000	250	0.277	1.000
5688aa9dca5716cc3ef72bce8cde842c2afbb18e4c13767ffff0663e537db228	89ab69a8f2bec6c5ea4f84ca25678b753d79a2b96aa633a6c510d4039e564d24	100.000	249	0.276	1.000
5688aa9dca5716cc3ef72bce8cde842c2afbb18e4c13767ffff0663e537db228	22b46f2633ea39c47dd0d89a25a61f3ad53bd48257496226c4641dca59391275	100.000	249	0.276	1.000
5688aa9dca5716cc3ef72bce8cde842c2afbb18e4c13767ffff0663e537db228	f6f22227b6c257a7af002499d408da57f6084e79552714d7a2e117d8c597c6da	100.000	248	0.275	1.000
5688aa9dca5716cc3ef72bce8cde842c2afbb18e4c13767ffff0663e537db228	902fd8c0be8c5157ebf946289b3417a0769ab30411667d60745e3a786622fe73	99.500	249	0.276	1.000
5688aa9dca5716cc3ef72bce8cde842c2afbb18e4c13767ffff0663e537db228	039a059c8bc16c0df0f53f306e1b948a680566e0598e12cdcc80c3853dffb230	100.000	246	0.273	1.000
5688aa9dca5716cc3ef72bce8cde842c2afbb18e4c13767ffff0663e537db228	b2cd179906f85ce297fe5e0093ca00fa0d346966a724d86afd42221ca9cd8ba6	99.500	247	0.274	1.000
5688aa9dca5716cc3ef72bce8cde842c2afbb18e4c13767ffff0663e537db228	4aea176a358bca0f8e76fb7ee87bee6488b0fb67edff853b46e37acf0352c26e	99.100	249	0.276	1.000
5688aa9dca5716cc3ef72bce8cde842c2afbb18e4c13767ffff0663e537db228	9dd3bf85a5cbc8d9744b8f9b17a98b4e1430facffb6b272da0cffe00bd66b460	98.700	249	0.276	1.000
5688aa9dca5716cc3ef72bce8cde842c2afbb18e4c13767ffff0663e537db228	be7decc0fa00d238b571eb3c1d3f2fb7e069b87f5a5e060439ea79406ef07f82	98.000	250	0.277	1.000
5688aa9dca5716cc3ef72bce8cde842c2afbb18e4c13767ffff0663e537db228	3c9d0f0bfd955c60eafb2d447a5a271fb7b445a3da0f59f95aaf092b5638fa86	97.500	249	0.276	1.000
5688aa9dca5716cc3ef72bce8cde842c2afbb18e4c13767ffff0663e537db228	b4455f30a5310af94048630ef4713d4bd767845d064617a5503fec3d61294c48	97.500	248	0.275	1.000
5688aa9dca5716cc3ef72bce8cde842c2afbb18e4c13767ffff0663e537db228	8a4b779206bc7e86b077c93372616fe8259569bd1291dc24751fb2f51c39afe5	97.500	248	0.275	1.000
5688aa9dca5716cc3ef72bce8cde842c2afbb18e4c13767ffff0663e537db228	f026ecfccf3f1d4d5472dc9aa7c3451801d35032f266e1ec479b95b80c84229d	97.500	247	0.274	1.000
5688aa9dca5716cc3ef72bce8cde842c2afbb18e4c13767ffff0663e537db228	1a844f1dc7dec7b4d02d253b3eb7665831a84d748a6562bb3a9573e748e7ba7c	96.700	249	0.276	1.000
5688aa9dca5716cc3ef72bce8cde842c2afbb18e4c13767ffff0663e537db228	68f1cd4cda3a843cc114427548ad4d4ef4f54932965019e4de3a0332e2549370	96.700	249	0.276	1.000
5688aa9dca5716cc3ef72bce8cde842c2afbb18e4c13767ffff0663e537db228	680f3c071b4dfff7ff92e2f7bb2e5e405cc5431d93aad314caa248ab406fd3e6	96.300	246	0.273	1.000
2604a819613ff01c4a91050cc6d7fcbc103fbe95cecfb95cdf2a53c3ffdd7f57	b082754bd513d4feb9719620060200c4f7d4801f4bfd004799ca2a6a1a18ac33	94.500	259	0.996	1.000
2604a819613ff01c4a91050cc6d7fcbc103fbe95cecfb95cdf2a53c3ffdd7f57	c69c5f16a62804c14bed70a54fd1f86c3ebd45b8fd97806fb4db90a5807e24f3	58.300	258	0.992	1.000
2604a819613ff01c4a91050cc6d7fcbc103fbe95cecfb95cdf2a53c3ffdd7f57	82d553a02fc4553088cea442fbf4f9f60dcdaba59f8b9ab885ad3a63054ce27f	58.300	258	0.992	0.996
2604a819613ff01c4a91050cc6d7fcbc103fbe95cecfb95cdf2a53c3ffdd7f57	2d81fea87b4603a9286c50299f4a2050cbd45a4612c34fd78d8cd1e16b7265b5	58.900	255	0.981	0.996
2604a819613ff01c4a91050cc6d7fcbc103fbe95cecfb95cdf2a53c3ffdd7f57	84f17ec9ecb5fbf8cabe4cc6e4edc9e664f36d37d7a211d33e3cc9b61761c373	56.300	258	0.992	1.000
2604a819613ff01c4a91050cc6d7fcbc103fbe95cecfb95cdf2a53c3ffdd7f57	ed580892a9a86b3640a00fae85c19ea6f2622d5a21383f87d80e32ecfedb10b6	56.200	255	0.981	0.992
2604a819613ff01c4a91050cc6d7fcbc103fbe95cecfb95cdf2a53c3ffdd7f57	86fd4cd5f6a167031f22e0cba41a4b44256cc15c4e722ca1935940b50d2e8ed6	55.400	255	0.981	0.996
2604a819613ff01c4a91050cc6d7fcbc103fbe95cecfb95cdf2a53c3ffdd7f57	99a43da7159e934660fc340e8a0c7c71ffb422c38250ed2ddac83c0872a963cd	46.300	258	0.992	0.938
2604a819613ff01c4a91050cc6d7fcbc103fbe95cecfb95cdf2a53c3ffdd7f57	e3625f45e7324a3a1dfce086a6cb37996cc93d02df55ce60e34e0eab8234f1b9	44.700	253	0.969	0.988
2604a819613ff01c4a91050cc6d7fcbc103fbe95cecfb95cdf2a53c3ffdd7f57	655227acd356c8fa125a2b26c63888cefaa3549f8919ffc021abc460c3eb7c08	44.400	253	0.973	0.981
2604a819613ff01c4a91050cc6d7fcbc103fbe95cecfb95cdf2a53c3ffdd7f57	d958aa28e90b925bd99f43bd75b13a439bfac24364ab121527d946becf664dcd	44.400	253	0.973	0.977
2604a819613ff01c4a91050cc6d7fcbc103fbe95cecfb95cdf2a53c3ffdd7f57	eab0b61de5e8a9e8027e79e83c843f18da0f2732f50c542163e2a6e9482240e4	44.400	253	0.973	0.973
2604a819613ff01c4a91050cc6d7fcbc103fbe95cecfb95cdf2a53c3ffdd7f57	479eb8ee9e519ce5bd869c602ead9734d492fa9e900a73df2a38a14e5541eb00	45.600	252	0.965	0.992
2604a819613ff01c4a91050cc6d7fcbc103fbe95cecfb95cdf2a53c3ffdd7f57	616b046797751bae7048d164641e2a594d9e43d2eb12bd0db4b9cfc0ce079eff	45.600	252	0.965	0.988
2604a819613ff01c4a91050cc6d7fcbc103fbe95cecfb95cdf2a53c3ffdd7f57	626e3a625ce7e8bb4efeb019e5506398747553c6195b1df9b7e8a4033a0e7705	45.600	252	0.965	0.969
2604a819613ff01c4a91050cc6d7fcbc103fbe95cecfb95cdf2a53c3ffdd7f57	c9d86821f029386eddc109af856f82563c7ad0cff631c278c815268303e8186c	43.200	249	0.958	0.968
2604a819613ff01c4a91050cc6d7fcbc103fbe95cecfb95cdf2a53c3ffdd7f57	d3691073e3542fa2fcaba449fddf28f25e2a85c439639e0ef596355e0c83d095	43.200	249	0.958	0.967
2604a819613ff01c4a91050cc6d7fcbc103fbe95cecfb95cdf2a53c3ffdd7f57	c585a9698b564ceccaf2ab09abb09d7e94d426d479d0c9b41d451da2b599c97f	42.100	253	0.973	0.972
2604a819613ff01c4a91050cc6d7fcbc103fbe95cecfb95cdf2a53c3ffdd7f57	7d31163018886a4b2147b6db56fceae561e3357cea6039117b1474f5a3aac631	30.000	287	0.988	0.966
2604a819613ff01c4a91050cc6d7fcbc103fbe95cecfb95cdf2a53c3ffdd7f57	098ae948cba27b715d3222c1f228b3e850f42cc6db124e7cdca3ff54b727f3a7	30.000	287	0.988	0.966
d2f2f70ece4e15359b239d748893980caf60bf73406b2777723aee6e168d8371	506e42b23c1416b1d58b4e80ab5e47a25ab8b9731f48e70d395ffd52ed9b930b	30.400	305	0.854	0.936
d2f2f70ece4e15359b239d748893980caf60bf73406b2777723aee6e168d8371	02536d275857d78976c54cd11ab8f644d2f98cf1e56ebbdac7169bbc376c8b50	28.800	305	0.854	0.967
d2f2f70ece4e15359b239d748893980caf60bf73406b2777723aee6e168d8371	68ec7b19f3f17b23455df7a73b4c3f33cdc948959e74dbb3826be4d99baafdef	28.800	305	0.854	0.960
d2f2f70ece4e15359b239d748893980caf60bf73406b2777723aee6e168d8371	f834ab77e81ed2a3d0c66f0ff386e6a7b5dbce3de56950154a5ca0931464d952	28.800	305	0.854	0.953
d2f2f70ece4e15359b239d748893980caf60bf73406b2777723aee6e168d8371	5cb3444876d7734f8eae54e395a0d339e26809df903e72f55b0721188a0a390a	29.000	293	0.821	0.958
d2f2f70ece4e15359b239d748893980caf60bf73406b2777723aee6e168d8371	c37e4d47412e56c5fc8a595627aaf485c676029a8f3c38b5559879b218962a0d	23.700	415	0.818	0.945
d2f2f70ece4e15359b239d748893980caf60bf73406b2777723aee6e168d8371	876db18c23d75b6bdf0fb270aeeb6b6014153c4c6a64ff26ed35a1f645424b43	23.500	415	0.818	0.939
d2f2f70ece4e15359b239d748893980caf60bf73406b2777723aee6e168d8371	8cfa9b3836dfde436c8a531aa092c35840c6e8966e478130b30e6a1a3919e50d	27.300	277	0.776	0.803
d2f2f70ece4e15359b239d748893980caf60bf73406b2777723aee6e168d8371	cd5d8eaa19bfba958e3500b97e06f0e093d657c02867d4935b3fc8644778ef12	27.300	277	0.776	0.812
d2f2f70ece4e15359b239d748893980caf60bf73406b2777723aee6e168d8371	9c0c24637836a29a4baaccdd66496da7cdefaa5cce2ee6cf58bacc9d6735e418	23.200	276	0.773	0.761
0153dbebb226a1e5b5f70a1ca9add9fc132e086045e02ee6797b928c3f08547d	506e42b23c1416b1d58b4e80ab5e47a25ab8b9731f48e70d395ffd52ed9b930b	29.500	403	0.867	0.946
0153dbebb226a1e5b5f70a1ca9add9fc132e086045e02ee6797b928c3f08547d	876db18c23d75b6bdf0fb270aeeb6b6014153c4c6a64ff26ed35a1f645424b43	30.800	428	0.862	0.968
0153dbebb226a1e5b5f70a1ca9add9fc132e086045e02ee6797b928c3f08547d	c37e4d47412e56c5fc8a595627aaf485c676029a8f3c38b5559879b218962a0d	30.800	428	0.862	0.975
0153dbebb226a1e5b5f70a1ca9add9fc132e086045e02ee6797b928c3f08547d	5cb3444876d7734f8eae54e395a0d339e26809df903e72f55b0721188a0a390a	42.500	193	0.409	0.734
0153dbebb226a1e5b5f70a1ca9add9fc132e086045e02ee6797b928c3f08547d	02536d275857d78976c54cd11ab8f644d2f98cf1e56ebbdac7169bbc376c8b50	42.500	193	0.409	0.710
0153dbebb226a1e5b5f70a1ca9add9fc132e086045e02ee6797b928c3f08547d	68ec7b19f3f17b23455df7a73b4c3f33cdc948959e74dbb3826be4d99baafdef	42.500	193	0.409	0.704
0153dbebb226a1e5b5f70a1ca9add9fc132e086045e02ee6797b928c3f08547d	f834ab77e81ed2a3d0c66f0ff386e6a7b5dbce3de56950154a5ca0931464d952	42.500	193	0.409	0.699
0153dbebb226a1e5b5f70a1ca9add9fc132e086045e02ee6797b928c3f08547d	cd5d8eaa19bfba958e3500b97e06f0e093d657c02867d4935b3fc8644778ef12	34.600	191	0.394	0.618
0153dbebb226a1e5b5f70a1ca9add9fc132e086045e02ee6797b928c3f08547d	8cfa9b3836dfde436c8a531aa092c35840c6e8966e478130b30e6a1a3919e50d	34.600	191	0.394	0.606
111d5cc319dea3645f67f73bc1bb972c28be7009d552be4add2898b397f35970	bc402696d58737b8845f46e77ef3afdf5e6e47c6ae6f295ad8ae4aaf0d61cd9a	99.600	265	0.927	1.000
111d5cc319dea3645f67f73bc1bb972c28be7009d552be4add2898b397f35970	d6381502520eba42860378fbdc9bc7838cf7b5b3dfe6320164e14cfb8774517d	99.200	265	0.927	1.000
111d5cc319dea3645f67f73bc1bb972c28be7009d552be4add2898b397f35970	3e6631cbb03c9917620c8a60f62b3cd3a481bcb01fdd484e767f135f470f7156	69.000	262	0.916	0.996
111d5cc319dea3645f67f73bc1bb972c28be7009d552be4add2898b397f35970	78acf5df1ddc04f0ff64597cd3140273365c21ab9a29a9b67cfcb621f02a94cf	68.700	262	0.916	0.996
111d5cc319dea3645f67f73bc1bb972c28be7009d552be4add2898b397f35970	86e058b47350b6595d321512d507375e545bff1846b283e46e97d404feaef809	43.700	248	0.867	0.946
4abebcd6fb389b5c4032e147846f854685da6000c7028e0622e8a1612a03006c	7d5fe3d376a7bbddd769d593ebb951ae45ed0a7c8dce7036fa1b350ec0726c46	31.400	89	0.190	0.967
4abebcd6fb389b5c4032e147846f854685da6000c7028e0622e8a1612a03006c	a0610e293348b285d2ddaa3c216fa020850342fd338659c51de94433ac694616	32.000	127	0.305	0.711
2c53eba58f34bb04d399fdc340dffd55300d6c0334af7b7286539dbd62bb7323	2416d65d96285c10b5f33f7f4151c57520e2f81e949ac6f684c36cf3f23cfd93	98.200	282	0.989	0.986
2c53eba58f34bb04d399fdc340dffd55300d6c0334af7b7286539dbd62bb7323	ae0caa12de792bf811a4f7b378a4193b96b86cfa001fc3e36b3b9fc5c3717051	99.200	274	0.961	1.000
16e201eb49237f1092a05dc94a1cc131f78e10e8ba32e0f005076714062ff9e3	51fa8f59cfd17d4a3e76eae4f52f2c85ff7afa9a28c2dfa4d5dd01d912b074b7	98.800	254	0.545	1.000
16e201eb49237f1092a05dc94a1cc131f78e10e8ba32e0f005076714062ff9e3	4c7348821ded786aaaedc5ab204821462fcb288c0784b636915735479f7d1128	98.400	254	0.545	1.000
16e201eb49237f1092a05dc94a1cc131f78e10e8ba32e0f005076714062ff9e3	1a984f34322f1fa7a7d0644aa8279a2efb874cc599e6afbd477a09b28786f41f	97.200	254	0.545	1.000
16e201eb49237f1092a05dc94a1cc131f78e10e8ba32e0f005076714062ff9e3	33a9eee80c349856e729d2c12421891f2162b09bb8c2b7049b981fa7d0f2a3bd	100.000	139	0.298	1.000
16e201eb49237f1092a05dc94a1cc131f78e10e8ba32e0f005076714062ff9e3	ba6213ec81a406a01caeff9ab02b4590a0d2bc6257193b7d5a7ab79c08e14172	41.000	237	0.509	0.979
16e201eb49237f1092a05dc94a1cc131f78e10e8ba32e0f005076714062ff9e3	585fc2feca7374c55aa87f32d47e8f6ed43a915d0a61d2ac064aa9c59bdb11d1	38.800	241	0.517	1.000
16e201eb49237f1092a05dc94a1cc131f78e10e8ba32e0f005076714062ff9e3	e19b5e7078ecb0ab54a03699e7b6c2ed3ce67234e71dd9c8849f4abc64f79cf6	38.800	241	0.517	1.000
16e201eb49237f1092a05dc94a1cc131f78e10e8ba32e0f005076714062ff9e3	6f13cef817c804a7628340efe02e380fb035f4d719c0e0bdab41cf5113d73119	38.800	241	0.517	0.996
16e201eb49237f1092a05dc94a1cc131f78e10e8ba32e0f005076714062ff9e3	049fc06b5c4546f797841eea727e041ea16e4c8b9a33afc47fac0f623d40b67b	39.000	240	0.515	1.000
16e201eb49237f1092a05dc94a1cc131f78e10e8ba32e0f005076714062ff9e3	e9d1a5ae05b52c32d03b3542ba2492073733cfcd3564047b50665aff35e3120c	39.000	240	0.515	1.000
16e201eb49237f1092a05dc94a1cc131f78e10e8ba32e0f005076714062ff9e3	29cfaf2e590328c6644caa1ade77f20b698e7c27a2c542e8eaf97253637b9ed8	38.800	241	0.517	0.996
16e201eb49237f1092a05dc94a1cc131f78e10e8ba32e0f005076714062ff9e3	3d72a519f67fd9a89e2a0252fa44fbe25c1d716e32505da56ab851f464153619	39.400	240	0.515	1.000
16e201eb49237f1092a05dc94a1cc131f78e10e8ba32e0f005076714062ff9e3	687b2f31634f491ee83f98cfc61791bf7bf1e6b5886f5c6ebd7819bcb026628a	42.900	237	0.509	0.979
16e201eb49237f1092a05dc94a1cc131f78e10e8ba32e0f005076714062ff9e3	2fdbb1f69321ddf2cb04a97ba60135040f3672b86fb6a0a27541945caa9c9dd2	39.200	241	0.517	1.000
16e201eb49237f1092a05dc94a1cc131f78e10e8ba32e0f005076714062ff9e3	09f4f8a035dedc06593ff611341276f27bf21db5ff9e5b3850e079a3ca3c57e3	39.400	240	0.515	1.000
16e201eb49237f1092a05dc94a1cc131f78e10e8ba32e0f005076714062ff9e3	d495cdf9cfecae262c45dda3200b413af5bb141a1a58ef254d6897df21419620	38.500	240	0.515	1.000
16e201eb49237f1092a05dc94a1cc131f78e10e8ba32e0f005076714062ff9e3	ac8aa8d7e1d267db5e410519776bf286ed90c4f3cba21db6f9143845d9720ccd	38.500	240	0.515	1.000
16e201eb49237f1092a05dc94a1cc131f78e10e8ba32e0f005076714062ff9e3	9570a58ec1384ef969174fa85f57df661f5fe66f335fb4d2969019f6000b6935	38.100	240	0.515	1.000
16e201eb49237f1092a05dc94a1cc131f78e10e8ba32e0f005076714062ff9e3	920e7144690959c54b8595b3e428fb6081ac12b3c4c6cbce8b88040ae9281b26	36.500	235	0.504	0.975
16e201eb49237f1092a05dc94a1cc131f78e10e8ba32e0f005076714062ff9e3	10b0ebd18733b984a91bfcd3e5408d1d6a56585844abe509b6d8be6dd7c4caea	36.100	235	0.504	0.971
abc3fdb3eb18f826f80d5a613e0b997f91fbbeaf93c6b87b26855e6a3d36ca47	a0cdfc25e0b3fa89585a7a1f361c65f41c1cfa25d26bdf3f5360372c36dd7a52	100.000	589	0.995	1.000
abc3fdb3eb18f826f80d5a613e0b997f91fbbeaf93c6b87b26855e6a3d36ca47	1a82ebaf2b618f73a8917928ff32b4cc656224d20ca1c1233429c697639783d3	100.000	588	0.993	1.000
abc3fdb3eb18f826f80d5a613e0b997f91fbbeaf93c6b87b26855e6a3d36ca47	4e2f7bcbed354fb742ff9f56d9b206f24f510eb9c75982f008f23eae04d999b1	99.600	590	0.997	1.000
abc3fdb3eb18f826f80d5a613e0b997f91fbbeaf93c6b87b26855e6a3d36ca47	65ef5f3a9616b384b41ee972f43be7217700a2d28d087b79186e586bc40fd7d4	99.600	589	0.995	1.000
abc3fdb3eb18f826f80d5a613e0b997f91fbbeaf93c6b87b26855e6a3d36ca47	0357acc1b03c71674e1a5a26ebd8ea25e89733c9fc2f467eb9e87a66b0479e5c	99.400	588	0.993	1.000
abc3fdb3eb18f826f80d5a613e0b997f91fbbeaf93c6b87b26855e6a3d36ca47	f9b62644eb08ce8d19afc197bd4830ac9ed54bb3d33b05127066fd64c5a5bd86	98.300	589	0.995	1.000
abc3fdb3eb18f826f80d5a613e0b997f91fbbeaf93c6b87b26855e6a3d36ca47	f5310bdb7a570edd67830660f5d3898440c6e59f0031f73f3fa05df3b794c50a	83.800	588	0.993	0.997
2b7ff0a6645ef5a34bdc19d57ee0e721ec5db28ef5f6c5711bae9b5acc704cf4	12dc03d3157ec9d2590dd85b5b62c33ec8d9df94e41caaf89fed457a9e0ab2cd	37.500	77	0.348	0.456
2b7ff0a6645ef5a34bdc19d57ee0e721ec5db28ef5f6c5711bae9b5acc704cf4	45fb57f04674301a0bc6ee8bc63ca10cc38d695c34661feb2be81ad547eb3077	39.400	68	0.308	0.430
2b7ff0a6645ef5a34bdc19d57ee0e721ec5db28ef5f6c5711bae9b5acc704cf4	64e2217d2a4d49a85df0b10251aa823ebb07eac443e0eceab163caf99b7c828c	37.500	69	0.312	0.445
d9609bc0995269d2ffd524c8d301f6ba1f878c82b54a186a580a65e46e657118	aa345d49b5e83be0f2c8f8b318f68c479e1a287e82b6edea3015ae6eb00e3d47	55.600	219	0.658	0.982
d9609bc0995269d2ffd524c8d301f6ba1f878c82b54a186a580a65e46e657118	9cf0bbbf0d42f1923401572158b7b41c0ba062f4440d6a5775fb8e4a203e98f7	47.700	218	0.655	0.986
d9609bc0995269d2ffd524c8d301f6ba1f878c82b54a186a580a65e46e657118	56b3e8a798562d7af45ebf50fe18c5d4faf3d7af20b31b69c6ae07d7ada266a2	47.200	218	0.655	0.981
d9609bc0995269d2ffd524c8d301f6ba1f878c82b54a186a580a65e46e657118	f788763a4000758242a1b9a835e41c1831e22740a141cea749b860d57e643fb3	41.400	220	0.661	0.995
d9609bc0995269d2ffd524c8d301f6ba1f878c82b54a186a580a65e46e657118	212b483af48ee81b5c5baf8543a6c5de23787d93fe620bee849bea0423fa3752	40.000	217	0.652	0.981
043f80df5b673d9048e118735cb0230b0baaa23f788c3bae0010f9995412d852	daf25f53a40e6f4cdf9c355226fae76acd060a3b5cc7bd5babf0b03cc6108140	100.000	256	0.278	1.000
043f80df5b673d9048e118735cb0230b0baaa23f788c3bae0010f9995412d852	dd618db585d6f9a4b324988cd68dcb55644fe78d43cb1ea0905c21517a306261	100.000	251	0.273	1.000
043f80df5b673d9048e118735cb0230b0baaa23f788c3bae0010f9995412d852	165658de301db4f14087f45d1612f4d9b2a78f60455b813ba2e1601ce5c5a846	100.000	250	0.272	1.000
043f80df5b673d9048e118735cb0230b0baaa23f788c3bae0010f9995412d852	e7a1ff6bac90ab5924a2d800ad747babc031aedb440d229ec5d94d968a647056	100.000	250	0.272	1.000
043f80df5b673d9048e118735cb0230b0baaa23f788c3bae0010f9995412d852	89ab69a8f2bec6c5ea4f84ca25678b753d79a2b96aa633a6c510d4039e564d24	100.000	249	0.271	1.000
043f80df5b673d9048e118735cb0230b0baaa23f788c3bae0010f9995412d852	22b46f2633ea39c47dd0d89a25a61f3ad53bd48257496226c4641dca59391275	100.000	249	0.271	1.000
043f80df5b673d9048e118735cb0230b0baaa23f788c3bae0010f9995412d852	f6f22227b6c257a7af002499d408da57f6084e79552714d7a2e117d8c597c6da	100.000	248	0.270	1.000
043f80df5b673d9048e118735cb0230b0baaa23f788c3bae0010f9995412d852	902fd8c0be8c5157ebf946289b3417a0769ab30411667d60745e3a786622fe73	99.500	249	0.271	1.000
043f80df5b673d9048e118735cb0230b0baaa23f788c3bae0010f9995412d852	039a059c8bc16c0df0f53f306e1b948a680566e0598e12cdcc80c3853dffb230	100.000	246	0.267	1.000
043f80df5b673d9048e118735cb0230b0baaa23f788c3bae0010f9995412d852	b2cd179906f85ce297fe5e0093ca00fa0d346966a724d86afd42221ca9cd8ba6	99.500	247	0.268	1.000
043f80df5b673d9048e118735cb0230b0baaa23f788c3bae0010f9995412d852	4aea176a358bca0f8e76fb7ee87bee6488b0fb67edff853b46e37acf0352c26e	99.100	249	0.271	1.000
043f80df5b673d9048e118735cb0230b0baaa23f788c3bae0010f9995412d852	9dd3bf85a5cbc8d9744b8f9b17a98b4e1430facffb6b272da0cffe00bd66b460	98.700	249	0.271	1.000
043f80df5b673d9048e118735cb0230b0baaa23f788c3bae0010f9995412d852	4f49078f1e68b3e38a5aacf71dbe4baf039704385424885500bbf32a77beaa02	98.700	249	0.271	1.000
043f80df5b673d9048e118735cb0230b0baaa23f788c3bae0010f9995412d852	be7decc0fa00d238b571eb3c1d3f2fb7e069b87f5a5e060439ea79406ef07f82	98.000	250	0.272	1.000
043f80df5b673d9048e118735cb0230b0baaa23f788c3bae0010f9995412d852	b4455f30a5310af94048630ef4713d4bd767845d064617a5503fec3d61294c48	97.500	248	0.270	1.000
043f80df5b673d9048e118735cb0230b0baaa23f788c3bae0010f9995412d852	8a4b779206bc7e86b077c93372616fe8259569bd1291dc24751fb2f51c39afe5	97.500	248	0.270	1.000
043f80df5b673d9048e118735cb0230b0baaa23f788c3bae0010f9995412d852	1a844f1dc7dec7b4d02d253b3eb7665831a84d748a6562bb3a9573e748e7ba7c	96.700	249	0.271	1.000
043f80df5b673d9048e118735cb0230b0baaa23f788c3bae0010f9995412d852	5d42e82419d20ff8cbaeb2d973133db5210673f53b8706f0dc90e7c48fae0786	96.700	246	0.267	1.000
043f80df5b673d9048e118735cb0230b0baaa23f788c3bae0010f9995412d852	395fb327da97ea00c2b947d02dc95937ffd6caf409813b0a8de3aa15488524d2	96.300	246	0.267	1.000
043f80df5b673d9048e118735cb0230b0baaa23f788c3bae0010f9995412d852	680f3c071b4dfff7ff92e2f7bb2e5e405cc5431d93aad314caa248ab406fd3e6	96.300	246	0.267	1.000
d3ea6fba31508825c7463f926ffa6cb2c80eb167fd3b86e09ad62ac5e0963349	010c88cb0ab46e9496e279e5b48103b3eed7abc5992f5a0e1489f58b276ee750	100.000	352	0.494	1.000
d3ea6fba31508825c7463f926ffa6cb2c80eb167fd3b86e09ad62ac5e0963349	2c9e424a3c78155066658f3579be7b5d8f313c07232e32476bdd239006991603	99.400	352	0.494	1.000
d3ea6fba31508825c7463f926ffa6cb2c80eb167fd3b86e09ad62ac5e0963349	04b7954c9a41f27309e901462e532f5288c77299c8460881eb1934b42f828ae2	98.800	352	0.494	1.000
d3ea6fba31508825c7463f926ffa6cb2c80eb167fd3b86e09ad62ac5e0963349	b6d9c78ae877cecafd333331166a504f499ef047345188bf05a4c93ae124db34	96.800	352	0.494	1.000
d3ea6fba31508825c7463f926ffa6cb2c80eb167fd3b86e09ad62ac5e0963349	1de55d7834f4f89bf7115656fda9267f171594f97fcb92fe18d07f11a2749a8f	96.500	352	0.494	1.000
d3ea6fba31508825c7463f926ffa6cb2c80eb167fd3b86e09ad62ac5e0963349	c65a931ed43fff0ecfa732f063d4dff831689ffa37eef0c6b0ea33b312d3fdab	96.800	351	0.492	1.000
d3ea6fba31508825c7463f926ffa6cb2c80eb167fd3b86e09ad62ac5e0963349	76558b7d3d64ced3332188ce84e96a56d70627e7f160d167444b0e63104e3b67	96.000	353	0.495	1.000
d3ea6fba31508825c7463f926ffa6cb2c80eb167fd3b86e09ad62ac5e0963349	dd872318ab477a5ba08cceac1bad1c23528a4c9cbabd1ef5264e9ee4100ff54d	96.300	352	0.494	1.000
d3ea6fba31508825c7463f926ffa6cb2c80eb167fd3b86e09ad62ac5e0963349	344f6603fea5891379e91d93eda39737cf9b43c575a7f584ec18c35243995574	95.700	353	0.495	1.000
d3ea6fba31508825c7463f926ffa6cb2c80eb167fd3b86e09ad62ac5e0963349	80b1fa13a72a516bcf31621444f4d9ac8ecc94b13901e229660829b469609e20	64.100	367	0.515	1.000
d3ea6fba31508825c7463f926ffa6cb2c80eb167fd3b86e09ad62ac5e0963349	91f27c5b512148b2de654d2b2bd395f2884213c5533664a99084499c8a41f7bf	63.000	354	0.496	1.000
d3ea6fba31508825c7463f926ffa6cb2c80eb167fd3b86e09ad62ac5e0963349	ba50645ad4224bae5fa3de969cf4ac12f96de94f42f711ebf2a539d0c8c89e5f	62.800	354	0.496	1.000
d3ea6fba31508825c7463f926ffa6cb2c80eb167fd3b86e09ad62ac5e0963349	8319cb8761cc00a0f37b55aa0dda88910a1da516c4e0cb8dc4f7830bd6731b9b	62.700	353	0.495	1.000
d3ea6fba31508825c7463f926ffa6cb2c80eb167fd3b86e09ad62ac5e0963349	0cf073d44fb38deee4c7cbd550d50906719ee9aec6c02aa1c02701d8f818c8d2	62.700	351	0.492	0.997
d3ea6fba31508825c7463f926ffa6cb2c80eb167fd3b86e09ad62ac5e0963349	0798748ff01457b7f98a674ac0ae3c3d7cb1ea5adf4710cff9e963297c40459a	43.700	366	0.513	0.995
d3ea6fba31508825c7463f926ffa6cb2c80eb167fd3b86e09ad62ac5e0963349	d92331023d84a7492c440e687a077d2384c711a22d9a4ba60434aea42488f9be	43.700	366	0.513	0.992
d3ea6fba31508825c7463f926ffa6cb2c80eb167fd3b86e09ad62ac5e0963349	778d8f7f742359f480bd6c2acc64965ee29e2e6e1e57a1f5d9ef95158f30eb46	37.700	214	0.300	0.765
d3ea6fba31508825c7463f926ffa6cb2c80eb167fd3b86e09ad62ac5e0963349	ace6a40111580eedfe638ea03e49eff9671d9d7adac537a051e74da6a382487a	26.900	347	0.487	0.944
d3ea6fba31508825c7463f926ffa6cb2c80eb167fd3b86e09ad62ac5e0963349	007f19b27c87bc949695ab201c67c1831c0421a58f94a914e44923f40ad6b12a	26.900	347	0.487	0.942
d3ea6fba31508825c7463f926ffa6cb2c80eb167fd3b86e09ad62ac5e0963349	12a4e1dd731ef8f856842e135dbf553bfc5848e075b3ad70171e217b953723ca	28.700	192	0.269	0.347
73f524005c243db14cdc8a45717ca3ddd75ce740e0ace508e73b30e04a641326	353e33b024ddff121f48fe5415360840fc098fe8a84db1b2b2b1ff87c0fabc95	39.500	463	0.853	0.958
73f524005c243db14cdc8a45717ca3ddd75ce740e0ace508e73b30e04a641326	a53b7249abc6f64b942c3bc3a4a169814db481b7b02a19c55c3d674a44eec943	34.700	435	0.801	0.905
73f524005c243db14cdc8a45717ca3ddd75ce740e0ace508e73b30e04a641326	54750b41e4fdb47698849c964bef2bda80b1fa57ddf1ca3d26abf58289b32119	34.800	435	0.801	0.906
73f524005c243db14cdc8a45717ca3ddd75ce740e0ace508e73b30e04a641326	b8b9e04063aa499668ff256a8b19195d4159db8b793715ea1b50bbcabbf63bc9	33.600	475	0.875	0.957
73f524005c243db14cdc8a45717ca3ddd75ce740e0ace508e73b30e04a641326	b5219794ca0e537e85b44c26f83eefe391dac6c7cff9fe8bbadc4b71ad505345	33.400	475	0.875	0.957
73f524005c243db14cdc8a45717ca3ddd75ce740e0ace508e73b30e04a641326	4b87def6009fa7b5ca1c22f0d5ea1d5ad65fd38c972deffb4b4847c045d06f68	32.800	445	0.820	0.935
73f524005c243db14cdc8a45717ca3ddd75ce740e0ace508e73b30e04a641326	976389adcfc40f651869341d485c35636c84375fe0a48a59103cb36412a93200	33.600	475	0.875	0.952
73f524005c243db14cdc8a45717ca3ddd75ce740e0ace508e73b30e04a641326	fd1b7f2e8deada18ec37f0296f8b8e521311c7055ec833f8667db592932f6f2f	33.100	475	0.875	0.956
73f524005c243db14cdc8a45717ca3ddd75ce740e0ace508e73b30e04a641326	cda43eca3cdcc316363ba89e68d31d721d384c2033aa9c54cb82b3af001bcf19	32.900	475	0.875	0.951
73f524005c243db14cdc8a45717ca3ddd75ce740e0ace508e73b30e04a641326	02c0ebf10d464559bf77fef35bcf6296d9d9138017d802b56af988be42571ab6	32.900	475	0.875	0.956
73f524005c243db14cdc8a45717ca3ddd75ce740e0ace508e73b30e04a641326	a8ab4bbd5da21216afb5487736c1c7d74226570b1123774f4196cd3f876fb691	32.300	445	0.820	0.921
73f524005c243db14cdc8a45717ca3ddd75ce740e0ace508e73b30e04a641326	aa3a081d1ed18b7f0b3378bf2a1237753b6f7bb3b63b60b7fb3215c909acf232	32.000	468	0.862	0.985
73f524005c243db14cdc8a45717ca3ddd75ce740e0ace508e73b30e04a641326	2fa31d0ab42803895013b9ebfa3f5de7369bc4842b7ab2299f0ece59de830e91	32.000	468	0.862	0.983
73f524005c243db14cdc8a45717ca3ddd75ce740e0ace508e73b30e04a641326	c9415f6c7d079f4f4b821d516480f57780d405579e18615aef721f5ef6a7b4f0	31.400	469	0.864	0.985
73f524005c243db14cdc8a45717ca3ddd75ce740e0ace508e73b30e04a641326	2b367be1818a027d7905b17425af0a82edfa3bef5dc4a2c142b2b16136c9efae	29.400	468	0.862	0.985
73f524005c243db14cdc8a45717ca3ddd75ce740e0ace508e73b30e04a641326	c6916b24979be888b0a9eaa14208986e0c0d6fee3235e6bf7c63771749910146	29.400	468	0.862	0.983
73f524005c243db14cdc8a45717ca3ddd75ce740e0ace508e73b30e04a641326	36eb6b5d2b752b0d32d63cf3539a6b77f3f75d7dc30123f63a03e4ade37dbc32	29.400	468	0.862	0.979
73f524005c243db14cdc8a45717ca3ddd75ce740e0ace508e73b30e04a641326	0b8bc738ca9aea9c7ecd75a3804109c4452fc7dcaa1fd73825d117c3906779d8	32.300	439	0.808	0.918
73f524005c243db14cdc8a45717ca3ddd75ce740e0ace508e73b30e04a641326	3138dd7b2a03500282178d149304d17e91fc20a0fb1dddde50ab9f7055ca0814	32.400	439	0.808	0.918
73f524005c243db14cdc8a45717ca3ddd75ce740e0ace508e73b30e04a641326	635af034ba451a9e5ebd5b1ea7c4622ba4fdae3649b841923b331d303d7a767d	32.300	439	0.808	0.915
e8587f525d48f71034ad52da3d15936718b5af3a4918222cde420884f24ee3a6	2903553d06dc48e6ce3eab0d82dbfc502cf3ed7c5716bb901b67c48acc314053	100.000	465	0.941	1.000
e8587f525d48f71034ad52da3d15936718b5af3a4918222cde420884f24ee3a6	fe82c49f872b04ff69878e8f1c73fcc7c2e0d41bba33b12edc1147731d73e9d0	100.000	465	0.941	0.996
e8587f525d48f71034ad52da3d15936718b5af3a4918222cde420884f24ee3a6	a4dc6b5d1463a916a0a0883b6f468230ecba4afdbece41dfc4c24daa33da39bb	100.000	464	0.939	1.000
e8587f525d48f71034ad52da3d15936718b5af3a4918222cde420884f24ee3a6	c5d5c4b16e43ab398be52c9780769199d004bd776a8c481addbb7c444153216f	100.000	463	0.937	1.000
e8587f525d48f71034ad52da3d15936718b5af3a4918222cde420884f24ee3a6	b0d905d4e47da6a99e8d38201d09ee46b926da9e863fd239a7d351130ec7515a	100.000	463	0.937	0.998
e8587f525d48f71034ad52da3d15936718b5af3a4918222cde420884f24ee3a6	78e86a024eebeb1d66ecfe39c319e334ff9f85beacd9d9a006871824882857de	99.700	464	0.939	1.000
e8587f525d48f71034ad52da3d15936718b5af3a4918222cde420884f24ee3a6	c85be9a3f4132ff3d81ce6ed052f0c0585f7e58895c57ced8778a2f696c8d70b	99.500	465	0.941	1.000
e8587f525d48f71034ad52da3d15936718b5af3a4918222cde420884f24ee3a6	c75e37aba9e51fba601a9e2327b287cac1613ca9ee0a9026020fa8e84530b84f	100.000	463	0.937	0.996
e8587f525d48f71034ad52da3d15936718b5af3a4918222cde420884f24ee3a6	19b0fce0567b111f19274faefa8810ec42fdf2692db8de681b02687d5a0045ff	99.500	464	0.939	1.000
e8587f525d48f71034ad52da3d15936718b5af3a4918222cde420884f24ee3a6	c5d31adab7e7fcb35e2305db9c572fe42789a34381b6ee82a4a0ba35d4aa1572	99.500	464	0.939	1.000
e8587f525d48f71034ad52da3d15936718b5af3a4918222cde420884f24ee3a6	8934d17e761d51d53d231f7ca99d388e0548c00dd7c6ea70e8781d742a4cdb81	99.700	463	0.937	1.000
e8587f525d48f71034ad52da3d15936718b5af3a4918222cde420884f24ee3a6	dbed3184c5820f374262ab76312bfe053dca5c716c0f6c49a707ba71e7210bcf	99.700	463	0.937	0.998
e8587f525d48f71034ad52da3d15936718b5af3a4918222cde420884f24ee3a6	9a48c18549cc02aa4d8cfabf61543a525e5992a9ef85fbbd6cc3258a1802e03f	99.500	463	0.937	0.998
e8587f525d48f71034ad52da3d15936718b5af3a4918222cde420884f24ee3a6	7bd662851df03c9b407eeae9aea9a8fd337e1a9af2075f86759e3621e03b880a	99.100	465	0.941	1.000
e8587f525d48f71034ad52da3d15936718b5af3a4918222cde420884f24ee3a6	6e3a515cf3565de295efea7cb17953730b7fbc17c65eb7bcfb9ba72a158cc1b8	99.500	463	0.937	0.998
e8587f525d48f71034ad52da3d15936718b5af3a4918222cde420884f24ee3a6	89f92081dcfb02894b9f4fc7bd00a7b963459560cb65eeafdbbf49b6d39fdabf	99.100	464	0.939	1.000
e8587f525d48f71034ad52da3d15936718b5af3a4918222cde420884f24ee3a6	822ff8c0d94abd16e98dd9b7d9534a530a22d5d064adbb069625ba1d5c54b0b2	99.100	464	0.939	0.996
e8587f525d48f71034ad52da3d15936718b5af3a4918222cde420884f24ee3a6	c9415f6c7d079f4f4b821d516480f57780d405579e18615aef721f5ef6a7b4f0	94.100	464	0.939	1.000
e8587f525d48f71034ad52da3d15936718b5af3a4918222cde420884f24ee3a6	b5219794ca0e537e85b44c26f83eefe391dac6c7cff9fe8bbadc4b71ad505345	54.000	464	0.939	0.998
e8587f525d48f71034ad52da3d15936718b5af3a4918222cde420884f24ee3a6	b8b9e04063aa499668ff256a8b19195d4159db8b793715ea1b50bbcabbf63bc9	53.800	464	0.939	0.998
4602a348ca21f49c27d1dfd706dbfb54f20ab49a7de362ece550dbb1dd236c87	6b63e853f838a4d367cbbe20a898f37a45fc226fbb197609036452d5bdca036b	100.000	365	0.968	0.997
4602a348ca21f49c27d1dfd706dbfb54f20ab49a7de362ece550dbb1dd236c87	49739dd04b8f79f033fb07b4b3f9ac8023e6cd71436cd8e42894471fb2d5e48f	100.000	364	0.966	1.000
4602a348ca21f49c27d1dfd706dbfb54f20ab49a7de362ece550dbb1dd236c87	e2b3c5b9fbb5fc6726a848a069a1bd1ace3559cc2b23049b5afb28da66e1ecf2	99.700	363	0.963	1.000
4602a348ca21f49c27d1dfd706dbfb54f20ab49a7de362ece550dbb1dd236c87	c591cc4bd2c565cd7621edc24cd95e488a38068002f017febed353c17397eb99	99.400	365	0.968	0.997
4602a348ca21f49c27d1dfd706dbfb54f20ab49a7de362ece550dbb1dd236c87	e55393f0ac941bfa1920a1865e3cdb65642ca7bf3656ec458eac077155287763	98.300	364	0.966	1.000
4602a348ca21f49c27d1dfd706dbfb54f20ab49a7de362ece550dbb1dd236c87	147b48cb47d84a2d4a4a4aa895f53fa10ac18ec6340143c7fa78015a5c1b44ec	98.000	364	0.966	1.000
4602a348ca21f49c27d1dfd706dbfb54f20ab49a7de362ece550dbb1dd236c87	5810d6056798a6f1dad62d60a81d232d7abeafe23181f00967b2ba9418cb1d3b	97.800	364	0.966	1.000
4602a348ca21f49c27d1dfd706dbfb54f20ab49a7de362ece550dbb1dd236c87	de94092eca57c6cc35062170c9a8415805788f220aaa0f98d3ca8065f9627dbc	97.800	364	0.966	1.000
4602a348ca21f49c27d1dfd706dbfb54f20ab49a7de362ece550dbb1dd236c87	9122255256a5381a5b57d44fb28f32803fe9453c3396db3390234c299ed03fb9	97.700	363	0.963	1.000
4602a348ca21f49c27d1dfd706dbfb54f20ab49a7de362ece550dbb1dd236c87	c2d9ce9433ecd156761131f7ca6d8ec2956e2f6ed82117a31aac7963ec1d7871	97.200	365	0.968	1.000
4602a348ca21f49c27d1dfd706dbfb54f20ab49a7de362ece550dbb1dd236c87	71f56cf04394323cf4a77c6f4af0314f51e54cadb3c953419f5c37de935a5c5a	97.500	364	0.966	1.000
4602a348ca21f49c27d1dfd706dbfb54f20ab49a7de362ece550dbb1dd236c87	95da4882101b4652cefbb2a521a55972a13e9d2318cb5d30823fe55e8c61c646	97.500	364	0.966	0.997
4602a348ca21f49c27d1dfd706dbfb54f20ab49a7de362ece550dbb1dd236c87	a398b1e4e2333dd90591befc4b4b377b3e9c30e5a9672c4c892adc87ff428510	97.200	362	0.960	1.000
4602a348ca21f49c27d1dfd706dbfb54f20ab49a7de362ece550dbb1dd236c87	54ba81f5274f2a91a83e84e107fed2aa53fd2f2e250f40f5f9633e4e94e290ae	97.200	360	0.955	1.000
4602a348ca21f49c27d1dfd706dbfb54f20ab49a7de362ece550dbb1dd236c87	703a90828e33150af043e15088bc0f82d80e4f56aa71d863f7e9d3174a382d22	95.800	363	0.963	1.000
4602a348ca21f49c27d1dfd706dbfb54f20ab49a7de362ece550dbb1dd236c87	157258a221bab3da29adb3a69636d92a5d197e65dcbf6b20a86df5a7c66b3721	32.300	346	0.907	0.930
4602a348ca21f49c27d1dfd706dbfb54f20ab49a7de362ece550dbb1dd236c87	bd0308b0b4f1aa44e275fca9f69fd1edfce2f1ee1f174b5ee6eeecb161973fd7	27.200	297	0.788	0.731
4602a348ca21f49c27d1dfd706dbfb54f20ab49a7de362ece550dbb1dd236c87	42f5db5397e909fa50ae3daed53f71a4dabd344b432e20d315990eadeca22edf	27.000	288	0.764	0.708
4602a348ca21f49c27d1dfd706dbfb54f20ab49a7de362ece550dbb1dd236c87	2cf50ab220a23fdf34249ada65016ca1132a80bdb63260f55b87cc2b2198d355	27.000	288	0.764	0.706
4602a348ca21f49c27d1dfd706dbfb54f20ab49a7de362ece550dbb1dd236c87	144be86068ab9e36e348d9f4b6e654a433c396efe75cc944a5d7243356c2bf44	27.300	288	0.764	0.711
fee687778a3f8e1209fc64cb4c55875b5a9f68b1e5346d315d4a2accf8ef313c	23cfaf38a9d0ee8be80442ddc25eb1343f862b2aff0eed863d0f7fd7b21ab21e	100.000	328	0.213	1.000
fee687778a3f8e1209fc64cb4c55875b5a9f68b1e5346d315d4a2accf8ef313c	13b630eb8427c62c5021e5d8471d4bf51426f31e31f5a70d22cdd9821474ebcf	28.200	294	0.191	0.741
fee687778a3f8e1209fc64cb4c55875b5a9f68b1e5346d315d4a2accf8ef313c	98c7d9bbafc33538160ff83eefd4168897e3f3e680406ead19ba4faa0d81aecb	28.200	294	0.191	0.741
fee687778a3f8e1209fc64cb4c55875b5a9f68b1e5346d315d4a2accf8ef313c	97aec6f4ff2c85a0a4ad69cdcb3c987ba935535b2a2c9463118f19fe00f39b0d	28.200	294	0.191	0.730
eb594aca44a18b58a3b7b54b501b766b15fafc0feb13c934d52f97e6da419581	e961109617e5520d2ad1ccb1e2670492fa8cb2823b08045f7a409e6aedb29c09	93.300	523	0.882	0.998
eb594aca44a18b58a3b7b54b501b766b15fafc0feb13c934d52f97e6da419581	843b8c68c081bf7a679dcb6ee5afcc86bb8333baffac6b54ca751c3ce4e521f7	38.900	246	0.415	0.836
eb594aca44a18b58a3b7b54b501b766b15fafc0feb13c934d52f97e6da419581	8031ae95cbb25e3bde880983c04e082cfdf61d9e2605424499fc823370fdcbb1	38.900	246	0.415	0.833
eb594aca44a18b58a3b7b54b501b766b15fafc0feb13c934d52f97e6da419581	2f1cbadd23eff16b2c763a0129955da7d1b9a1a9fa79c3aaad5def9f07cac71d	38.900	246	0.415	0.833
eb594aca44a18b58a3b7b54b501b766b15fafc0feb13c934d52f97e6da419581	e3b939487fa9f59862a4fa9975a343ed7d8ec81cce68c545f19f08f2622cfc4c	39.300	246	0.415	0.830
eb594aca44a18b58a3b7b54b501b766b15fafc0feb13c934d52f97e6da419581	ed5835544479fe355052daf3117c43869dbb96f8578e3dea1d94292a4b0b69f5	38.900	246	0.415	0.825
eb594aca44a18b58a3b7b54b501b766b15fafc0feb13c934d52f97e6da419581	7d8609113c248ccac9bbb71480ee87118233587415889a0b284458366d132a53	38.900	246	0.415	0.822
eb594aca44a18b58a3b7b54b501b766b15fafc0feb13c934d52f97e6da419581	ba14772925e50efefceb82b1af2c34efbaa02cfefd48fb64b98f4307baaaab3a	38.900	246	0.415	0.813
eb594aca44a18b58a3b7b54b501b766b15fafc0feb13c934d52f97e6da419581	567aaa8996c0c01f58b85b3e9a837094ab0aab59f02fa664dadbaa23be68be76	38.900	246	0.415	0.805
eb594aca44a18b58a3b7b54b501b766b15fafc0feb13c934d52f97e6da419581	7aedc90e290a9c34dde8ebc8c89840bf77c8c5b6dd39299b30b9e038ba85fa32	38.900	246	0.415	0.794
eb594aca44a18b58a3b7b54b501b766b15fafc0feb13c934d52f97e6da419581	f4affee53602e5957d8bf89bfe91782b30e0db83f218d5dd10c979fa3c46d618	38.900	246	0.415	0.791
eb594aca44a18b58a3b7b54b501b766b15fafc0feb13c934d52f97e6da419581	60a9d04d05bbb4ffdf0496981d86bdc93d8c6c52a7b68c011f86f6d765d84da9	38.900	246	0.415	0.791
eb594aca44a18b58a3b7b54b501b766b15fafc0feb13c934d52f97e6da419581	c69326ad83679f1afe596335a876ae076648bb1d0a87733e07c012fa19ebd549	38.900	246	0.415	0.791
eb594aca44a18b58a3b7b54b501b766b15fafc0feb13c934d52f97e6da419581	e950d160c0ee8a9c27577815d19771aa93c009dae257e31aae30b96af011fac9	38.900	246	0.415	0.791
eb594aca44a18b58a3b7b54b501b766b15fafc0feb13c934d52f97e6da419581	8a236b5f157257a69560536111429cbd3a8e90495c77fb95a1ad1feb94e923fb	38.900	246	0.415	0.789
eb594aca44a18b58a3b7b54b501b766b15fafc0feb13c934d52f97e6da419581	f539b62d64c8ae249a04c20a16565d4cfd9e1730ae4a929577a3bb879fef975a	38.900	246	0.415	0.786
eb594aca44a18b58a3b7b54b501b766b15fafc0feb13c934d52f97e6da419581	89f1d7840d1e1c3fd68e9465ff6beea069567ee303b8b4f7bc3cce10a9e0ef03	38.500	246	0.415	0.789
eb594aca44a18b58a3b7b54b501b766b15fafc0feb13c934d52f97e6da419581	1300a54ad25c50bd777b676092fa86a7fd182fe0c08f6784ee0db8b9a1215a7a	39.800	251	0.423	0.812
eb594aca44a18b58a3b7b54b501b766b15fafc0feb13c934d52f97e6da419581	595b88bf8982922d95ba36d81aa10ca9af146ef9dd9716acfb9dfe336a5f7e96	39.400	251	0.423	0.813
eb594aca44a18b58a3b7b54b501b766b15fafc0feb13c934d52f97e6da419581	5fcde056b660bd39ead80a686c1eceacbb789b36981f4481ed5984eccd222740	38.500	246	0.415	0.811
d8ffa687b652849493c4b73bd506e56beca1421a5f25d0a950244f081b316fb9	6186a870dd594f6239cb3cd595638f929771f9b56844b62d616df42426eb9617	97.900	99	1.000	1.000
d8ffa687b652849493c4b73bd506e56beca1421a5f25d0a950244f081b316fb9	ca902a642fc8c3ae9c980b3d966076ad59a081f3d468a5a55c667e8effd23fd1	95.900	99	1.000	1.000
d8ffa687b652849493c4b73bd506e56beca1421a5f25d0a950244f081b316fb9	a97dfad666eb9b4304234768aa4c982d6b02ab7a1365b4883854952156dedf66	95.900	99	1.000	1.000
d8ffa687b652849493c4b73bd506e56beca1421a5f25d0a950244f081b316fb9	7090ea8fa6639ed85f70d4a5f97f59094103f8fdc332499bcfbcc3e57f6eaeed	94.900	99	1.000	1.000
d8ffa687b652849493c4b73bd506e56beca1421a5f25d0a950244f081b316fb9	9dce8f413ea049d3e40afc862261326662b9d3354aebbd1b1eabee34d08b30cb	94.900	99	1.000	1.000
d8ffa687b652849493c4b73bd506e56beca1421a5f25d0a950244f081b316fb9	e4bd303eb9ce731dbdcb461c9711ec57809d04822c2fac930ace4e7d1c2a1575	92.900	99	1.000	1.000
d8ffa687b652849493c4b73bd506e56beca1421a5f25d0a950244f081b316fb9	4413798fdd68b40e909948d0af2412d88fa4ba2a8dd40e1ee685a33a348080e8	92.900	99	1.000	1.000
d8ffa687b652849493c4b73bd506e56beca1421a5f25d0a950244f081b316fb9	de8b3cd28e12a6df8c6ab127ef348468de5a773e5411e89e3aef92634db7d116	93.900	99	1.000	0.488
d8ffa687b652849493c4b73bd506e56beca1421a5f25d0a950244f081b316fb9	bcacdb1f8f0d4af184c7650992cbcb3f9317a631a7c590d30ad30bfe7c45e7d7	91.900	99	1.000	1.000
d8ffa687b652849493c4b73bd506e56beca1421a5f25d0a950244f081b316fb9	9f8a1b2e5f29e0bef5258f7deeeb95eae7f35823fb04b0fb5dd6711de1ff0872	92.900	99	1.000	1.000
d8ffa687b652849493c4b73bd506e56beca1421a5f25d0a950244f081b316fb9	cad1d42bdfabc5e53b535a0af3cc193abf2e4a7553d23407b389a523342156f6	91.900	99	1.000	1.000
d8ffa687b652849493c4b73bd506e56beca1421a5f25d0a950244f081b316fb9	eaee3cf9f26371917319d6b887152a6b15914f8e4d35c441c51230e547810f97	91.900	99	1.000	1.000
d8ffa687b652849493c4b73bd506e56beca1421a5f25d0a950244f081b316fb9	9dcc6bd5f9182115c178e3f20e2ced41bf315855a25a7adff9ce5f4cdbf9c1f6	91.900	99	1.000	1.000
d8ffa687b652849493c4b73bd506e56beca1421a5f25d0a950244f081b316fb9	331b57bb249df53ea11e7500eeaa74bac1148773e2193d562720a2ed9f8ee707	91.900	99	1.000	1.000
d8ffa687b652849493c4b73bd506e56beca1421a5f25d0a950244f081b316fb9	41e3cda64c349fb7d05454257e8ca50eb953160416f3d0ac32c249f5b1a47637	91.900	99	1.000	1.000
d8ffa687b652849493c4b73bd506e56beca1421a5f25d0a950244f081b316fb9	c92c7ce49c772a65fdcc34c5101d25c3880af1e427d2735d3b955de87dea258a	91.900	99	1.000	1.000
d8ffa687b652849493c4b73bd506e56beca1421a5f25d0a950244f081b316fb9	d16b02a09c76b2c3c2c1a350828397794b4faa0bd6dc2b325159168683b0233f	90.900	99	1.000	1.000
d8ffa687b652849493c4b73bd506e56beca1421a5f25d0a950244f081b316fb9	abfe19aef7881d94a98ea1d500f4a8b7625ce87ec31ef9bd9634a5e6c5050dc2	91.900	99	1.000	1.000
d8ffa687b652849493c4b73bd506e56beca1421a5f25d0a950244f081b316fb9	d3baf1643874f6784af8d755892958743c05131181fe947521c0d9625de5ba08	90.900	99	1.000	1.000
d8ffa687b652849493c4b73bd506e56beca1421a5f25d0a950244f081b316fb9	645e20dfbc4eb5ce3a79244588c8e53c430de3112f2da42fd27e0eaf8623e761	91.900	99	1.000	1.000
8785749f82c3f7238f26bfb4e04fbefee6a5b17ecb9ac0ac9d6e6ecab3a77df1	23541b48ed071e33bb10857a7ffd74dc501fb2d51204e30b87bf9d038d1e6b58	73.100	331	0.732	1.000
8785749f82c3f7238f26bfb4e04fbefee6a5b17ecb9ac0ac9d6e6ecab3a77df1	b00f48074f2df8bafc810ed8c7d33d74607727ff4112fdf4b23a6a6e792ffd1d	73.100	331	0.732	1.000
8785749f82c3f7238f26bfb4e04fbefee6a5b17ecb9ac0ac9d6e6ecab3a77df1	fda5cb507ba5121bf77e8cef4bbca233c259709928c4cee2207637651f77fb2a	72.900	329	0.728	1.000
8785749f82c3f7238f26bfb4e04fbefee6a5b17ecb9ac0ac9d6e6ecab3a77df1	73dfcffe1aa61c7d2bb0b815484416df98c14e23607e240b3ef064ee1cbf3a41	72.900	329	0.728	1.000
8785749f82c3f7238f26bfb4e04fbefee6a5b17ecb9ac0ac9d6e6ecab3a77df1	6710803b58b8fcbe4887e9d762a4b5eb6b2e3fb70f84a4b30ae36edc14c5b185	71.700	329	0.728	1.000
8785749f82c3f7238f26bfb4e04fbefee6a5b17ecb9ac0ac9d6e6ecab3a77df1	f76954b8a74c8bc329779f93cfc5c2ce58d7a4e8a82fa259405400b84aa18552	35.200	334	0.726	0.994
8785749f82c3f7238f26bfb4e04fbefee6a5b17ecb9ac0ac9d6e6ecab3a77df1	e9bec41b5cabc9993ad4d325951e310f2c35535135df32ee0414fc0de00d5890	35.000	333	0.723	1.000
8785749f82c3f7238f26bfb4e04fbefee6a5b17ecb9ac0ac9d6e6ecab3a77df1	6345941b243929e5cf8784840286a4cad3453e1e9c2ab772c91cf210b164820d	34.700	338	0.726	1.000
8785749f82c3f7238f26bfb4e04fbefee6a5b17ecb9ac0ac9d6e6ecab3a77df1	df948d3a4c7e43129b7407456b2e0aa128c3ea0a43bf263ebc1b01e1929d993b	35.000	336	0.726	0.994
8785749f82c3f7238f26bfb4e04fbefee6a5b17ecb9ac0ac9d6e6ecab3a77df1	0c4137836138d753237fd97e1a92f177139873285b7b5acb1c0a230875a9184a	34.600	337	0.723	1.000
8785749f82c3f7238f26bfb4e04fbefee6a5b17ecb9ac0ac9d6e6ecab3a77df1	65076fdd410659127d73d2e750e33898b41b93123838801855869d5d9b5f8703	34.900	334	0.723	1.000
8785749f82c3f7238f26bfb4e04fbefee6a5b17ecb9ac0ac9d6e6ecab3a77df1	727b26fcc6959b0fcc9bcb5b87ea79aca1fa0406c63aa6b91f40f9d960bfb4ab	34.900	328	0.712	0.997
8785749f82c3f7238f26bfb4e04fbefee6a5b17ecb9ac0ac9d6e6ecab3a77df1	b4517eee5bed3d38ffafd9981947cdcf1d08039ebf993ffac3e5090e3d2fa64a	34.400	336	0.721	1.000
8785749f82c3f7238f26bfb4e04fbefee6a5b17ecb9ac0ac9d6e6ecab3a77df1	40b6ddeb322a59e0734b12f57c737b3eafc17ef25123d50d7ad65f6258ae26a2	34.800	331	0.721	1.000
8785749f82c3f7238f26bfb4e04fbefee6a5b17ecb9ac0ac9d6e6ecab3a77df1	a645258f88cca25b922b4f4e3a684adeaf7a8d8ef13bb99210c8d17e11952af1	34.500	329	0.721	1.000
8785749f82c3f7238f26bfb4e04fbefee6a5b17ecb9ac0ac9d6e6ecab3a77df1	60cd98e34d8abf888babc1687beb78d240ff0825589c704c4ea5fecdd5426e34	34.500	332	0.712	0.997
8785749f82c3f7238f26bfb4e04fbefee6a5b17ecb9ac0ac9d6e6ecab3a77df1	55a66ed187e55075f906358980caa5ba5a35bcebd86912bc5f9caa9c0dac9e33	34.900	327	0.712	0.997
8785749f82c3f7238f26bfb4e04fbefee6a5b17ecb9ac0ac9d6e6ecab3a77df1	6589b6f03d0bfab748883ecce9ecd18934054df732ca42517df350d00719cfff	34.900	327	0.712	0.994
8785749f82c3f7238f26bfb4e04fbefee6a5b17ecb9ac0ac9d6e6ecab3a77df1	b815baabfafb71ea6d6b9211ce7a7a93ee31f6c46e09e7735d04630da87d4c4d	31.700	323	0.715	0.994
8785749f82c3f7238f26bfb4e04fbefee6a5b17ecb9ac0ac9d6e6ecab3a77df1	f5cf791c1b33617ee0e6fe3ebe76a045900844c6bd1486236c0c0da3291ba25f	25.400	326	0.710	0.956
b0fdc0b0c852e0cfae601c205b4f91c6fd2fe992a88e53d8b34080264e005f7a	cff467eb826e145f61d717bfc13c211417c154efd26fdf38f35de7699564a16f	37.500	184	0.906	0.975
eee9072cdc734fd98010e82cfccbe4016033abe8e32da1ee72f7346c108c5982	eaef7902317f632b7f7af300884449bf1f8219556a8499f149c5e966186cd4c0	84.100	329	0.909	1.000
eee9072cdc734fd98010e82cfccbe4016033abe8e32da1ee72f7346c108c5982	255b12d4ffb165116a09bbff4669b5f2ed1499df3fb5f2e7abdff9f067c2cd16	83.200	329	0.909	1.000
4effd33cff8aac0c2977fc18309cc06b945d33f121f0fc2b2abb3962c7d1438e	7d0881c8f91f7ca9a9027a3590d91b6bb3baffcf5baf0388ed04368d2fe46b5e	56.900	65	0.956	0.722
4effd33cff8aac0c2977fc18309cc06b945d33f121f0fc2b2abb3962c7d1438e	cf16a4fd0c9a49823ef475c26c7646a90db6cc04a25479162601bef8acb1769a	56.900	65	0.956	0.684
4effd33cff8aac0c2977fc18309cc06b945d33f121f0fc2b2abb3962c7d1438e	6a6dd5b9428faedc42d718f66b5c062cdca3b1fc302462e458ee0f9f59d5a257	52.900	68	1.000	0.688
4effd33cff8aac0c2977fc18309cc06b945d33f121f0fc2b2abb3962c7d1438e	bcc8b3b2ad6813f93649069bee9966ecc630da3e28bdfaf34e2c11e5d1f9947a	52.900	68	1.000	0.623
dbf8965836f2600cb1a56f3806760b255b16d0e960bb4a0ef68ab9c707ed26e4	29c5f040a5c74b8d0ed8cf6b295c2ce07086d5c76d1664f45dfb4f9d9bd3465e	90.700	409	0.719	1.000
dbf8965836f2600cb1a56f3806760b255b16d0e960bb4a0ef68ab9c707ed26e4	cb65ec22b172c4fe617f2fbf0c6193607bbe524d170b29793facd535f30ffb98	36.700	388	0.682	0.948
dbf8965836f2600cb1a56f3806760b255b16d0e960bb4a0ef68ab9c707ed26e4	27a31a4fb4c5e2127f24050f241eedb6a64234ffcef46509328784c37bb01ad2	36.700	388	0.682	0.945
dbf8965836f2600cb1a56f3806760b255b16d0e960bb4a0ef68ab9c707ed26e4	f6440e26b2047fe10a988e0ec2ec42f0d93eaf9469e6ef9943943286d9c99918	36.700	388	0.682	0.940
dbf8965836f2600cb1a56f3806760b255b16d0e960bb4a0ef68ab9c707ed26e4	e3fa4457562c40f7de98431b8a3c0ece07fcec87c1777181d09f85fcae614378	36.700	388	0.682	0.950
dbf8965836f2600cb1a56f3806760b255b16d0e960bb4a0ef68ab9c707ed26e4	30023c59dfbee439df2fae3797ab218c4adedc7e35ff8fab48b902ca1969d86f	36.700	388	0.682	0.947
dbf8965836f2600cb1a56f3806760b255b16d0e960bb4a0ef68ab9c707ed26e4	b2e5a0af01f2a8f4cbcdfe7a3c809ae1b3d051b23a776af059d3a7bcce053699	36.700	388	0.682	0.940
dbf8965836f2600cb1a56f3806760b255b16d0e960bb4a0ef68ab9c707ed26e4	c5956133b747104e16cb1380b795c6bd55cbaef7fbfe8713b339d097781ed74e	36.400	388	0.682	0.950
dbf8965836f2600cb1a56f3806760b255b16d0e960bb4a0ef68ab9c707ed26e4	703ae65e84b3dd0ce53bb597571037d388b07978b2161e301eb13f61fb2a72af	36.200	388	0.682	0.939
dbf8965836f2600cb1a56f3806760b255b16d0e960bb4a0ef68ab9c707ed26e4	cb7496749dbc516d2f8bba51a0c7b06ebf9bcd88d14a81121212a89481297d98	36.000	390	0.685	0.966
dbf8965836f2600cb1a56f3806760b255b16d0e960bb4a0ef68ab9c707ed26e4	de53050f290fd47708bd95d86e4169786a8ff2bf8020306a157145e000c2fb04	35.700	390	0.685	0.954
dbf8965836f2600cb1a56f3806760b255b16d0e960bb4a0ef68ab9c707ed26e4	3a79bdfdf150fb8bf9ce45325c4efa56ba00db4e823fcd3dc0afaf121857d230	35.200	388	0.682	0.939
dbf8965836f2600cb1a56f3806760b255b16d0e960bb4a0ef68ab9c707ed26e4	1d11b16627a0c0ea4ed1cd767ab7bc0a801adceff36dde9b4bd2b51500a1261d	37.500	369	0.649	0.967
dbf8965836f2600cb1a56f3806760b255b16d0e960bb4a0ef68ab9c707ed26e4	12ea4226d907c2140a7d2fd953fc49807476cabdeb513bce4503ac8f5ea45549	22.900	355	0.624	0.977
dbf8965836f2600cb1a56f3806760b255b16d0e960bb4a0ef68ab9c707ed26e4	d84d746c273b5a5144c45f582e97dfae66b89d6ecad3e6d565d5700d5d1aa2c0	22.500	355	0.624	0.977
dbf8965836f2600cb1a56f3806760b255b16d0e960bb4a0ef68ab9c707ed26e4	39a9db03eeb2ed00bfefdd6e7f0e50ba79bf4a5aad943038dd8f4cc7591d07f6	22.800	355	0.624	0.977
dbf8965836f2600cb1a56f3806760b255b16d0e960bb4a0ef68ab9c707ed26e4	46a2b842a486cbf1dc4e24dccc7051e9a9987321967e987b41eff74734015670	30.700	91	0.160	0.293
dbf8965836f2600cb1a56f3806760b255b16d0e960bb4a0ef68ab9c707ed26e4	d5a99204a714d1ea9c030bfb7e061fc4cd091e10dcb1e3db6d09afccba9c4d3d	30.700	91	0.160	0.293
dbf8965836f2600cb1a56f3806760b255b16d0e960bb4a0ef68ab9c707ed26e4	64b6543c55807060a1b868c2f32937d70c85a0222529b4f6b693139bb7c0bd93	30.700	91	0.160	0.293
de207ab7fc136ef8a23ec85e395e191e5ba206647890ce938d0e4461b9adaa9d	6b3420a567f4f505a5ed31e91901b10097a011ed1e336d613a2c73913349d24b	99.800	622	1.000	1.000
de207ab7fc136ef8a23ec85e395e191e5ba206647890ce938d0e4461b9adaa9d	f6d3fda9da5d8f88c8651574d5a24601cccdf7e01db8c7e5befcfc826b4ed8d7	99.800	622	1.000	0.997
de207ab7fc136ef8a23ec85e395e191e5ba206647890ce938d0e4461b9adaa9d	03591ad522c351cb3d2f813f7aee29eca6bcc5818fdbfa37959178f24cb24f2e	99.800	621	0.998	1.000
de207ab7fc136ef8a23ec85e395e191e5ba206647890ce938d0e4461b9adaa9d	4b638680497e800846bffda3e01f3a594af29742dbf58c44877821228987ff7a	99.800	620	0.997	1.000
de207ab7fc136ef8a23ec85e395e191e5ba206647890ce938d0e4461b9adaa9d	44d65f533d1b6a7e9d950af3b8cee8675f1a6f7227204e9905560bd2ebb4e91a	99.800	619	0.995	1.000
de207ab7fc136ef8a23ec85e395e191e5ba206647890ce938d0e4461b9adaa9d	208311c2c2ff3b6c53622845251376a96a28980ff1935c768c55682bee61976c	99.800	613	0.986	1.000
de207ab7fc136ef8a23ec85e395e191e5ba206647890ce938d0e4461b9adaa9d	dfe2825a7558f4c5fba97702bd7ed879e82f4744f66ebc570c0d784345d6b840	99.000	619	0.995	1.000
de207ab7fc136ef8a23ec85e395e191e5ba206647890ce938d0e4461b9adaa9d	f1e633e320440e81fc7efc8a5251029814890036d976d9eadf559c38160d59e6	98.800	619	0.995	1.000
de207ab7fc136ef8a23ec85e395e191e5ba206647890ce938d0e4461b9adaa9d	27484ad77afe690d5bdf4cfa6f34d5760e76875554b81ecc0b1d53a23591cacf	98.700	620	0.997	1.000
de207ab7fc136ef8a23ec85e395e191e5ba206647890ce938d0e4461b9adaa9d	21ffe0f8a1c8672d5c9ca49e31cb90a7626e3c12bf29b716833fd1017c890b0f	98.500	620	0.997	1.000
de207ab7fc136ef8a23ec85e395e191e5ba206647890ce938d0e4461b9adaa9d	5a0f24eb1abfb170b4c8fc4a5efc33b9283d8e974bda44ba9eb8d40571463ba8	98.700	619	0.995	1.000
de207ab7fc136ef8a23ec85e395e191e5ba206647890ce938d0e4461b9adaa9d	4684a59b54982af9f802f2474338dbcd1156627d8b45d3a7b55ee18ab63d9bf1	98.500	619	0.995	1.000
de207ab7fc136ef8a23ec85e395e191e5ba206647890ce938d0e4461b9adaa9d	f7af49e01f8f424e21b71e1ba11aeab6aaa2a40ee38b60f72a07888b27b5f855	98.200	620	0.997	1.000
de207ab7fc136ef8a23ec85e395e191e5ba206647890ce938d0e4461b9adaa9d	942d0d2474ece8865556b500b7dc9f432f2975b39d22f45f6ea83a4e285104e5	98.300	619	0.995	1.000
de207ab7fc136ef8a23ec85e395e191e5ba206647890ce938d0e4461b9adaa9d	e09fe6b924b2a4068348408e9e93ae31ef44010c649c2a0a58939cbe3a5fc4b8	98.600	613	0.986	1.000
de207ab7fc136ef8a23ec85e395e191e5ba206647890ce938d0e4461b9adaa9d	83d4db35e618ebc6ef1c1ab2bbc638a420c8c70c3c558fdc5d6673ac536104e1	98.500	614	0.987	1.000
de207ab7fc136ef8a23ec85e395e191e5ba206647890ce938d0e4461b9adaa9d	99f2002f5307d893706c2cb58bd030ce1aa6bc2b64b26827adacdc3d01fabd44	89.000	613	0.986	1.000
de207ab7fc136ef8a23ec85e395e191e5ba206647890ce938d0e4461b9adaa9d	37fae74d6f84c9dd79716c0ed056c3a6779adfe5e3619b4d47317651deb01654	89.000	613	0.986	1.000
de207ab7fc136ef8a23ec85e395e191e5ba206647890ce938d0e4461b9adaa9d	042f4a1ef201386831987e2e607c49bf84bd554ab68a90faea7ac21fddac0d78	88.900	613	0.986	1.000
de207ab7fc136ef8a23ec85e395e191e5ba206647890ce938d0e4461b9adaa9d	197d6d96aab9c6f03991eef13cad663e2f6bcc22dc62516352a3ee3f07c16611	88.700	613	0.986	1.000
cbc5733c409183388eb42219d16c452d5e741116d06c60a32615452a9f8f5340	12dc03d3157ec9d2590dd85b5b62c33ec8d9df94e41caaf89fed457a9e0ab2cd	32.000	175	0.623	0.941
cbc5733c409183388eb42219d16c452d5e741116d06c60a32615452a9f8f5340	45fb57f04674301a0bc6ee8bc63ca10cc38d695c34661feb2be81ad547eb3077	33.300	156	0.555	0.886
cbc5733c409183388eb42219d16c452d5e741116d06c60a32615452a9f8f5340	64e2217d2a4d49a85df0b10251aa823ebb07eac443e0eceab163caf99b7c828c	32.500	157	0.559	0.910
5e1d27cf205f02790837f05655f384dec7a71dd0ea539f7a40085ec7bf2113ef	bcc8b3b2ad6813f93649069bee9966ecc630da3e28bdfaf34e2c11e5d1f9947a	100.000	106	0.914	1.000
5e1d27cf205f02790837f05655f384dec7a71dd0ea539f7a40085ec7bf2113ef	6a6dd5b9428faedc42d718f66b5c062cdca3b1fc302462e458ee0f9f59d5a257	100.000	96	0.828	1.000
5e1d27cf205f02790837f05655f384dec7a71dd0ea539f7a40085ec7bf2113ef	cf16a4fd0c9a49823ef475c26c7646a90db6cc04a25479162601bef8acb1769a	56.300	94	0.793	0.989
5e1d27cf205f02790837f05655f384dec7a71dd0ea539f7a40085ec7bf2113ef	7d0881c8f91f7ca9a9027a3590d91b6bb3baffcf5baf0388ed04368d2fe46b5e	53.900	89	0.750	0.989
5e99a0fa68e32001c51058e911d823bca3daec4d518d720b65ecd89e44fd7f96	9c0c24637836a29a4baaccdd66496da7cdefaa5cce2ee6cf58bacc9d6735e418	23.300	273	0.717	0.837
5e99a0fa68e32001c51058e911d823bca3daec4d518d720b65ecd89e44fd7f96	cd5d8eaa19bfba958e3500b97e06f0e093d657c02867d4935b3fc8644778ef12	24.500	217	0.560	0.702
5e99a0fa68e32001c51058e911d823bca3daec4d518d720b65ecd89e44fd7f96	8cfa9b3836dfde436c8a531aa092c35840c6e8966e478130b30e6a1a3919e50d	23.400	219	0.560	0.695
d9af3af2a6c3c2713e197fd5174ab239efb56400147c41ca3249c577e875f807	8cf163195864f2db9d97f12d445b46b3b58d0798f7130c5941708911633b9127	72.000	583	0.991	0.995
d9af3af2a6c3c2713e197fd5174ab239efb56400147c41ca3249c577e875f807	2e937c3b2efbaba27b5af615718233f5b26b3671157c5d0e361926d6e9248298	37.300	572	0.979	0.993
d9af3af2a6c3c2713e197fd5174ab239efb56400147c41ca3249c577e875f807	4b8278fd8e67da48a04c4db0e446f6fb28a8bf2c8b39932f10e4426b1dc60042	37.300	572	0.979	0.991
d9af3af2a6c3c2713e197fd5174ab239efb56400147c41ca3249c577e875f807	369daada4487c46215dc6b822464181285f3faffb8c3fb64fd6ce3e1ddcb35b0	37.100	572	0.979	0.996
d9af3af2a6c3c2713e197fd5174ab239efb56400147c41ca3249c577e875f807	669d37bec0f21c1d2eba38e86db78adb122ba3f3a7d6451e253e31571a69ef73	37.100	572	0.979	0.995
d9af3af2a6c3c2713e197fd5174ab239efb56400147c41ca3249c577e875f807	7220daede4846aa60d8ba714744b253beaf11522d997a18ba05a69087922d478	37.100	572	0.979	0.993
d9af3af2a6c3c2713e197fd5174ab239efb56400147c41ca3249c577e875f807	6affe52c7ae214c14f504c1e5b725304cefcba4c77938ad1ae6768a9aac3a0d5	36.600	573	0.981	0.993
d9af3af2a6c3c2713e197fd5174ab239efb56400147c41ca3249c577e875f807	094df7cafaec47b9c6a10816d507e9aacc989012e67ce5dfadfebc6469a964e1	23.800	528	0.904	0.964
d9af3af2a6c3c2713e197fd5174ab239efb56400147c41ca3249c577e875f807	38f0e260d196f0a71903e5d063d7c54840c2e3e3d4b2b715a275d6a7fc35576c	32.300	189	0.324	0.298
d9af3af2a6c3c2713e197fd5174ab239efb56400147c41ca3249c577e875f807	cda7f81cbafad06c0c940a1bd2396cd05c0c1396006264d763bbb9a49a830250	26.700	189	0.324	0.299
d9af3af2a6c3c2713e197fd5174ab239efb56400147c41ca3249c577e875f807	228bfb52017864740efae4c5d6d46791f621c867ad8046d1dab56c58bce6aa1b	25.200	189	0.324	0.300
d9af3af2a6c3c2713e197fd5174ab239efb56400147c41ca3249c577e875f807	298e3495919f1dabece1da471d29885d1ea2d32e1167e66b799475047a909de9	27.300	213	0.336	0.310
63d7c28288185b4ec3486c471b42c4e4b06e97d3cd9afdb315c833040fddb2ba	3c5fc1b86eafdc210b36f61ad572618008d43a308bf64143b1055a3a62ab2bf3	93.700	127	1.000	1.000
63d7c28288185b4ec3486c471b42c4e4b06e97d3cd9afdb315c833040fddb2ba	b1599eaffe7c2d55bb7e56d8f93dc3a197ccfccda0f5859f767594ece821fa0f	40.000	129	0.984	0.985
63d7c28288185b4ec3486c471b42c4e4b06e97d3cd9afdb315c833040fddb2ba	c1b54707e8a74a8aea4a58c95e5d295bee2ced86b40b45e74bb9687f59ef9a29	40.000	129	0.984	0.977
63d7c28288185b4ec3486c471b42c4e4b06e97d3cd9afdb315c833040fddb2ba	044717f9ad4cad335651244623adc2d98b9d5dbdff251a4d76b5e2831c973f83	40.000	129	0.984	0.963
63d7c28288185b4ec3486c471b42c4e4b06e97d3cd9afdb315c833040fddb2ba	d8ec3042bfb5229cbb2149f53ea826e741ae3fd8360d2cc0b2f2c2584092d0ff	40.000	129	0.984	0.956
63d7c28288185b4ec3486c471b42c4e4b06e97d3cd9afdb315c833040fddb2ba	f7a0e2149e23b39a5e282e48cdf36845f65f23648daa2a9de46a633070bd4ce0	40.000	129	0.984	0.956
63d7c28288185b4ec3486c471b42c4e4b06e97d3cd9afdb315c833040fddb2ba	920b5716354fd8a2e03952c61f41f3ec154eaa3cef77644f8d722f8385553f43	40.000	125	0.984	0.992
63d7c28288185b4ec3486c471b42c4e4b06e97d3cd9afdb315c833040fddb2ba	5a0540673587f881a56ac9418f84912b6d74b3414e15dcde0eed146a2aa6a6c1	29.700	131	0.969	0.970
63d7c28288185b4ec3486c471b42c4e4b06e97d3cd9afdb315c833040fddb2ba	78590ae4d0d591df21bd7afdca6aad48c41432951d428f3b99cf88db8a0e0a1d	32.500	135	0.984	0.985
63d7c28288185b4ec3486c471b42c4e4b06e97d3cd9afdb315c833040fddb2ba	5c265dbc56afaf44a5faf7420b4da9c0e13acd8feafd9c424be09754b225feae	33.300	135	0.984	0.985
63d7c28288185b4ec3486c471b42c4e4b06e97d3cd9afdb315c833040fddb2ba	a9ba7bf1fdba215b18c56212b166b2d7ed617831b2c8f8022b26c19b31554837	32.500	135	0.984	0.985
63d7c28288185b4ec3486c471b42c4e4b06e97d3cd9afdb315c833040fddb2ba	b6e5474b800cf2834c54e1b3d92c052f575d1947fd55e133c0d937d9b3efb748	30.000	123	0.945	0.939
63d7c28288185b4ec3486c471b42c4e4b06e97d3cd9afdb315c833040fddb2ba	018f8fea17e181c25b66043134233496e5e77ccfffe9fa3737978f99a2c8ffbc	27.600	134	0.984	0.985
63d7c28288185b4ec3486c471b42c4e4b06e97d3cd9afdb315c833040fddb2ba	6d060e3d09cc5d9556db3c23e45134f37273f4aa114d48f622b04fac1cc072cb	30.300	128	0.969	0.962
63d7c28288185b4ec3486c471b42c4e4b06e97d3cd9afdb315c833040fddb2ba	e916ec83b6bc8a9c50290e9d6fa4e8fd455b0d52d99fb8ef9f97ad9888efd35b	27.900	128	0.969	0.908
63d7c28288185b4ec3486c471b42c4e4b06e97d3cd9afdb315c833040fddb2ba	e749f7a2bb2009229c2835edfe4156d68827d7d0431f386a9a7e3ce29c7f8703	32.500	83	0.654	0.634
b6d2dd10f53d329e5a3ba6cb2b78e5d22ee16367d40567e59390e77f56ba6dcc	50f4624c369a68b6d0fae8b80d02761f41aa06be29033909da590cff4cf2a244	37.000	457	0.555	0.985
b6d2dd10f53d329e5a3ba6cb2b78e5d22ee16367d40567e59390e77f56ba6dcc	dbd9ca9d47b6d0893e4a477577d2c57c60ff4d42ad0e64fb8082c6eabba7f6f6	35.000	351	0.426	0.980
b6d2dd10f53d329e5a3ba6cb2b78e5d22ee16367d40567e59390e77f56ba6dcc	e06e1221068cfa5dc34f1546748cdb0d9aedab17580cb83538b0d26e0841a8fe	38.100	76	0.093	0.338
b6d2dd10f53d329e5a3ba6cb2b78e5d22ee16367d40567e59390e77f56ba6dcc	2c0ae3536eca0cf3e19cdc34eb99a28ff006e5ebb841ecb7204519352b020eb8	45.000	51	0.062	0.227
b6d2dd10f53d329e5a3ba6cb2b78e5d22ee16367d40567e59390e77f56ba6dcc	af55725a6afbbd2b38dc13c604ae363010d58d4ded6978f8209379d60c27acf1	45.000	51	0.062	0.226
d46ced490ab4aad102814206500aeb0771cfa3a957edc5fcb4582a07a640f6a0	f539b62d64c8ae249a04c20a16565d4cfd9e1730ae4a929577a3bb879fef975a	100.000	298	1.000	0.997
d46ced490ab4aad102814206500aeb0771cfa3a957edc5fcb4582a07a640f6a0	f4affee53602e5957d8bf89bfe91782b30e0db83f218d5dd10c979fa3c46d618	100.000	297	0.997	1.000
d46ced490ab4aad102814206500aeb0771cfa3a957edc5fcb4582a07a640f6a0	e950d160c0ee8a9c27577815d19771aa93c009dae257e31aae30b96af011fac9	100.000	297	0.997	1.000
d46ced490ab4aad102814206500aeb0771cfa3a957edc5fcb4582a07a640f6a0	8a236b5f157257a69560536111429cbd3a8e90495c77fb95a1ad1feb94e923fb	100.000	297	0.997	0.997
d46ced490ab4aad102814206500aeb0771cfa3a957edc5fcb4582a07a640f6a0	9ca1bb8f0af972cf3b40432244f9f8412f92056b84ce838924b3423d742fa314	99.600	297	0.997	1.000
d46ced490ab4aad102814206500aeb0771cfa3a957edc5fcb4582a07a640f6a0	7aedc90e290a9c34dde8ebc8c89840bf77c8c5b6dd39299b30b9e038ba85fa32	100.000	296	0.993	1.000
d46ced490ab4aad102814206500aeb0771cfa3a957edc5fcb4582a07a640f6a0	c69326ad83679f1afe596335a876ae076648bb1d0a87733e07c012fa19ebd549	100.000	296	0.993	0.997
d46ced490ab4aad102814206500aeb0771cfa3a957edc5fcb4582a07a640f6a0	86df30f155b6a487d66c27d0419a9542518c56dcaf62619058e3ad6ddf0e2b10	99.300	297	0.997	1.000
d46ced490ab4aad102814206500aeb0771cfa3a957edc5fcb4582a07a640f6a0	60a9d04d05bbb4ffdf0496981d86bdc93d8c6c52a7b68c011f86f6d765d84da9	99.300	297	0.997	1.000
d46ced490ab4aad102814206500aeb0771cfa3a957edc5fcb4582a07a640f6a0	87d3d6e329992728b74863525c4f38731519065721268c2ead4bb6dc8c766180	99.600	297	0.997	1.000
d46ced490ab4aad102814206500aeb0771cfa3a957edc5fcb4582a07a640f6a0	deb928878f37c622f01344dbae1ad1544db2827cfdfb841e465e6da3477719a6	98.600	296	0.993	1.000
d46ced490ab4aad102814206500aeb0771cfa3a957edc5fcb4582a07a640f6a0	3627a964f640198e88441a0582f159fae2ac93f360a977606f7a26b8906d994e	97.900	296	0.993	1.000
d46ced490ab4aad102814206500aeb0771cfa3a957edc5fcb4582a07a640f6a0	567aaa8996c0c01f58b85b3e9a837094ab0aab59f02fa664dadbaa23be68be76	97.900	298	1.000	1.000
d46ced490ab4aad102814206500aeb0771cfa3a957edc5fcb4582a07a640f6a0	ba14772925e50efefceb82b1af2c34efbaa02cfefd48fb64b98f4307baaaab3a	100.000	285	0.956	0.986
d46ced490ab4aad102814206500aeb0771cfa3a957edc5fcb4582a07a640f6a0	dc83109485c2a17b688e9bc870b0ef0426656da1444b7da8549b11ec8061c23c	100.000	283	0.950	0.986
d46ced490ab4aad102814206500aeb0771cfa3a957edc5fcb4582a07a640f6a0	8031ae95cbb25e3bde880983c04e082cfdf61d9e2605424499fc823370fdcbb1	100.000	282	0.946	1.000
d46ced490ab4aad102814206500aeb0771cfa3a957edc5fcb4582a07a640f6a0	2f1cbadd23eff16b2c763a0129955da7d1b9a1a9fa79c3aaad5def9f07cac71d	100.000	282	0.946	1.000
d46ced490ab4aad102814206500aeb0771cfa3a957edc5fcb4582a07a640f6a0	843b8c68c081bf7a679dcb6ee5afcc86bb8333baffac6b54ca751c3ce4e521f7	100.000	281	0.943	1.000
d46ced490ab4aad102814206500aeb0771cfa3a957edc5fcb4582a07a640f6a0	ed5835544479fe355052daf3117c43869dbb96f8578e3dea1d94292a4b0b69f5	100.000	279	0.936	0.979
d46ced490ab4aad102814206500aeb0771cfa3a957edc5fcb4582a07a640f6a0	7d8609113c248ccac9bbb71480ee87118233587415889a0b284458366d132a53	100.000	279	0.936	0.976
81962b47787bfaba76936dd091396e21617e3f444f9efac4085cd2ac133f56d2	7d5fe3d376a7bbddd769d593ebb951ae45ed0a7c8dce7036fa1b350ec0726c46	98.900	92	0.332	1.000
81962b47787bfaba76936dd091396e21617e3f444f9efac4085cd2ac133f56d2	a0610e293348b285d2ddaa3c216fa020850342fd338659c51de94433ac694616	33.000	124	0.433	0.717
e4520c62aed3a6fd2854bdbaef518173baa30a0b701e11622b8b0d9d7ac1c295	0fcc3f3ebb89bd2bf99770c6fe71041434c1fce290cb5ebf1d018308fe4579d1	32.300	337	0.511	0.994
e4520c62aed3a6fd2854bdbaef518173baa30a0b701e11622b8b0d9d7ac1c295	146c2e21adb9fa6d321c8ef4c9f2de2b6d48363b40f028d955993f8599d0e38f	32.300	337	0.511	0.988
e4520c62aed3a6fd2854bdbaef518173baa30a0b701e11622b8b0d9d7ac1c295	e59ddea590595f787d4b784150f3fe4433da01c00896f9365180bb3bd12f1af7	32.300	337	0.511	0.982
e4520c62aed3a6fd2854bdbaef518173baa30a0b701e11622b8b0d9d7ac1c295	403bc22a4bac297dd6dce68a8058dc59e85e240f68e408cde6f272a1c191614a	32.100	337	0.511	0.994
e4520c62aed3a6fd2854bdbaef518173baa30a0b701e11622b8b0d9d7ac1c295	a8612434fd06c47a1118ad26d9c186537349de72070bb030cf0aacbb4acfde86	32.100	337	0.511	0.988
e4520c62aed3a6fd2854bdbaef518173baa30a0b701e11622b8b0d9d7ac1c295	673cfc0564fdd7527db27b7aecf6d8c3f44ca2fdeb78349d4182f50b66f18dcf	32.100	337	0.511	0.982
e4520c62aed3a6fd2854bdbaef518173baa30a0b701e11622b8b0d9d7ac1c295	094989876d910a95d89d30af8dfd09b5c43ffd7c48ff1347580aa6baa7228a65	32.100	337	0.511	0.976
e4520c62aed3a6fd2854bdbaef518173baa30a0b701e11622b8b0d9d7ac1c295	68815ee1ac47f135e3920e0ab6925070e03c605b85ca555fc52a8c876354cb95	32.100	337	0.511	0.970
e4520c62aed3a6fd2854bdbaef518173baa30a0b701e11622b8b0d9d7ac1c295	5e387ad71fce08b5c952ffb29b48e4ba78be867070307001479762822742e7ae	31.900	336	0.509	0.982
e4520c62aed3a6fd2854bdbaef518173baa30a0b701e11622b8b0d9d7ac1c295	3a514f0af67766186bd1281fba05b6e8e5ca43c86831fa9adad6991fe0e04efb	31.400	337	0.511	1.000
e4520c62aed3a6fd2854bdbaef518173baa30a0b701e11622b8b0d9d7ac1c295	03eed57001394f0c3cba3566175eac274cc74c4755543293dff9fbd3987917f0	32.000	337	0.511	0.994
e4520c62aed3a6fd2854bdbaef518173baa30a0b701e11622b8b0d9d7ac1c295	e0dfcc36c18d657afd338d85dee4e450e2a7838f3d6c4f7f9930ec638b21f30f	31.800	337	0.511	0.994
e4520c62aed3a6fd2854bdbaef518173baa30a0b701e11622b8b0d9d7ac1c295	1cd7ed899724d76daf2d0e8fbfe5ed284ea7a074faf28ffe46d998850bc26794	31.700	337	0.511	0.994
e4520c62aed3a6fd2854bdbaef518173baa30a0b701e11622b8b0d9d7ac1c295	d6d596081e17f9710a981c3a8df03f0b445be9639aa89573ba59b803abaa0131	59.600	119	0.171	0.763
e4520c62aed3a6fd2854bdbaef518173baa30a0b701e11622b8b0d9d7ac1c295	7f38f589e8e92564eedb82bfe1e564a89d5a46ef448559ff2ea28238ca017f08	59.600	119	0.171	0.763
e4520c62aed3a6fd2854bdbaef518173baa30a0b701e11622b8b0d9d7ac1c295	0c4f7bad7d677876ea754484b17c964e921bd64bb4ed943090c72a62fb4f9831	59.600	119	0.171	0.748
e4520c62aed3a6fd2854bdbaef518173baa30a0b701e11622b8b0d9d7ac1c295	ed594fc68e9bd36c4745a03671378a0aa308859311e10a60acda69bcb7748bc3	30.500	337	0.511	0.993
e4520c62aed3a6fd2854bdbaef518173baa30a0b701e11622b8b0d9d7ac1c295	db12e65cbbf12e51f3ee0cfecadb69d95ee71d4841b4ef48804fd1459c7d245b	60.000	105	0.159	0.625
e4520c62aed3a6fd2854bdbaef518173baa30a0b701e11622b8b0d9d7ac1c295	97ef3fcbab5f3049136159514fb3ad156b13ed6b4f114f8a0e05e04a6f17ebf0	60.000	105	0.159	0.614
e4520c62aed3a6fd2854bdbaef518173baa30a0b701e11622b8b0d9d7ac1c295	6e4574b0acea26eb25264db6ad92af64ed60692b703311fcc253b888cf6af8dd	60.000	105	0.159	0.607
7192d652f813d4d86f957b1edb7729c8adb429515fb591d7f4c6937a9d54dec2	f80e1775e278cea20cecb990244fc2a7a447c134d61ff83da85fa797e835656c	27.800	289	0.630	0.850
7192d652f813d4d86f957b1edb7729c8adb429515fb591d7f4c6937a9d54dec2	51ef49071b00d7a6a46b4542281759edc65979fecde61d1976cecf1b7788a67f	28.400	252	0.625	0.968
7192d652f813d4d86f957b1edb7729c8adb429515fb591d7f4c6937a9d54dec2	758d865388f9fb3767bd99e055023bdbb10a8511eaa54e1b2a2d077116f8f85e	29.100	240	0.593	0.913
7192d652f813d4d86f957b1edb7729c8adb429515fb591d7f4c6937a9d54dec2	b5366aedc0c5463f45d8169155354aff98174536acc94905c952ebde0c831474	28.700	239	0.593	0.911
7192d652f813d4d86f957b1edb7729c8adb429515fb591d7f4c6937a9d54dec2	68d263d272df663782771e2727284513a09392e75322585eda09bf6ddc900f1c	27.700	252	0.625	0.923
7192d652f813d4d86f957b1edb7729c8adb429515fb591d7f4c6937a9d54dec2	328e638a411108e4961f36b4ea742215b2821b6befbfd1094f81bb1e6f2400d3	28.000	252	0.625	0.922
7192d652f813d4d86f957b1edb7729c8adb429515fb591d7f4c6937a9d54dec2	a426859c2fdaf6ce556797ba9048d775c7853dfeea9e1be2f544a000e9a7c471	28.700	239	0.593	0.908
7192d652f813d4d86f957b1edb7729c8adb429515fb591d7f4c6937a9d54dec2	85b8dbaf5a7b0abe6681ef70e623d182dbfff360e0f03f47f7ed66e28d132c3d	28.300	252	0.625	0.968
7192d652f813d4d86f957b1edb7729c8adb429515fb591d7f4c6937a9d54dec2	491838c637e038b138dac34f5b8b71838602a60419529e159fadf49d2e3af3b5	27.900	239	0.593	0.860
7192d652f813d4d86f957b1edb7729c8adb429515fb591d7f4c6937a9d54dec2	574136d04122b4f76ba4a35fe14358fc550b21feb1e28cbd5c6d3c75e5453140	28.300	239	0.593	0.881
7192d652f813d4d86f957b1edb7729c8adb429515fb591d7f4c6937a9d54dec2	ae227c5db744050b1d4e017463be97ea7221290db0bc24ddfabdec712960f7dc	28.300	239	0.593	0.875
7192d652f813d4d86f957b1edb7729c8adb429515fb591d7f4c6937a9d54dec2	3c51fd8ce37aae2bc11be90007fc5e8fea0cb798244ef1d8b10f73b3eef069f4	28.200	247	0.613	0.932
7192d652f813d4d86f957b1edb7729c8adb429515fb591d7f4c6937a9d54dec2	77ce10b393d7c42ee0cc93f38875a7ed73f6ed58987c97e0201b8f668e125179	27.900	239	0.593	0.908
7192d652f813d4d86f957b1edb7729c8adb429515fb591d7f4c6937a9d54dec2	b5c11c0dca4639290f955618958d3b0b3ddee5d571c0bc843f46eb3ec8f9f64d	27.500	239	0.593	0.906
7192d652f813d4d86f957b1edb7729c8adb429515fb591d7f4c6937a9d54dec2	f8fa617d2196c2e2b556c159f13fa36392d2ec75381cdfd61630428855cd1ebc	27.600	254	0.596	0.888
7192d652f813d4d86f957b1edb7729c8adb429515fb591d7f4c6937a9d54dec2	4210ad916b05ae2d57914160a5eb05d99281d9eee50fb1b4b161261a25566768	27.300	225	0.501	0.773
7192d652f813d4d86f957b1edb7729c8adb429515fb591d7f4c6937a9d54dec2	504882b6ab04a2922ebab11cf63737368af4bb6d32d71bddd1342ee4b5177e06	26.400	211	0.496	0.534
7192d652f813d4d86f957b1edb7729c8adb429515fb591d7f4c6937a9d54dec2	cd91e735333f21a908e0478b67b21ad3262be7b20dd173ba170933f9ee35e17c	26.400	212	0.496	0.535
7192d652f813d4d86f957b1edb7729c8adb429515fb591d7f4c6937a9d54dec2	e059cd0b395629825e28e0e9782d4b5659ff334b13a60e6c08c6e7ec61b98481	24.200	247	0.613	0.916
7192d652f813d4d86f957b1edb7729c8adb429515fb591d7f4c6937a9d54dec2	c48df3a3b69a9575bf4a900f3905a1771f2e66e7e479b890fbe23c2ccda5c08f	26.100	169	0.419	0.251
c2605143e7573a8e4485a8559fa67e5a99f862682b894e9c3a1302296f6f5efe	81af9eebcfc26b32123b994a43d67dd0fbdf629d4a420cbc8d7d85564f453d98	58.700	126	0.933	0.962
c2605143e7573a8e4485a8559fa67e5a99f862682b894e9c3a1302296f6f5efe	e749f7a2bb2009229c2835edfe4156d68827d7d0431f386a9a7e3ce29c7f8703	57.100	126	0.933	0.962
c2605143e7573a8e4485a8559fa67e5a99f862682b894e9c3a1302296f6f5efe	6ad60b5a0d9d4c9e643c71b896c56a6459efe081dcb9ba829dd38c01fa06a7e3	55.200	125	0.926	0.954
c2605143e7573a8e4485a8559fa67e5a99f862682b894e9c3a1302296f6f5efe	abbc540fd00df986863128718825f14045a40af9f75dd691433002ad105dcbde	55.200	125	0.926	0.954
c2605143e7573a8e4485a8559fa67e5a99f862682b894e9c3a1302296f6f5efe	8167dd665db7a995c7f2faed5717a61085c58d66db6a1bd10c652226f1630ea3	55.200	125	0.926	0.954
c2605143e7573a8e4485a8559fa67e5a99f862682b894e9c3a1302296f6f5efe	bc3cc2f8e0397edccdfcfe9d59838d1c1322d76064182ec35d0af9cc798d7cf9	55.200	125	0.926	0.947
c2605143e7573a8e4485a8559fa67e5a99f862682b894e9c3a1302296f6f5efe	4b01007149e4390f3887136c7ffd34d90ec82f21de1a11ae28dad38ad9406ce5	55.200	125	0.926	0.899
c2605143e7573a8e4485a8559fa67e5a99f862682b894e9c3a1302296f6f5efe	9470bc4b9fb447a2cfc0ba037f1b66fd0fb518b542f9efbc54f6d4f7f074647f	51.200	125	0.926	0.954
c2605143e7573a8e4485a8559fa67e5a99f862682b894e9c3a1302296f6f5efe	b6e5474b800cf2834c54e1b3d92c052f575d1947fd55e133c0d937d9b3efb748	47.100	123	0.911	0.939
c2605143e7573a8e4485a8559fa67e5a99f862682b894e9c3a1302296f6f5efe	ba896fb10d7ac4349f60cb29493be3dc650a51b181d848ef7d002c252e9b5efa	37.000	127	0.933	0.955
c2605143e7573a8e4485a8559fa67e5a99f862682b894e9c3a1302296f6f5efe	5c265dbc56afaf44a5faf7420b4da9c0e13acd8feafd9c424be09754b225feae	35.300	130	0.911	0.949
c2605143e7573a8e4485a8559fa67e5a99f862682b894e9c3a1302296f6f5efe	018f8fea17e181c25b66043134233496e5e77ccfffe9fa3737978f99a2c8ffbc	37.200	129	0.911	0.949
c2605143e7573a8e4485a8559fa67e5a99f862682b894e9c3a1302296f6f5efe	a9ba7bf1fdba215b18c56212b166b2d7ed617831b2c8f8022b26c19b31554837	33.800	130	0.911	0.949
c2605143e7573a8e4485a8559fa67e5a99f862682b894e9c3a1302296f6f5efe	5a0540673587f881a56ac9418f84912b6d74b3414e15dcde0eed146a2aa6a6c1	35.100	126	0.926	0.933
c2605143e7573a8e4485a8559fa67e5a99f862682b894e9c3a1302296f6f5efe	78590ae4d0d591df21bd7afdca6aad48c41432951d428f3b99cf88db8a0e0a1d	32.300	130	0.911	0.949
c2605143e7573a8e4485a8559fa67e5a99f862682b894e9c3a1302296f6f5efe	61f3556f72a88f21874e23630be0189cd34b2595860b9006f0889e1064c75865	31.200	128	0.933	0.955
c2605143e7573a8e4485a8559fa67e5a99f862682b894e9c3a1302296f6f5efe	6d060e3d09cc5d9556db3c23e45134f37273f4aa114d48f622b04fac1cc072cb	28.300	127	0.926	0.955
c2605143e7573a8e4485a8559fa67e5a99f862682b894e9c3a1302296f6f5efe	e916ec83b6bc8a9c50290e9d6fa4e8fd455b0d52d99fb8ef9f97ad9888efd35b	25.900	127	0.926	0.901
ea65c47a56a329447bd540905b923c337c8500cc36498b1b77a1b9d83187b190	b6e5474b800cf2834c54e1b3d92c052f575d1947fd55e133c0d937d9b3efb748	35.300	130	0.985	0.977
ea65c47a56a329447bd540905b923c337c8500cc36498b1b77a1b9d83187b190	abbc540fd00df986863128718825f14045a40af9f75dd691433002ad105dcbde	33.000	130	0.985	0.977
ea65c47a56a329447bd540905b923c337c8500cc36498b1b77a1b9d83187b190	8167dd665db7a995c7f2faed5717a61085c58d66db6a1bd10c652226f1630ea3	33.000	130	0.985	0.977
ea65c47a56a329447bd540905b923c337c8500cc36498b1b77a1b9d83187b190	bc3cc2f8e0397edccdfcfe9d59838d1c1322d76064182ec35d0af9cc798d7cf9	33.000	130	0.985	0.970
ea65c47a56a329447bd540905b923c337c8500cc36498b1b77a1b9d83187b190	4b01007149e4390f3887136c7ffd34d90ec82f21de1a11ae28dad38ad9406ce5	33.000	130	0.985	0.921
ea65c47a56a329447bd540905b923c337c8500cc36498b1b77a1b9d83187b190	9470bc4b9fb447a2cfc0ba037f1b66fd0fb518b542f9efbc54f6d4f7f074647f	32.800	131	0.992	0.985
ea65c47a56a329447bd540905b923c337c8500cc36498b1b77a1b9d83187b190	6ad60b5a0d9d4c9e643c71b896c56a6459efe081dcb9ba829dd38c01fa06a7e3	33.000	130	0.985	0.977
ea65c47a56a329447bd540905b923c337c8500cc36498b1b77a1b9d83187b190	81af9eebcfc26b32123b994a43d67dd0fbdf629d4a420cbc8d7d85564f453d98	31.200	129	0.977	0.969
ea65c47a56a329447bd540905b923c337c8500cc36498b1b77a1b9d83187b190	e749f7a2bb2009229c2835edfe4156d68827d7d0431f386a9a7e3ce29c7f8703	31.200	129	0.977	0.969
ea65c47a56a329447bd540905b923c337c8500cc36498b1b77a1b9d83187b190	018f8fea17e181c25b66043134233496e5e77ccfffe9fa3737978f99a2c8ffbc	31.300	134	0.985	0.985
ea65c47a56a329447bd540905b923c337c8500cc36498b1b77a1b9d83187b190	5c265dbc56afaf44a5faf7420b4da9c0e13acd8feafd9c424be09754b225feae	30.800	135	0.985	0.985
ea65c47a56a329447bd540905b923c337c8500cc36498b1b77a1b9d83187b190	a9ba7bf1fdba215b18c56212b166b2d7ed617831b2c8f8022b26c19b31554837	30.800	135	0.985	0.985
ea65c47a56a329447bd540905b923c337c8500cc36498b1b77a1b9d83187b190	78590ae4d0d591df21bd7afdca6aad48c41432951d428f3b99cf88db8a0e0a1d	30.100	135	0.985	0.985
ea65c47a56a329447bd540905b923c337c8500cc36498b1b77a1b9d83187b190	ba896fb10d7ac4349f60cb29493be3dc650a51b181d848ef7d002c252e9b5efa	30.500	130	0.985	0.970
ea65c47a56a329447bd540905b923c337c8500cc36498b1b77a1b9d83187b190	5a0540673587f881a56ac9418f84912b6d74b3414e15dcde0eed146a2aa6a6c1	27.600	130	0.985	0.956
ea65c47a56a329447bd540905b923c337c8500cc36498b1b77a1b9d83187b190	61f3556f72a88f21874e23630be0189cd34b2595860b9006f0889e1064c75865	31.200	129	0.977	0.963
ea65c47a56a329447bd540905b923c337c8500cc36498b1b77a1b9d83187b190	6d060e3d09cc5d9556db3c23e45134f37273f4aa114d48f622b04fac1cc072cb	30.600	88	0.652	0.662
ea65c47a56a329447bd540905b923c337c8500cc36498b1b77a1b9d83187b190	e916ec83b6bc8a9c50290e9d6fa4e8fd455b0d52d99fb8ef9f97ad9888efd35b	27.600	126	0.955	0.894
ea65c47a56a329447bd540905b923c337c8500cc36498b1b77a1b9d83187b190	920b5716354fd8a2e03952c61f41f3ec154eaa3cef77644f8d722f8385553f43	27.600	130	0.985	0.992
ea65c47a56a329447bd540905b923c337c8500cc36498b1b77a1b9d83187b190	941f3b1bbf57b9a23b225883f499e51fd78cb8abe0bd261810b85b0505d75043	30.700	91	0.674	0.679
b670d96ac031d642bcd46a7d3df563138ff90dbe4e385dcc2b475467300706ea	4862baf1ed7049ebd2181987971e33f42e0d22c245789328cfb721b4266d0bfa	100.000	334	0.413	1.000
b670d96ac031d642bcd46a7d3df563138ff90dbe4e385dcc2b475467300706ea	ae06d7f3107e795ecd325ad8f72b179ea7b8f52791dedf97f714d7d0c8dc558a	100.000	333	0.412	1.000
b670d96ac031d642bcd46a7d3df563138ff90dbe4e385dcc2b475467300706ea	f7fc208cba38b6b66657ecb886e073312124e8401d9f944f23243aa2fbc9da82	100.000	330	0.408	1.000
b670d96ac031d642bcd46a7d3df563138ff90dbe4e385dcc2b475467300706ea	3e660d8acc6e6fd111a880724781643d47b159e36f1c241519d597ee55dbe4a7	100.000	330	0.408	1.000
b670d96ac031d642bcd46a7d3df563138ff90dbe4e385dcc2b475467300706ea	619f6de7fdfb90759298a09bba1ceb1e76f85193883573d1239747f3721b498c	100.000	329	0.407	1.000
b670d96ac031d642bcd46a7d3df563138ff90dbe4e385dcc2b475467300706ea	96e2036a1593523aaeda667e5c2f3d731624de6416946d8af3db74559bac0c9e	100.000	327	0.404	1.000
b670d96ac031d642bcd46a7d3df563138ff90dbe4e385dcc2b475467300706ea	4d0f747c512645b58530f84f9c9893e3566a32eda2b6b3511fe160f8d905c7c3	99.600	328	0.405	1.000
b670d96ac031d642bcd46a7d3df563138ff90dbe4e385dcc2b475467300706ea	baaee2dfe16899a59ddc90427fdeed1307edac42cdd56fe3dd6b510edd4c884f	100.000	326	0.403	1.000
b670d96ac031d642bcd46a7d3df563138ff90dbe4e385dcc2b475467300706ea	6aff7d750dd372dbcb480f8b4e5044f23f34f84fafd0a1e7ce217af28279f372	100.000	326	0.403	1.000
b670d96ac031d642bcd46a7d3df563138ff90dbe4e385dcc2b475467300706ea	a857a7a60d60eae8228fabe9ae9c577f800965a85764eaba56db5fbd38a0f5d1	99.600	327	0.404	1.000
b670d96ac031d642bcd46a7d3df563138ff90dbe4e385dcc2b475467300706ea	4205f14ad7748af8cdf046f892e45cf164f1a9276e881527289c12fd303562ee	100.000	325	0.402	1.000
b670d96ac031d642bcd46a7d3df563138ff90dbe4e385dcc2b475467300706ea	f767856283fd1385d9ffede8ac50e655e33698ccc44b3050168a196f152573ff	99.600	325	0.402	1.000
b670d96ac031d642bcd46a7d3df563138ff90dbe4e385dcc2b475467300706ea	ed3c580fedbe07f1d81aa2ebb1a755fc76b06867e8f389a9f46a147a5400d64c	86.200	343	0.424	0.997
b670d96ac031d642bcd46a7d3df563138ff90dbe4e385dcc2b475467300706ea	ae80026332d45a9c8e696faf46ce7c0f7d79a8c00643c7f2daa2a785f192d95d	86.900	338	0.418	1.000
b670d96ac031d642bcd46a7d3df563138ff90dbe4e385dcc2b475467300706ea	22a77df8197636601edd940fea55669e26721f3941e5268fb001fc1f8da3ff07	87.200	337	0.417	1.000
b670d96ac031d642bcd46a7d3df563138ff90dbe4e385dcc2b475467300706ea	7b7cf593a74025dcb1bfb514158fa30f732d5dd55302d2bdb72af4404cf546d1	85.500	333	0.412	0.997
b670d96ac031d642bcd46a7d3df563138ff90dbe4e385dcc2b475467300706ea	ee3da308060c013c34c41e107cacdb0c2e4cc453a4e39f453b1df0bf07f49ffe	85.500	333	0.412	0.994
b670d96ac031d642bcd46a7d3df563138ff90dbe4e385dcc2b475467300706ea	6bad8cbf5df5ffd7e69d6893c2334d3b2c49ec87b5e88980298db83808070eb7	87.400	334	0.413	0.997
b670d96ac031d642bcd46a7d3df563138ff90dbe4e385dcc2b475467300706ea	1e57061ce6482514c29782d600cb0d1b90b5b069872d6e55c76691bc7e9cbd68	87.600	331	0.409	1.000
b670d96ac031d642bcd46a7d3df563138ff90dbe4e385dcc2b475467300706ea	c47f32aa3e9f4d217d7d4b81b8c7ea528a0144aaed01ea7cbd6a3271c4f7c58b	87.900	323	0.399	1.000
9fe72522f21ef73d3cb27a82fb3d198f1c871bca25715a5049ce11c8653f9956	fa710202b376909aafd5b4ae2096e1019a004226b0cc1b541dc40833a3e3fc27	99.700	369	0.772	1.000
9fe72522f21ef73d3cb27a82fb3d198f1c871bca25715a5049ce11c8653f9956	276b5778b1a71abdc3b161b6ca8a3c62832c521b73184f3b059ef295f100fa90	95.900	369	0.772	1.000
18620c952a59df9175daafde62ce5e35ea1d664030c8558bfb85bd3406201b74	81af9eebcfc26b32123b994a43d67dd0fbdf629d4a420cbc8d7d85564f453d98	58.700	126	0.933	0.962
18620c952a59df9175daafde62ce5e35ea1d664030c8558bfb85bd3406201b74	e749f7a2bb2009229c2835edfe4156d68827d7d0431f386a9a7e3ce29c7f8703	57.100	126	0.933	0.962
18620c952a59df9175daafde62ce5e35ea1d664030c8558bfb85bd3406201b74	6ad60b5a0d9d4c9e643c71b896c56a6459efe081dcb9ba829dd38c01fa06a7e3	55.200	125	0.926	0.954
18620c952a59df9175daafde62ce5e35ea1d664030c8558bfb85bd3406201b74	abbc540fd00df986863128718825f14045a40af9f75dd691433002ad105dcbde	55.200	125	0.926	0.954
18620c952a59df9175daafde62ce5e35ea1d664030c8558bfb85bd3406201b74	8167dd665db7a995c7f2faed5717a61085c58d66db6a1bd10c652226f1630ea3	55.200	125	0.926	0.954
18620c952a59df9175daafde62ce5e35ea1d664030c8558bfb85bd3406201b74	bc3cc2f8e0397edccdfcfe9d59838d1c1322d76064182ec35d0af9cc798d7cf9	55.200	125	0.926	0.947
18620c952a59df9175daafde62ce5e35ea1d664030c8558bfb85bd3406201b74	4b01007149e4390f3887136c7ffd34d90ec82f21de1a11ae28dad38ad9406ce5	55.200	125	0.926	0.899
18620c952a59df9175daafde62ce5e35ea1d664030c8558bfb85bd3406201b74	9470bc4b9fb447a2cfc0ba037f1b66fd0fb518b542f9efbc54f6d4f7f074647f	51.200	125	0.926	0.954
18620c952a59df9175daafde62ce5e35ea1d664030c8558bfb85bd3406201b74	b6e5474b800cf2834c54e1b3d92c052f575d1947fd55e133c0d937d9b3efb748	47.100	123	0.911	0.939
18620c952a59df9175daafde62ce5e35ea1d664030c8558bfb85bd3406201b74	ba896fb10d7ac4349f60cb29493be3dc650a51b181d848ef7d002c252e9b5efa	36.200	127	0.933	0.955
18620c952a59df9175daafde62ce5e35ea1d664030c8558bfb85bd3406201b74	5c265dbc56afaf44a5faf7420b4da9c0e13acd8feafd9c424be09754b225feae	35.300	130	0.911	0.949
18620c952a59df9175daafde62ce5e35ea1d664030c8558bfb85bd3406201b74	018f8fea17e181c25b66043134233496e5e77ccfffe9fa3737978f99a2c8ffbc	37.200	129	0.911	0.949
18620c952a59df9175daafde62ce5e35ea1d664030c8558bfb85bd3406201b74	a9ba7bf1fdba215b18c56212b166b2d7ed617831b2c8f8022b26c19b31554837	33.800	130	0.911	0.949
18620c952a59df9175daafde62ce5e35ea1d664030c8558bfb85bd3406201b74	78590ae4d0d591df21bd7afdca6aad48c41432951d428f3b99cf88db8a0e0a1d	32.300	130	0.911	0.949
18620c952a59df9175daafde62ce5e35ea1d664030c8558bfb85bd3406201b74	5a0540673587f881a56ac9418f84912b6d74b3414e15dcde0eed146a2aa6a6c1	35.100	126	0.926	0.933
18620c952a59df9175daafde62ce5e35ea1d664030c8558bfb85bd3406201b74	61f3556f72a88f21874e23630be0189cd34b2595860b9006f0889e1064c75865	31.200	128	0.933	0.955
18620c952a59df9175daafde62ce5e35ea1d664030c8558bfb85bd3406201b74	6d060e3d09cc5d9556db3c23e45134f37273f4aa114d48f622b04fac1cc072cb	28.300	127	0.926	0.955
18620c952a59df9175daafde62ce5e35ea1d664030c8558bfb85bd3406201b74	e916ec83b6bc8a9c50290e9d6fa4e8fd455b0d52d99fb8ef9f97ad9888efd35b	25.900	127	0.926	0.901
2cb18ae9f49e0df3ed81a30e0fae3bc4b721465db4a16eee79b41c896d5aefec	6f7bca3a885843657e98521dee75591e5efab2a2d11514c1234737a0e73024e3	100.000	356	0.954	1.000
2cb18ae9f49e0df3ed81a30e0fae3bc4b721465db4a16eee79b41c896d5aefec	611b49c344944e40e982642d166fe2c44bba398ed9b8cfa1d89bbba5b72b4d18	100.000	355	0.952	1.000
2cb18ae9f49e0df3ed81a30e0fae3bc4b721465db4a16eee79b41c896d5aefec	2c010c4829ed99a58085b20d910a91017830897da6302a070d4817d618101f0a	99.100	361	0.968	0.984
2cb18ae9f49e0df3ed81a30e0fae3bc4b721465db4a16eee79b41c896d5aefec	bdf38c9d5c8d1cf685c52aab2accc45fcf9875f206efa9dd41f27dc3e7c9a6e8	98.800	361	0.968	0.986
2cb18ae9f49e0df3ed81a30e0fae3bc4b721465db4a16eee79b41c896d5aefec	e0138b2f931b643f2dc40a851eb1bb45b819be853369727f340ceb10c5fe16fd	98.800	361	0.968	0.986
2cb18ae9f49e0df3ed81a30e0fae3bc4b721465db4a16eee79b41c896d5aefec	c58b51b237556dceaf9698ef31f1c83a925fb3e0df891d1cd07e548250eee693	98.300	360	0.965	1.000
2cb18ae9f49e0df3ed81a30e0fae3bc4b721465db4a16eee79b41c896d5aefec	6ad89441b0c24cb3f3f339740b0c75b734fa8e717397c244bbc26e6ff7c1074c	98.300	361	0.968	0.986
2cb18ae9f49e0df3ed81a30e0fae3bc4b721465db4a16eee79b41c896d5aefec	55be7c0f8f7830fa93fbdcf08a247c9a3c03df009b1b18a1cbbe55c4356d71f0	55.700	338	0.906	0.955
2cb18ae9f49e0df3ed81a30e0fae3bc4b721465db4a16eee79b41c896d5aefec	d71e453d56a62a425d81cc3d1e29d9f61da61a3d37f43b8a487e31ea070f20a0	28.300	331	0.802	0.707
2cb18ae9f49e0df3ed81a30e0fae3bc4b721465db4a16eee79b41c896d5aefec	ac5d970cf1b4d61e7b0a84f1c2870676178c80acdf642a71f7aa6c34cb22e749	26.800	321	0.802	0.721
ef99ddc96efe16fcbd46d0a92826cb22f176371dc0255f212fae6b672dc79d06	caa8dfb3568e9afcd9bb19099cba6dc30511a4919a0e8b0baef0d6b447acc1dd	72.500	124	0.795	1.000
ef99ddc96efe16fcbd46d0a92826cb22f176371dc0255f212fae6b672dc79d06	3fdb0ecddf682ea329409cbd65f1023ab86b89d3649887fc5fd63ee07a63f307	70.100	124	0.795	1.000
ef99ddc96efe16fcbd46d0a92826cb22f176371dc0255f212fae6b672dc79d06	c6fb6bcbe4b5831505678638e34f0fe9ba66e675590e23483c6a315b15ad233d	69.300	124	0.795	1.000
ef99ddc96efe16fcbd46d0a92826cb22f176371dc0255f212fae6b672dc79d06	742437897c5db8ebd3eb20a4d5694cd58711a33756c42867093f7c8776ad1ed7	69.300	124	0.795	1.000
ef99ddc96efe16fcbd46d0a92826cb22f176371dc0255f212fae6b672dc79d06	eaae55daae153d10f3ad28bd9ae9f115251feb31a2362d529c981498f38f4ee0	69.300	124	0.795	1.000
ef99ddc96efe16fcbd46d0a92826cb22f176371dc0255f212fae6b672dc79d06	ad0622ce24576543e994baf2ef9fb8980fb385f8c64dea0e95f0eb3bcf59f2d1	44.800	116	0.744	0.942
ef99ddc96efe16fcbd46d0a92826cb22f176371dc0255f212fae6b672dc79d06	423d0de22fdf9006eb45c5a1b3277545bed070df4ec198d9fd3363b36b015663	36.200	122	0.782	0.951
2fcab038f670c1f501827f6ee95db92c00852db0be60b7f7810ad88d3a3cc81e	60ad687625c58332d76c070d3b11483a023b068fc6b51cb8e81920f6694bf2cc	100.000	248	0.296	1.000
f266e88e476ab108675cb31941a4446ef8210d0b44f09896ed4518371f554b01	bd0308b0b4f1aa44e275fca9f69fd1edfce2f1ee1f174b5ee6eeecb161973fd7	42.800	379	0.989	0.943
f266e88e476ab108675cb31941a4446ef8210d0b44f09896ed4518371f554b01	7a94c5db2ffe752532da30117068f2460937273890a5a9f5c19e0277343acd23	43.600	355	0.989	0.944
f266e88e476ab108675cb31941a4446ef8210d0b44f09896ed4518371f554b01	42f5db5397e909fa50ae3daed53f71a4dabd344b432e20d315990eadeca22edf	43.900	355	0.989	0.944
f266e88e476ab108675cb31941a4446ef8210d0b44f09896ed4518371f554b01	b90294cd90c2ef20600466714f47801afb78b17f21ac77272b7000440c3d7505	43.400	355	0.989	0.944
f266e88e476ab108675cb31941a4446ef8210d0b44f09896ed4518371f554b01	2cf50ab220a23fdf34249ada65016ca1132a80bdb63260f55b87cc2b2198d355	43.600	355	0.989	0.945
f266e88e476ab108675cb31941a4446ef8210d0b44f09896ed4518371f554b01	144be86068ab9e36e348d9f4b6e654a433c396efe75cc944a5d7243356c2bf44	42.400	368	0.989	0.941
f266e88e476ab108675cb31941a4446ef8210d0b44f09896ed4518371f554b01	10a168b5a6c86333dfd0e5fe7bb7de5b4e83ea16ee80ccf15459ff15ae6b2216	37.500	258	0.719	0.687
f266e88e476ab108675cb31941a4446ef8210d0b44f09896ed4518371f554b01	6a8559a03a0e5c50d82ddd86e4681d0cb6dccdd97693fda93c29d756591c83d4	37.500	258	0.719	0.685
f266e88e476ab108675cb31941a4446ef8210d0b44f09896ed4518371f554b01	3761b53f1ee9bc7182c26ebd4d4fbca2804c69aed08a4f75f0f6373e017a30f6	37.500	258	0.719	0.685
f266e88e476ab108675cb31941a4446ef8210d0b44f09896ed4518371f554b01	d493d580d6c35b925f1df1f2c4cea0f652893fbc8c5cabb453715ebc2e939a7b	37.500	258	0.719	0.672
f266e88e476ab108675cb31941a4446ef8210d0b44f09896ed4518371f554b01	703a90828e33150af043e15088bc0f82d80e4f56aa71d863f7e9d3174a382d22	31.200	299	0.833	0.796
f266e88e476ab108675cb31941a4446ef8210d0b44f09896ed4518371f554b01	71f56cf04394323cf4a77c6f4af0314f51e54cadb3c953419f5c37de935a5c5a	30.600	299	0.833	0.798
f266e88e476ab108675cb31941a4446ef8210d0b44f09896ed4518371f554b01	de94092eca57c6cc35062170c9a8415805788f220aaa0f98d3ca8065f9627dbc	30.700	299	0.833	0.798
f266e88e476ab108675cb31941a4446ef8210d0b44f09896ed4518371f554b01	54ba81f5274f2a91a83e84e107fed2aa53fd2f2e250f40f5f9633e4e94e290ae	30.000	299	0.833	0.806
f266e88e476ab108675cb31941a4446ef8210d0b44f09896ed4518371f554b01	a398b1e4e2333dd90591befc4b4b377b3e9c30e5a9672c4c892adc87ff428510	30.000	299	0.833	0.801
f266e88e476ab108675cb31941a4446ef8210d0b44f09896ed4518371f554b01	c2d9ce9433ecd156761131f7ca6d8ec2956e2f6ed82117a31aac7963ec1d7871	30.000	299	0.833	0.794
f266e88e476ab108675cb31941a4446ef8210d0b44f09896ed4518371f554b01	5810d6056798a6f1dad62d60a81d232d7abeafe23181f00967b2ba9418cb1d3b	31.200	299	0.833	0.798
f266e88e476ab108675cb31941a4446ef8210d0b44f09896ed4518371f554b01	147b48cb47d84a2d4a4a4aa895f53fa10ac18ec6340143c7fa78015a5c1b44ec	31.200	299	0.833	0.798
f266e88e476ab108675cb31941a4446ef8210d0b44f09896ed4518371f554b01	c591cc4bd2c565cd7621edc24cd95e488a38068002f017febed353c17397eb99	30.400	298	0.830	0.799
f266e88e476ab108675cb31941a4446ef8210d0b44f09896ed4518371f554b01	e2b3c5b9fbb5fc6726a848a069a1bd1ace3559cc2b23049b5afb28da66e1ecf2	30.000	299	0.833	0.804
e5fbaa460e80e9b1257967ca513089862c589fdb64454fbd9c93d41b89c1bcd7	b932f746fb3d34a8f0d0113907a167cd0705ecd080f024838e610b1331d74c32	99.500	242	0.880	1.000
e5fbaa460e80e9b1257967ca513089862c589fdb64454fbd9c93d41b89c1bcd7	c2f5134606577fcdfd389f6402b0903808536cf983199f9aa4725858a122683c	94.200	243	0.884	1.000
e5fbaa460e80e9b1257967ca513089862c589fdb64454fbd9c93d41b89c1bcd7	006f2d062a0f27c04faa6935723548636a37776f921636e3bba82e0d22865cad	93.800	243	0.884	1.000
e5fbaa460e80e9b1257967ca513089862c589fdb64454fbd9c93d41b89c1bcd7	216f9904222b47e75080df752a5a158880d8c4ca2360b30b18f5cd1ca842d0f7	93.800	242	0.880	1.000
e5fbaa460e80e9b1257967ca513089862c589fdb64454fbd9c93d41b89c1bcd7	10b0ebd18733b984a91bfcd3e5408d1d6a56585844abe509b6d8be6dd7c4caea	40.400	237	0.862	0.971
e5fbaa460e80e9b1257967ca513089862c589fdb64454fbd9c93d41b89c1bcd7	920e7144690959c54b8595b3e428fb6081ac12b3c4c6cbce8b88040ae9281b26	40.400	237	0.862	0.975
e5fbaa460e80e9b1257967ca513089862c589fdb64454fbd9c93d41b89c1bcd7	e2352108b1bb4471674cc27b40058771825e913fc1c046fb19255a6351b7b9e4	40.400	237	0.862	0.975
e5fbaa460e80e9b1257967ca513089862c589fdb64454fbd9c93d41b89c1bcd7	5962f6dcc6ead3e3904b0822300386046564a29f2f5d54767cc8dc385351fa73	34.000	241	0.862	0.984
e5fbaa460e80e9b1257967ca513089862c589fdb64454fbd9c93d41b89c1bcd7	93a01f9f0872e4851bc2dc581e9932fc7217b123057fb98138071ed64aaada3c	34.000	241	0.862	0.976
e5fbaa460e80e9b1257967ca513089862c589fdb64454fbd9c93d41b89c1bcd7	35870d923c53e9cbcb5becb4690d8743e6758a7f343021ba9217d5cf2a71e84e	33.400	245	0.876	0.953
e5fbaa460e80e9b1257967ca513089862c589fdb64454fbd9c93d41b89c1bcd7	e0398654ea484843a8994e427e396f777aeb96ab18d05bea01b65970824af21b	33.400	245	0.876	0.950
e5fbaa460e80e9b1257967ca513089862c589fdb64454fbd9c93d41b89c1bcd7	4007b9e0aa7b6b48e7ebb4f4b55fa4d4dcc1fabc66c77dd810e8c1cb8d554bc4	33.600	241	0.862	0.984
e5fbaa460e80e9b1257967ca513089862c589fdb64454fbd9c93d41b89c1bcd7	3283d86d0157519097b051f41d37c0d810225e78f466d05edbc69cc44ac72124	33.600	241	0.862	0.984
e5fbaa460e80e9b1257967ca513089862c589fdb64454fbd9c93d41b89c1bcd7	c455c1fd6486e78945cbd732d7e0e25ba6f4b76f10f3785700c30bc817296390	33.600	241	0.862	0.984
e5fbaa460e80e9b1257967ca513089862c589fdb64454fbd9c93d41b89c1bcd7	7d358f3d31345f2db8824491d5f9d6e89b20687bc0d8883fadde8a92b6b902da	33.600	241	0.862	0.941
e5fbaa460e80e9b1257967ca513089862c589fdb64454fbd9c93d41b89c1bcd7	846e00ba580b562a06957d8efeba0b0d324ff2e08c745ac5b1d4980651a0808f	33.600	241	0.862	0.934
e5fbaa460e80e9b1257967ca513089862c589fdb64454fbd9c93d41b89c1bcd7	8bd7b16a1ace5f10722980adb3f2a53edf7ce99566e24c8332d82f9b140ddb4c	33.600	241	0.862	0.984
e5fbaa460e80e9b1257967ca513089862c589fdb64454fbd9c93d41b89c1bcd7	b7b5102c40806dac3ba33e7cc49d2429ac73b9916dab058a3811f7f2060be462	33.600	241	0.862	0.984
e5fbaa460e80e9b1257967ca513089862c589fdb64454fbd9c93d41b89c1bcd7	0e077c870b9c68ec7174fb20296d23fbe78bb645f12d8e362b74ead9e754603e	33.600	241	0.862	0.980
e5fbaa460e80e9b1257967ca513089862c589fdb64454fbd9c93d41b89c1bcd7	c14662d259a953b3f4844da1bcd9213b265dd5003322cce47ec46a3cc643b0f2	33.600	241	0.862	0.972
fd1d7c74a3dfed65d3084eebd2e21e15fa9d7137233e72bfca1515bb01aa3c34	aa345d49b5e83be0f2c8f8b318f68c479e1a287e82b6edea3015ae6eb00e3d47	31.300	244	0.720	0.955
fd1d7c74a3dfed65d3084eebd2e21e15fa9d7137233e72bfca1515bb01aa3c34	f788763a4000758242a1b9a835e41c1831e22740a141cea749b860d57e643fb3	25.700	234	0.690	0.935
fd1d7c74a3dfed65d3084eebd2e21e15fa9d7137233e72bfca1515bb01aa3c34	212b483af48ee81b5c5baf8543a6c5de23787d93fe620bee849bea0423fa3752	29.500	232	0.684	0.925
fd1d7c74a3dfed65d3084eebd2e21e15fa9d7137233e72bfca1515bb01aa3c34	56b3e8a798562d7af45ebf50fe18c5d4faf3d7af20b31b69c6ae07d7ada266a2	26.000	232	0.684	0.919
fd1d7c74a3dfed65d3084eebd2e21e15fa9d7137233e72bfca1515bb01aa3c34	9cf0bbbf0d42f1923401572158b7b41c0ba062f4440d6a5775fb8e4a203e98f7	25.700	242	0.714	0.952
10cd9ca83c5d3a00ba47e33949970919645a124eabd0edb0b16b2361e473534c	ef8bd29fba3ecaa5ce47f4d880a04a655d44fc38ee8e53bd702c77c878e308b6	35.400	189	0.875	0.836
10cd9ca83c5d3a00ba47e33949970919645a124eabd0edb0b16b2361e473534c	ae4f6a5dd0ae03e430ac1a42a321587e3f0e6a4083458a8e742aa817fce38020	35.400	189	0.875	0.832
bcfeee4a4c8de8d89e78ca7811a9011aa5b7a6d51f2185152e7023c43deacf00	0aa603626e64145f0b0dcae457353191999b9fe3947a48f35661c780d9131338	98.900	99	1.000	1.000
bcfeee4a4c8de8d89e78ca7811a9011aa5b7a6d51f2185152e7023c43deacf00	7933b1f14c15eaf02d7380194e89894e342895cbb65aa13d9f7f9172072c23f6	98.900	99	1.000	1.000
bcfeee4a4c8de8d89e78ca7811a9011aa5b7a6d51f2185152e7023c43deacf00	de8b3cd28e12a6df8c6ab127ef348468de5a773e5411e89e3aef92634db7d116	98.900	99	1.000	0.488
bcfeee4a4c8de8d89e78ca7811a9011aa5b7a6d51f2185152e7023c43deacf00	a2670e4db15636c7202f6a5f2f39c3edf2db6fdd19ee18787265f564073917dd	97.900	99	1.000	1.000
bcfeee4a4c8de8d89e78ca7811a9011aa5b7a6d51f2185152e7023c43deacf00	d4bafa6690b2f77533a7ccad6b1331804b854d786946be9569e5e1f10ea04723	97.900	99	1.000	1.000
bcfeee4a4c8de8d89e78ca7811a9011aa5b7a6d51f2185152e7023c43deacf00	2127de0e4f430e1dfc4b12469945237a7274e2b21f239b0e2896d56cd5f462c7	97.900	99	1.000	1.000
bcfeee4a4c8de8d89e78ca7811a9011aa5b7a6d51f2185152e7023c43deacf00	9883359b623009577bfa067354ace9ab92f797140fcd479348741d0723268cd7	95.900	99	1.000	1.000
bcfeee4a4c8de8d89e78ca7811a9011aa5b7a6d51f2185152e7023c43deacf00	41e3cda64c349fb7d05454257e8ca50eb953160416f3d0ac32c249f5b1a47637	97.900	99	1.000	1.000
bcfeee4a4c8de8d89e78ca7811a9011aa5b7a6d51f2185152e7023c43deacf00	73350ebebcf8dce0ebb913b09b1e619cc2fcfdbad022c2f7c7becec0a653bf6f	98.900	99	1.000	1.000
bcfeee4a4c8de8d89e78ca7811a9011aa5b7a6d51f2185152e7023c43deacf00	594b2b9bd41148202bb0929aa9396af0713a9e5c763f6b4a9ef1936929511daa	97.900	99	1.000	1.000
bcfeee4a4c8de8d89e78ca7811a9011aa5b7a6d51f2185152e7023c43deacf00	7039ddf5b8f790c55199c0f490f5bbd7694f0616b3e724997a69ab54339ba258	97.900	99	1.000	1.000
bcfeee4a4c8de8d89e78ca7811a9011aa5b7a6d51f2185152e7023c43deacf00	83ce122118b4e32ea8c42f5a964c5e994f1cdda8b183961bcba1bb8fae947b37	97.900	99	1.000	1.000
bcfeee4a4c8de8d89e78ca7811a9011aa5b7a6d51f2185152e7023c43deacf00	27160794cabc22ba884bb322ea745440e8beafc24777161fa20a84a3bd305908	98.900	99	1.000	1.000
bcfeee4a4c8de8d89e78ca7811a9011aa5b7a6d51f2185152e7023c43deacf00	d16b02a09c76b2c3c2c1a350828397794b4faa0bd6dc2b325159168683b0233f	96.900	99	1.000	1.000
bcfeee4a4c8de8d89e78ca7811a9011aa5b7a6d51f2185152e7023c43deacf00	fb638f54015c4a4bb9c2fbfb41cb0ad27acac6500db1235a226a476eb033aef0	96.900	99	1.000	1.000
bcfeee4a4c8de8d89e78ca7811a9011aa5b7a6d51f2185152e7023c43deacf00	c75f2c5564254c3674d16f66a4c7c046e89a85c1185bb81844002e79758c62d4	96.900	99	1.000	1.000
bcfeee4a4c8de8d89e78ca7811a9011aa5b7a6d51f2185152e7023c43deacf00	3adf554e447d62ea1c4ac92183e3c5c56433f493178a30c3f109a4bb5ee50248	96.900	99	1.000	1.000
bcfeee4a4c8de8d89e78ca7811a9011aa5b7a6d51f2185152e7023c43deacf00	db7645e814010ebcd4c1bf2dedd8ae6f493fbb6138befc4a04b513a2939bf822	98.900	99	1.000	1.000
bcfeee4a4c8de8d89e78ca7811a9011aa5b7a6d51f2185152e7023c43deacf00	378009bf53b4bd8a99469c79e091b2eb064a00cb20768afa7927ec74784c32aa	97.900	99	1.000	1.000
bcfeee4a4c8de8d89e78ca7811a9011aa5b7a6d51f2185152e7023c43deacf00	d3baf1643874f6784af8d755892958743c05131181fe947521c0d9625de5ba08	97.900	99	1.000	1.000
a9754aa0eed81bf0e9e2fd8ef8d35d6f3d58f467b794f3e3b2a3037373e0c7ad	506e42b23c1416b1d58b4e80ab5e47a25ab8b9731f48e70d395ffd52ed9b930b	35.500	299	0.680	0.943
a9754aa0eed81bf0e9e2fd8ef8d35d6f3d58f467b794f3e3b2a3037373e0c7ad	02536d275857d78976c54cd11ab8f644d2f98cf1e56ebbdac7169bbc376c8b50	34.500	299	0.680	0.974
a9754aa0eed81bf0e9e2fd8ef8d35d6f3d58f467b794f3e3b2a3037373e0c7ad	68ec7b19f3f17b23455df7a73b4c3f33cdc948959e74dbb3826be4d99baafdef	34.500	299	0.680	0.967
a9754aa0eed81bf0e9e2fd8ef8d35d6f3d58f467b794f3e3b2a3037373e0c7ad	f834ab77e81ed2a3d0c66f0ff386e6a7b5dbce3de56950154a5ca0931464d952	34.500	299	0.680	0.960
a9754aa0eed81bf0e9e2fd8ef8d35d6f3d58f467b794f3e3b2a3037373e0c7ad	5cb3444876d7734f8eae54e395a0d339e26809df903e72f55b0721188a0a390a	34.100	288	0.655	0.954
a9754aa0eed81bf0e9e2fd8ef8d35d6f3d58f467b794f3e3b2a3037373e0c7ad	c37e4d47412e56c5fc8a595627aaf485c676029a8f3c38b5559879b218962a0d	25.500	418	0.655	0.952
a9754aa0eed81bf0e9e2fd8ef8d35d6f3d58f467b794f3e3b2a3037373e0c7ad	876db18c23d75b6bdf0fb270aeeb6b6014153c4c6a64ff26ed35a1f645424b43	25.500	418	0.655	0.946
a9754aa0eed81bf0e9e2fd8ef8d35d6f3d58f467b794f3e3b2a3037373e0c7ad	8cfa9b3836dfde436c8a531aa092c35840c6e8966e478130b30e6a1a3919e50d	26.500	279	0.634	0.822
a9754aa0eed81bf0e9e2fd8ef8d35d6f3d58f467b794f3e3b2a3037373e0c7ad	cd5d8eaa19bfba958e3500b97e06f0e093d657c02867d4935b3fc8644778ef12	26.800	279	0.634	0.832
97fb006c5c20717ba18496511f14a50a59a44105d306ac0d2e6e37bd77ecf5a2	68d263d272df663782771e2727284513a09392e75322585eda09bf6ddc900f1c	27.900	240	0.684	0.882
97fb006c5c20717ba18496511f14a50a59a44105d306ac0d2e6e37bd77ecf5a2	328e638a411108e4961f36b4ea742215b2821b6befbfd1094f81bb1e6f2400d3	27.900	240	0.684	0.881
97fb006c5c20717ba18496511f14a50a59a44105d306ac0d2e6e37bd77ecf5a2	51ef49071b00d7a6a46b4542281759edc65979fecde61d1976cecf1b7788a67f	27.900	240	0.684	0.925
97fb006c5c20717ba18496511f14a50a59a44105d306ac0d2e6e37bd77ecf5a2	85b8dbaf5a7b0abe6681ef70e623d182dbfff360e0f03f47f7ed66e28d132c3d	27.400	240	0.684	0.924
97fb006c5c20717ba18496511f14a50a59a44105d306ac0d2e6e37bd77ecf5a2	f80e1775e278cea20cecb990244fc2a7a447c134d61ff83da85fa797e835656c	23.500	293	0.746	0.862
97fb006c5c20717ba18496511f14a50a59a44105d306ac0d2e6e37bd77ecf5a2	3c51fd8ce37aae2bc11be90007fc5e8fea0cb798244ef1d8b10f73b3eef069f4	28.300	209	0.567	0.792
97fb006c5c20717ba18496511f14a50a59a44105d306ac0d2e6e37bd77ecf5a2	a426859c2fdaf6ce556797ba9048d775c7853dfeea9e1be2f544a000e9a7c471	26.200	206	0.587	0.771
97fb006c5c20717ba18496511f14a50a59a44105d306ac0d2e6e37bd77ecf5a2	758d865388f9fb3767bd99e055023bdbb10a8511eaa54e1b2a2d077116f8f85e	26.200	206	0.587	0.776
97fb006c5c20717ba18496511f14a50a59a44105d306ac0d2e6e37bd77ecf5a2	574136d04122b4f76ba4a35fe14358fc550b21feb1e28cbd5c6d3c75e5453140	25.800	206	0.587	0.747
97fb006c5c20717ba18496511f14a50a59a44105d306ac0d2e6e37bd77ecf5a2	ae227c5db744050b1d4e017463be97ea7221290db0bc24ddfabdec712960f7dc	25.800	206	0.587	0.742
97fb006c5c20717ba18496511f14a50a59a44105d306ac0d2e6e37bd77ecf5a2	b5366aedc0c5463f45d8169155354aff98174536acc94905c952ebde0c831474	25.800	206	0.587	0.771
97fb006c5c20717ba18496511f14a50a59a44105d306ac0d2e6e37bd77ecf5a2	77ce10b393d7c42ee0cc93f38875a7ed73f6ed58987c97e0201b8f668e125179	25.300	206	0.587	0.769
97fb006c5c20717ba18496511f14a50a59a44105d306ac0d2e6e37bd77ecf5a2	44c347a34540830b3c891da8b1b80b87d9b112189e3eab48527c3a6fc174c606	31.100	145	0.413	0.217
97fb006c5c20717ba18496511f14a50a59a44105d306ac0d2e6e37bd77ecf5a2	c48df3a3b69a9575bf4a900f3905a1771f2e66e7e479b890fbe23c2ccda5c08f	31.100	145	0.413	0.216
97fb006c5c20717ba18496511f14a50a59a44105d306ac0d2e6e37bd77ecf5a2	491838c637e038b138dac34f5b8b71838602a60419529e159fadf49d2e3af3b5	25.500	216	0.615	0.749
97fb006c5c20717ba18496511f14a50a59a44105d306ac0d2e6e37bd77ecf5a2	f67440d144eccf45ba283ad06b97d82d895bc1791d687baf2e8228463e340c3d	25.000	253	0.655	0.721
97fb006c5c20717ba18496511f14a50a59a44105d306ac0d2e6e37bd77ecf5a2	b5c11c0dca4639290f955618958d3b0b3ddee5d571c0bc843f46eb3ec8f9f64d	24.400	206	0.587	0.764
97fb006c5c20717ba18496511f14a50a59a44105d306ac0d2e6e37bd77ecf5a2	e059cd0b395629825e28e0e9782d4b5659ff334b13a60e6c08c6e7ec61b98481	21.900	226	0.644	0.926
97fb006c5c20717ba18496511f14a50a59a44105d306ac0d2e6e37bd77ecf5a2	504882b6ab04a2922ebab11cf63737368af4bb6d32d71bddd1342ee4b5177e06	28.700	94	0.231	0.238
97fb006c5c20717ba18496511f14a50a59a44105d306ac0d2e6e37bd77ecf5a2	cd91e735333f21a908e0478b67b21ad3262be7b20dd173ba170933f9ee35e17c	28.700	94	0.231	0.237
fe22d91e18cd544a85d7c768cd864172200252df906b774d890dc103224f7c8d	f67440d144eccf45ba283ad06b97d82d895bc1791d687baf2e8228463e340c3d	28.900	305	0.946	0.869
fe22d91e18cd544a85d7c768cd864172200252df906b774d890dc103224f7c8d	328e638a411108e4961f36b4ea742215b2821b6befbfd1094f81bb1e6f2400d3	27.700	279	0.936	0.904
fe22d91e18cd544a85d7c768cd864172200252df906b774d890dc103224f7c8d	51ef49071b00d7a6a46b4542281759edc65979fecde61d1976cecf1b7788a67f	28.400	279	0.936	0.949
fe22d91e18cd544a85d7c768cd864172200252df906b774d890dc103224f7c8d	68d263d272df663782771e2727284513a09392e75322585eda09bf6ddc900f1c	27.200	279	0.936	0.904
fe22d91e18cd544a85d7c768cd864172200252df906b774d890dc103224f7c8d	504882b6ab04a2922ebab11cf63737368af4bb6d32d71bddd1342ee4b5177e06	27.700	296	0.993	0.684
fe22d91e18cd544a85d7c768cd864172200252df906b774d890dc103224f7c8d	cd91e735333f21a908e0478b67b21ad3262be7b20dd173ba170933f9ee35e17c	27.700	296	0.993	0.684
fe22d91e18cd544a85d7c768cd864172200252df906b774d890dc103224f7c8d	85b8dbaf5a7b0abe6681ef70e623d182dbfff360e0f03f47f7ed66e28d132c3d	26.900	279	0.936	0.948
fe22d91e18cd544a85d7c768cd864172200252df906b774d890dc103224f7c8d	3c51fd8ce37aae2bc11be90007fc5e8fea0cb798244ef1d8b10f73b3eef069f4	28.000	195	0.654	0.739
fe22d91e18cd544a85d7c768cd864172200252df906b774d890dc103224f7c8d	a426859c2fdaf6ce556797ba9048d775c7853dfeea9e1be2f544a000e9a7c471	29.500	216	0.725	0.794
fe22d91e18cd544a85d7c768cd864172200252df906b774d890dc103224f7c8d	574136d04122b4f76ba4a35fe14358fc550b21feb1e28cbd5c6d3c75e5453140	29.000	216	0.725	0.770
fe22d91e18cd544a85d7c768cd864172200252df906b774d890dc103224f7c8d	ae227c5db744050b1d4e017463be97ea7221290db0bc24ddfabdec712960f7dc	29.000	216	0.725	0.764
fe22d91e18cd544a85d7c768cd864172200252df906b774d890dc103224f7c8d	758d865388f9fb3767bd99e055023bdbb10a8511eaa54e1b2a2d077116f8f85e	29.000	216	0.725	0.798
fe22d91e18cd544a85d7c768cd864172200252df906b774d890dc103224f7c8d	77ce10b393d7c42ee0cc93f38875a7ed73f6ed58987c97e0201b8f668e125179	28.600	216	0.725	0.792
fe22d91e18cd544a85d7c768cd864172200252df906b774d890dc103224f7c8d	b5366aedc0c5463f45d8169155354aff98174536acc94905c952ebde0c831474	27.700	216	0.725	0.795
fe22d91e18cd544a85d7c768cd864172200252df906b774d890dc103224f7c8d	f8fa617d2196c2e2b556c159f13fa36392d2ec75381cdfd61630428855cd1ebc	26.300	214	0.698	0.748
fe22d91e18cd544a85d7c768cd864172200252df906b774d890dc103224f7c8d	491838c637e038b138dac34f5b8b71838602a60419529e159fadf49d2e3af3b5	28.500	206	0.691	0.712
fe22d91e18cd544a85d7c768cd864172200252df906b774d890dc103224f7c8d	b5c11c0dca4639290f955618958d3b0b3ddee5d571c0bc843f46eb3ec8f9f64d	26.800	216	0.725	0.787
fe22d91e18cd544a85d7c768cd864172200252df906b774d890dc103224f7c8d	e059cd0b395629825e28e0e9782d4b5659ff334b13a60e6c08c6e7ec61b98481	28.200	146	0.490	0.665
fe22d91e18cd544a85d7c768cd864172200252df906b774d890dc103224f7c8d	f80e1775e278cea20cecb990244fc2a7a447c134d61ff83da85fa797e835656c	22.600	238	0.799	0.671
fe22d91e18cd544a85d7c768cd864172200252df906b774d890dc103224f7c8d	4210ad916b05ae2d57914160a5eb05d99281d9eee50fb1b4b161261a25566768	25.400	216	0.698	0.742
eb2d1bdc1b7b732376aef3541214b5c5dbde0ca9035972cbd97b8110448d1a3e	c79bc7845ff2f07ea82069fe9672cbc51c6172bede8d9671224fc8770db3faef	89.000	512	0.972	0.998
eb2d1bdc1b7b732376aef3541214b5c5dbde0ca9035972cbd97b8110448d1a3e	d1413a332921993ad8243affa1005687f4fa912180dcc50744853b3ec9e3dbdc	88.800	512	0.972	0.998
eb2d1bdc1b7b732376aef3541214b5c5dbde0ca9035972cbd97b8110448d1a3e	f43d950f19787188da6afc6ab386ad7c583d75055a9f2d06a02951b6b7808ec7	73.700	495	0.939	0.992
eb2d1bdc1b7b732376aef3541214b5c5dbde0ca9035972cbd97b8110448d1a3e	91f4101cf96abe151bc308295a5102e2899391efe707f8feb60da47357144c62	73.900	491	0.932	0.994
eb2d1bdc1b7b732376aef3541214b5c5dbde0ca9035972cbd97b8110448d1a3e	daa50a53b8af1b5059f2efe4fffffd35a0df0bc91a47f63a5b137ab757975c0c	30.900	446	0.846	0.982
eb2d1bdc1b7b732376aef3541214b5c5dbde0ca9035972cbd97b8110448d1a3e	288e001aac0505c8cff8700239abf9af1386aa692b50e771e018395bd3264181	30.700	446	0.846	0.984
eb2d1bdc1b7b732376aef3541214b5c5dbde0ca9035972cbd97b8110448d1a3e	99d6c2af9a3d73c57c1c73ced45c20c3746b19eb65ca797ee83fabf141be3ac7	30.500	446	0.846	0.982
eb2d1bdc1b7b732376aef3541214b5c5dbde0ca9035972cbd97b8110448d1a3e	91392e5b4565fc86dfb32802847aae055294d549edd9fdfe6cb8e21a61d2efb7	30.300	446	0.846	0.984
eb2d1bdc1b7b732376aef3541214b5c5dbde0ca9035972cbd97b8110448d1a3e	dc971adfa6d6201ceb09a2f326a71fb23f905bebe37db463c8d9157821d98a26	30.300	446	0.846	0.982
eb2d1bdc1b7b732376aef3541214b5c5dbde0ca9035972cbd97b8110448d1a3e	dd8106487d56616323ea1a824d069b7ba39dfd82886f038717c52d13450410f8	19.800	529	0.846	0.824
eb2d1bdc1b7b732376aef3541214b5c5dbde0ca9035972cbd97b8110448d1a3e	dfef77df21de38f5e335d353bd3327261871f293d276b351c56a140d75ba7881	20.600	521	0.846	0.822
eb2d1bdc1b7b732376aef3541214b5c5dbde0ca9035972cbd97b8110448d1a3e	46adf5b97134dd753fa4d70faa07d3e6eee564be1d4be256290dfd32b4514db1	19.700	534	0.846	0.825
eb2d1bdc1b7b732376aef3541214b5c5dbde0ca9035972cbd97b8110448d1a3e	681c5139a22e0994a0b62a279aba5ef9d65abcd70cf0633189cca38bac844d0f	19.800	530	0.846	0.824
eb2d1bdc1b7b732376aef3541214b5c5dbde0ca9035972cbd97b8110448d1a3e	053f8a76d8298b0cb94780bbbd0ce385b3f160c61816429ce4150b12374b3542	20.100	536	0.856	0.828
eb2d1bdc1b7b732376aef3541214b5c5dbde0ca9035972cbd97b8110448d1a3e	be589419405415ea3cbfd491ef944f9bf190460e84f4a5e90ec5dcca5d534e99	18.900	557	0.856	0.831
eb2d1bdc1b7b732376aef3541214b5c5dbde0ca9035972cbd97b8110448d1a3e	e874ff62c51de20ace1d7f19430bd0028e9122012e23ea3f69a17f655cc489c7	23.400	445	0.843	0.921
eb2d1bdc1b7b732376aef3541214b5c5dbde0ca9035972cbd97b8110448d1a3e	2de0f94264f5f99f7b26b5d2e70d801073c0d91818536dd5e119ce186b942864	18.600	553	0.856	0.833
eb2d1bdc1b7b732376aef3541214b5c5dbde0ca9035972cbd97b8110448d1a3e	1d2b1a74e4d753cfc24c23399e293670dbfb8c299534594ed059c358e0dc27af	18.600	553	0.856	0.832
eb2d1bdc1b7b732376aef3541214b5c5dbde0ca9035972cbd97b8110448d1a3e	493006f7f1920041ad9c1b33e1c28785ec928a5756ed96d9672ab22e47a2a0f3	18.600	553	0.856	0.832
eb2d1bdc1b7b732376aef3541214b5c5dbde0ca9035972cbd97b8110448d1a3e	53d132d2a5f6041896859c29f7a7ea3c2718d6bf08e376dadded96c2fcaff1a5	18.600	553	0.856	0.830
3bb208c70fae5e918193c5890270882dd259665df276ae2365dcc3d887a67944	d502866329bd80bc273ffb990b368572324574069f3ea479e2be375dfbef1a06	100.000	206	0.900	0.990
3bb208c70fae5e918193c5890270882dd259665df276ae2365dcc3d887a67944	89c8aaa3623baf2dd55b1890f48f53c0b79ce85d54bf4ca28350cc2d11a954b6	100.000	205	0.895	1.000
3bb208c70fae5e918193c5890270882dd259665df276ae2365dcc3d887a67944	ec37b794fbfdf37539e42660e9f08eaf4801bcf7c9fda38f2d01b774fc3d4ebd	100.000	204	0.891	0.990
3bb208c70fae5e918193c5890270882dd259665df276ae2365dcc3d887a67944	5b62d81be472aaecd195c9de7e69dc0ada05879ec9314d797cfbc148d683e467	36.700	192	0.834	0.914
3bb208c70fae5e918193c5890270882dd259665df276ae2365dcc3d887a67944	33b0aa42c8a45cc932f556fceb64ec0ff895f27ac7409455655a02a8e8d717a1	37.900	185	0.808	0.911
3bb208c70fae5e918193c5890270882dd259665df276ae2365dcc3d887a67944	254347d54068bf739e80d9bc3dd42ca9f12ad1c8bad02bb7cdee2025b724ffac	37.900	185	0.808	0.907
3bb208c70fae5e918193c5890270882dd259665df276ae2365dcc3d887a67944	c4ee341c5aea2512b02bfc4b47efb15f57daac44515491d6d39686472d0cb9b5	37.900	185	0.808	0.902
3bb208c70fae5e918193c5890270882dd259665df276ae2365dcc3d887a67944	58a591cc40653a022a14a9809224464d1df18a7fc07f2fde4dbc2fcf591dc134	37.900	185	0.808	0.902
3bb208c70fae5e918193c5890270882dd259665df276ae2365dcc3d887a67944	2f56ce70a2267a63c9cf6b503aaeeac8712245e5c9ebb9689eabf46c90c6c569	37.900	185	0.808	0.898
3bb208c70fae5e918193c5890270882dd259665df276ae2365dcc3d887a67944	dc6202552194a8082861fab2a45d488c308013bfdccc8f673053bddd2112965d	37.900	185	0.808	0.885
3bb208c70fae5e918193c5890270882dd259665df276ae2365dcc3d887a67944	885b15da5e87f09addf84748af1897f67df0331f3b1370b8499fc0fa4156072e	37.900	185	0.808	0.885
3bb208c70fae5e918193c5890270882dd259665df276ae2365dcc3d887a67944	eb22c4e8269e10da8fb1b74f827583acb652def7ed052c2c048fb4491d8efc9d	37.900	185	0.808	0.881
3bb208c70fae5e918193c5890270882dd259665df276ae2365dcc3d887a67944	4cf14deebb45f19ff60afbbb6c41951a48d57bb95579b9b10f0adf0658d6b2b6	37.900	185	0.808	0.877
3bb208c70fae5e918193c5890270882dd259665df276ae2365dcc3d887a67944	afa4a844f2542215dbca15366ab19cc47c2eeb524979a0cd267f59deedeb2d62	37.900	185	0.808	0.877
3bb208c70fae5e918193c5890270882dd259665df276ae2365dcc3d887a67944	e5a8927f209306e4098e76150fb3fead0b64d4144b66cd4fc37d543e4ef8d5b3	37.900	185	0.808	0.877
3bb208c70fae5e918193c5890270882dd259665df276ae2365dcc3d887a67944	66b547b2dccb6eb076ff1e12a93691c833d7029949220b869368797736df9a87	37.900	185	0.808	0.873
3bb208c70fae5e918193c5890270882dd259665df276ae2365dcc3d887a67944	847942c636b128fe77fd1b34271486b58a1c83e1d9319c9c4e79c1f40c69a5fe	37.900	185	0.808	0.873
3bb208c70fae5e918193c5890270882dd259665df276ae2365dcc3d887a67944	5292660937d86c9337e23c88a1885621c8d8e84966ce5c6d574b92233b01e508	37.900	185	0.808	0.869
3bb208c70fae5e918193c5890270882dd259665df276ae2365dcc3d887a67944	f494b451754f8b7d079d4fececc4278039dcafaabab0f0f661a9dcfea8c267ba	37.900	185	0.808	0.869
3bb208c70fae5e918193c5890270882dd259665df276ae2365dcc3d887a67944	65d51f7e3d68ef6ec8810e77f0f642520a0f9fb7a958f756d045e87a8e048c38	37.900	185	0.808	0.864
f7c20e2753a4a7f6fb362698113591c1ba2953f2e75a23aff092d9cce5827b7a	506e42b23c1416b1d58b4e80ab5e47a25ab8b9731f48e70d395ffd52ed9b930b	27.000	434	0.964	0.980
f7c20e2753a4a7f6fb362698113591c1ba2953f2e75a23aff092d9cce5827b7a	5cb3444876d7734f8eae54e395a0d339e26809df903e72f55b0721188a0a390a	38.800	201	0.433	0.764
f7c20e2753a4a7f6fb362698113591c1ba2953f2e75a23aff092d9cce5827b7a	f834ab77e81ed2a3d0c66f0ff386e6a7b5dbce3de56950154a5ca0931464d952	38.800	201	0.433	0.728
f7c20e2753a4a7f6fb362698113591c1ba2953f2e75a23aff092d9cce5827b7a	02536d275857d78976c54cd11ab8f644d2f98cf1e56ebbdac7169bbc376c8b50	38.800	198	0.427	0.728
f7c20e2753a4a7f6fb362698113591c1ba2953f2e75a23aff092d9cce5827b7a	68ec7b19f3f17b23455df7a73b4c3f33cdc948959e74dbb3826be4d99baafdef	38.800	198	0.427	0.723
f7c20e2753a4a7f6fb362698113591c1ba2953f2e75a23aff092d9cce5827b7a	876db18c23d75b6bdf0fb270aeeb6b6014153c4c6a64ff26ed35a1f645424b43	28.700	429	0.940	0.971
f7c20e2753a4a7f6fb362698113591c1ba2953f2e75a23aff092d9cce5827b7a	c37e4d47412e56c5fc8a595627aaf485c676029a8f3c38b5559879b218962a0d	28.700	429	0.940	0.977
f7c20e2753a4a7f6fb362698113591c1ba2953f2e75a23aff092d9cce5827b7a	cd5d8eaa19bfba958e3500b97e06f0e093d657c02867d4935b3fc8644778ef12	33.800	200	0.431	0.647
f7c20e2753a4a7f6fb362698113591c1ba2953f2e75a23aff092d9cce5827b7a	8cfa9b3836dfde436c8a531aa092c35840c6e8966e478130b30e6a1a3919e50d	33.800	200	0.431	0.635
f7c20e2753a4a7f6fb362698113591c1ba2953f2e75a23aff092d9cce5827b7a	9c0c24637836a29a4baaccdd66496da7cdefaa5cce2ee6cf58bacc9d6735e418	22.800	193	0.413	0.592
bebf44a19797dd07fe8dc1f6db9e7d6ee8472ff7a83dce3665b3bf4de889f6eb	f3294beb3b960eed5d452c7976b9e74f90cd9ac5a0f1b974111e1c5e7a039c72	36.400	217	0.429	0.973
bebf44a19797dd07fe8dc1f6db9e7d6ee8472ff7a83dce3665b3bf4de889f6eb	849e3cb253b7e1bedb6bc53bdfb3ef8a175d41d6b84451fbeb6e5dd0067df974	36.400	217	0.429	0.968
bebf44a19797dd07fe8dc1f6db9e7d6ee8472ff7a83dce3665b3bf4de889f6eb	b434ce54ad0d019ce103f875572214e0ae46862d1173405ebdf92a6acf326dfa	36.400	217	0.429	0.964
bebf44a19797dd07fe8dc1f6db9e7d6ee8472ff7a83dce3665b3bf4de889f6eb	9e85c0a14cb5a00373710f3344664a428ad097a17c17fdaa0084cdbe1a210e9f	26.200	313	0.613	0.960
bebf44a19797dd07fe8dc1f6db9e7d6ee8472ff7a83dce3665b3bf4de889f6eb	3f570edb80ccdc727bcbb52524b7f657ba4f0810fdcf2fed9057bbe772818844	26.200	304	0.591	0.953
bebf44a19797dd07fe8dc1f6db9e7d6ee8472ff7a83dce3665b3bf4de889f6eb	6807fcbc3ff0c3835541ca16e21ac5d9f1132606472d91dc0e50c75ca9cd33f2	30.600	201	0.397	0.630
bebf44a19797dd07fe8dc1f6db9e7d6ee8472ff7a83dce3665b3bf4de889f6eb	82ecce1f8826e0b2138214e711d7ee20f2cfed36aa9044dc4742c28bd04f87ba	30.500	209	0.413	0.634
bebf44a19797dd07fe8dc1f6db9e7d6ee8472ff7a83dce3665b3bf4de889f6eb	a7d2bb5d9a9422eb4110d45de9fdc7816ae01c87989b22b327ea898e0ad8725e	25.000	277	0.516	0.845
bebf44a19797dd07fe8dc1f6db9e7d6ee8472ff7a83dce3665b3bf4de889f6eb	60aaf0f907d34ec1896a493c0865a40d0426f2a69bcf63369d643820c0e2f111	21.700	287	0.567	0.811
bebf44a19797dd07fe8dc1f6db9e7d6ee8472ff7a83dce3665b3bf4de889f6eb	a9115567dc2419e5fa4e3eac49f98215d4e202e5d6d4dbf6e25c74967a12b750	24.800	161	0.289	0.369
bebf44a19797dd07fe8dc1f6db9e7d6ee8472ff7a83dce3665b3bf4de889f6eb	7d5f0a613cfd7c0781e7d9fdb79bf0d5d8e24ff773d4f8335aeb46aa8992816d	24.800	161	0.289	0.368
bebf44a19797dd07fe8dc1f6db9e7d6ee8472ff7a83dce3665b3bf4de889f6eb	0414df73567116a5614eda5679f0f563675a123e76f8681877886276699eea16	24.800	161	0.289	0.368
bebf44a19797dd07fe8dc1f6db9e7d6ee8472ff7a83dce3665b3bf4de889f6eb	9acc3cc58528b8cfcfd5301a8f2a8ff923cc6dd5c170cc74b874bfcd02af591e	24.800	161	0.289	0.365
bebf44a19797dd07fe8dc1f6db9e7d6ee8472ff7a83dce3665b3bf4de889f6eb	b088b609e5739ae009addf276432427261653ac9e93548d5fe6801dcb442146b	29.600	123	0.237	0.292
bebf44a19797dd07fe8dc1f6db9e7d6ee8472ff7a83dce3665b3bf4de889f6eb	4b7a8277c049e4f0c7da80954a9ebabb9bd557ecd1460168c7d03bdc1c04b821	29.600	126	0.237	0.311
bebf44a19797dd07fe8dc1f6db9e7d6ee8472ff7a83dce3665b3bf4de889f6eb	a59ec7a59d44857a93a5b84f2cef485e76eddb99c08470b488fcc974b007b024	29.600	126	0.237	0.307
bebf44a19797dd07fe8dc1f6db9e7d6ee8472ff7a83dce3665b3bf4de889f6eb	68854512a247da751629358f4574ef59affb32d65a1a6b35566fce28311782b0	29.600	126	0.237	0.306
def6d71b6e466927528523d0794093bbc8b47dd62a526dfcb213d65cc0b73a23	b3fc88c8082d9dca4eb4ddd08f7539508bd3a5111e27746fbb3c1819cc0eaef9	99.500	419	0.293	0.998
def6d71b6e466927528523d0794093bbc8b47dd62a526dfcb213d65cc0b73a23	eda3046e67c254fb3cd48aac3db5b723f3f67eba821dc823a031ec352b055695	99.700	435	0.304	1.000
def6d71b6e466927528523d0794093bbc8b47dd62a526dfcb213d65cc0b73a23	68313550da8f6b409912454fe0d8a99e98b1128566ddb5046d5aec3ef4811e65	98.800	419	0.293	0.998
def6d71b6e466927528523d0794093bbc8b47dd62a526dfcb213d65cc0b73a23	178083369969dbdec0790bf4b0fe16e74421464dcfdb57ebead7fee25351491d	97.800	420	0.294	1.000
def6d71b6e466927528523d0794093bbc8b47dd62a526dfcb213d65cc0b73a23	adf9572d8d5a1afa852a8375a8c25b94ddbcb61328603eab38a8c0e933b94842	97.300	420	0.294	1.000
def6d71b6e466927528523d0794093bbc8b47dd62a526dfcb213d65cc0b73a23	f8baf7329b90435c042ee8fc52eb7438a51a4915c37bd2638c1ba641443075d5	97.600	419	0.293	1.000
def6d71b6e466927528523d0794093bbc8b47dd62a526dfcb213d65cc0b73a23	de170fa7774c94f128c2a3343b0bc714255441690e712fed116b3164d245b4f6	97.100	420	0.294	1.000
def6d71b6e466927528523d0794093bbc8b47dd62a526dfcb213d65cc0b73a23	1a183603f8c628a57ccc37b23b558d3b869cd86d6c9e5d17b340f53f9c0d3898	97.100	420	0.294	1.000
def6d71b6e466927528523d0794093bbc8b47dd62a526dfcb213d65cc0b73a23	a4cb8e0d678bc54db1896469adfdf85ab28d4659ca6c469f5fa32fb578a05628	97.300	418	0.293	1.000
def6d71b6e466927528523d0794093bbc8b47dd62a526dfcb213d65cc0b73a23	6a3f3ba9de90f2f259c38f9e24ccef2aa365da05c3e34c514b6ea866c32a1722	97.300	418	0.293	1.000
def6d71b6e466927528523d0794093bbc8b47dd62a526dfcb213d65cc0b73a23	a7cd3496e5639fc765ef5643e1b28b05ebc8534a185b9b7a68bfaa9584eae2d7	97.100	418	0.293	1.000
def6d71b6e466927528523d0794093bbc8b47dd62a526dfcb213d65cc0b73a23	0ecf063ef5622beee7b1de1b36a19850daa8b0fca2bb33ad8613d1831fe8d450	97.100	418	0.293	1.000
def6d71b6e466927528523d0794093bbc8b47dd62a526dfcb213d65cc0b73a23	0c1ec5780722536acf8bf2e0a8cf4e4c2e08e97f411d73b7b0770efae31d5766	96.600	418	0.293	1.000
def6d71b6e466927528523d0794093bbc8b47dd62a526dfcb213d65cc0b73a23	aa2fa1d25cd2c9ecdd2c816948bee2a5c18d992737ab8fea02193762629d13cb	65.200	420	0.293	0.998
def6d71b6e466927528523d0794093bbc8b47dd62a526dfcb213d65cc0b73a23	b7099dd8f3bacd3138341dda9dc7ba7cd602ad16efb7e616f6da4bbdf192e8a7	65.200	420	0.293	0.993
def6d71b6e466927528523d0794093bbc8b47dd62a526dfcb213d65cc0b73a23	778543a3e07762250a2356b05f7a28e4636ab2193e60208cee2ea9f0dc36c8cc	67.100	414	0.290	0.995
def6d71b6e466927528523d0794093bbc8b47dd62a526dfcb213d65cc0b73a23	b66e414f9c970f1f72754aa3020ef12e315f3c1400fcfe7f0b0953059a1feb71	67.100	414	0.290	0.998
def6d71b6e466927528523d0794093bbc8b47dd62a526dfcb213d65cc0b73a23	edb6510cc4e7e5dc308458a1440dd1e9708d542c56686b03c4a5e8041d333d34	67.500	413	0.289	1.000
def6d71b6e466927528523d0794093bbc8b47dd62a526dfcb213d65cc0b73a23	76816449ab34ce50a131f6de1a200d2bb403a900b82d0ae451dfc90643b4676b	66.600	414	0.290	0.998
def6d71b6e466927528523d0794093bbc8b47dd62a526dfcb213d65cc0b73a23	8a451aabb7c9794733acad9716f485da0bbe0a79cd3ae93c8b5b9b4757ebcebf	67.000	413	0.289	1.000
0bd14a0b35b82c168f51810b87908d90b82fe7f018796dcbc2bbf1b91a891aa7	cf16a4fd0c9a49823ef475c26c7646a90db6cc04a25479162601bef8acb1769a	48.200	87	0.144	0.916
0bd14a0b35b82c168f51810b87908d90b82fe7f018796dcbc2bbf1b91a891aa7	7d0881c8f91f7ca9a9027a3590d91b6bb3baffcf5baf0388ed04368d2fe46b5e	50.600	83	0.137	0.922
0bd14a0b35b82c168f51810b87908d90b82fe7f018796dcbc2bbf1b91a891aa7	bcc8b3b2ad6813f93649069bee9966ecc630da3e28bdfaf34e2c11e5d1f9947a	52.000	98	0.162	0.887
0bd14a0b35b82c168f51810b87908d90b82fe7f018796dcbc2bbf1b91a891aa7	6a6dd5b9428faedc42d718f66b5c062cdca3b1fc302462e458ee0f9f59d5a257	54.600	86	0.142	0.875
a648869ad97d79703bbc13baa47377ea87ab7ae493f8118c329be36f7f3c370b	0b078a19085664d43356634a0d65cae67ed9cb319d3543d96fa81d562a7fe946	100.000	346	0.935	1.000
a648869ad97d79703bbc13baa47377ea87ab7ae493f8118c329be36f7f3c370b	d7141a4b53bef7f8f9ca250074bf1d19f42650970b972417df856cd2ec931e6b	100.000	344	0.930	1.000
a648869ad97d79703bbc13baa47377ea87ab7ae493f8118c329be36f7f3c370b	9c2bec76078f5c51a2d8ec114d902a8a6bd2a832efb427b8af2b3400e8804c6e	97.100	346	0.935	0.991
a648869ad97d79703bbc13baa47377ea87ab7ae493f8118c329be36f7f3c370b	3f5954508ba9fb5d29a875d59d7e0d802151c0e1dca4dd3dd118d4483690c958	34.800	268	0.724	0.800
a648869ad97d79703bbc13baa47377ea87ab7ae493f8118c329be36f7f3c370b	83eaf296c0069d53c010bc54cb5094b0cf7fcd8738ef61e4e1d97c7423aefbd3	34.400	268	0.724	0.799
a648869ad97d79703bbc13baa47377ea87ab7ae493f8118c329be36f7f3c370b	7a48565ec21f8673cac1a0719a2bd1f6bceb11356fc07a6bb5d8061e77d4634b	33.200	278	0.751	0.802
a648869ad97d79703bbc13baa47377ea87ab7ae493f8118c329be36f7f3c370b	6be06edc9aba5506a6c8b9b3fbb86c4ef4843f738384b184e6e0f6898d9a6210	33.200	278	0.751	0.799
a648869ad97d79703bbc13baa47377ea87ab7ae493f8118c329be36f7f3c370b	83364bad66b5b42fe24c17975aed4a1c9ef3828e5e440336bdca867f06daab5c	33.200	278	0.751	0.797
a648869ad97d79703bbc13baa47377ea87ab7ae493f8118c329be36f7f3c370b	5052851e7849e88d3c1acaab8d6661a588ef73657c9e328500bc0e688d37cf2d	32.500	278	0.751	0.802
a648869ad97d79703bbc13baa47377ea87ab7ae493f8118c329be36f7f3c370b	91de70c9445a7fb9a1d0423b54d9ce0959f2a3cf09a6d0afb930498ef91235cd	31.400	278	0.751	0.802
a648869ad97d79703bbc13baa47377ea87ab7ae493f8118c329be36f7f3c370b	7d3a2886c69f40c9b4f2dcf9d775c2861f5377500b6666e0390ffa23c7c34a79	32.100	278	0.751	0.798
a648869ad97d79703bbc13baa47377ea87ab7ae493f8118c329be36f7f3c370b	208fec51fbdbae64ace29a10867d683e89790166aa37e9bea09e1aac8bdc636d	31.700	278	0.751	0.799
a648869ad97d79703bbc13baa47377ea87ab7ae493f8118c329be36f7f3c370b	7da23bc68891d959aab2155af5106fab1c02b8d916ec7de7a1254fd67c0c935d	31.700	278	0.751	0.795
d1cd75a0dd4ecc23a4cf430e9fb3d777e219283d6387f3607588492a4216c201	149305ae5244715569ae2325d6f4cf23cf307d69146f97b0dbb9e21fb03ea525	84.300	625	0.950	0.997
d1cd75a0dd4ecc23a4cf430e9fb3d777e219283d6387f3607588492a4216c201	94bae9da6ec266d5138c3cc004805de5c2764256348f7f48ed11372491943359	84.500	621	0.944	0.997
d1cd75a0dd4ecc23a4cf430e9fb3d777e219283d6387f3607588492a4216c201	3ccb2682f948f354ee7d92a9adb2a6d9bf081532fb316b574ce3b5cb391d64e3	31.100	605	0.919	0.978
d1cd75a0dd4ecc23a4cf430e9fb3d777e219283d6387f3607588492a4216c201	a8382aac5526690e657f4ded1464655a2e52822fdd189c8cf5d7f287efcfc1c2	30.900	605	0.919	0.978
d1cd75a0dd4ecc23a4cf430e9fb3d777e219283d6387f3607588492a4216c201	25fb5451fe946e1aecf199061aa4fe1d4389a244e1f5522a3028ac2a16840ad0	30.900	605	0.919	0.978
d1cd75a0dd4ecc23a4cf430e9fb3d777e219283d6387f3607588492a4216c201	bb45fd81f8d056e2bed69b5f487f72f34029190442b9c45c013933252683c735	30.900	605	0.919	0.978
d1cd75a0dd4ecc23a4cf430e9fb3d777e219283d6387f3607588492a4216c201	4c3d75d83840f949fbc6488f36712dca4dafb9c51738b3471074c1f58e66b5b8	30.900	603	0.916	0.980
d1cd75a0dd4ecc23a4cf430e9fb3d777e219283d6387f3607588492a4216c201	a3a09d3e9517bea4665a4cf1ab4a18b913c382d885813b3cab6542decf57231f	30.900	604	0.918	0.990
d1cd75a0dd4ecc23a4cf430e9fb3d777e219283d6387f3607588492a4216c201	b1d62f619750168d0e30616de06631794d7cef799f8517f3da2ad0181ac39350	29.900	604	0.918	0.985
d1cd75a0dd4ecc23a4cf430e9fb3d777e219283d6387f3607588492a4216c201	ca9d841f891fbf68ccb9d6590584526c0bed5f2d37c8cbbce573d2a327186e13	30.200	601	0.913	0.990
d1cd75a0dd4ecc23a4cf430e9fb3d777e219283d6387f3607588492a4216c201	85d4c9354969c23db676e121b201699df80056b9eb2baea7ccfedd67bf92000b	29.400	610	0.927	0.992
d1cd75a0dd4ecc23a4cf430e9fb3d777e219283d6387f3607588492a4216c201	fb77221721041f8e7c1cac7a8e8c198a2287558e2fcf43f9aff4b9d7b3420952	29.900	601	0.913	0.988
d1cd75a0dd4ecc23a4cf430e9fb3d777e219283d6387f3607588492a4216c201	25e4a116daa8cf9f59d36d8751283b819cc584237cef8c449ae12f624ca6b6c2	29.000	610	0.927	0.988
e6a24c903c1ef211037c64a6835a8a484f48b17be1cae50d6998913f21acf7d4	b4a59934163d13dd02737a5f6606eb5c71b7b456679890113aa99a87050c10cd	100.000	258	0.992	1.000
e6a24c903c1ef211037c64a6835a8a484f48b17be1cae50d6998913f21acf7d4	79bf34944dab41970269ca97ff35e83c37ec0319e95e2aefa8d6c19c9853f68e	100.000	257	0.988	1.000
e6a24c903c1ef211037c64a6835a8a484f48b17be1cae50d6998913f21acf7d4	c5d659964ec3d5ac1dc1b58c5c1b2d842d521eb24a4d8131df11064d2f206981	99.600	258	0.992	1.000
e6a24c903c1ef211037c64a6835a8a484f48b17be1cae50d6998913f21acf7d4	44e11502a5ead9ba0f39c25c884c56037b4d00044c2b9ea5cb839a95508d9770	99.600	257	0.988	1.000
e6a24c903c1ef211037c64a6835a8a484f48b17be1cae50d6998913f21acf7d4	f2ff887d6e010fbda310b8115fb06e73b0d87044e3302f118d676f374f55b0f9	100.000	256	0.985	1.000
e6a24c903c1ef211037c64a6835a8a484f48b17be1cae50d6998913f21acf7d4	14146435c9b8d2bfab5c515c65c610be844d635c3e6b384fb1c0d0016f334548	99.600	258	0.992	1.000
e6a24c903c1ef211037c64a6835a8a484f48b17be1cae50d6998913f21acf7d4	201e9b71ee9cd1d6393fab8b87bb85e3a80debaf706d51e68d00e6434773b0e1	100.000	256	0.985	1.000
e6a24c903c1ef211037c64a6835a8a484f48b17be1cae50d6998913f21acf7d4	efd6ca3e8cff103c9921ddc092ab648268cc0ffe9ab98e82aae1e5965b6ee3bc	99.600	257	0.988	1.000
e6a24c903c1ef211037c64a6835a8a484f48b17be1cae50d6998913f21acf7d4	8046237a234f355b0b0dd103cecd6d5e7010a46f10e883440ccc95f3cc2619c4	99.200	257	0.988	1.000
e6a24c903c1ef211037c64a6835a8a484f48b17be1cae50d6998913f21acf7d4	c8065dce43d773eb40784ca2cdd2032a399123b7bab62a15605dc3c90a8ee0bb	100.000	255	0.981	1.000
e6a24c903c1ef211037c64a6835a8a484f48b17be1cae50d6998913f21acf7d4	97d5a6773ebf1e9f038dbaefa00fc05a091ea69f7fd18404d9e2f00ef98c45ca	99.600	256	0.985	1.000
e6a24c903c1ef211037c64a6835a8a484f48b17be1cae50d6998913f21acf7d4	b1532736daad2f022a5e5d48f41d8951823719b6aac760b018079ee62ebe00c8	99.600	255	0.981	1.000
e6a24c903c1ef211037c64a6835a8a484f48b17be1cae50d6998913f21acf7d4	c9aca97d4ce14b8a2831cb1de8ca5c26abe7f616fee11227965355133c4af3fe	99.200	256	0.985	1.000
e6a24c903c1ef211037c64a6835a8a484f48b17be1cae50d6998913f21acf7d4	c35e2f2f613049607361eb599f7d2226f741245ef00a9bac5dc5d40c3318ed86	99.600	256	0.985	1.000
e6a24c903c1ef211037c64a6835a8a484f48b17be1cae50d6998913f21acf7d4	ac462f0270d841afc5a87624a64a7e67e0714b31945af0f9d776391c0db5ead3	99.600	255	0.981	1.000
e6a24c903c1ef211037c64a6835a8a484f48b17be1cae50d6998913f21acf7d4	7fcf95605fc55a40c50b6e2e37877ebd09f6f75f46b08deb031f83e25c41e002	99.200	258	0.992	1.000
e6a24c903c1ef211037c64a6835a8a484f48b17be1cae50d6998913f21acf7d4	d3e66f08054ab1cde8b148a745db85ab4324b454ccc21df1073b9a2fa82387fd	60.500	256	0.981	0.992
e6a24c903c1ef211037c64a6835a8a484f48b17be1cae50d6998913f21acf7d4	3c6a1fb1e0e64403b5625e3c73e6b5e7190628ed3a2bbb737149844db5c313ac	60.500	256	0.981	0.992
e6a24c903c1ef211037c64a6835a8a484f48b17be1cae50d6998913f21acf7d4	e9257927f35ef0f28a45db75697e6a8af7bc4f5de7450c094a5e2aee443dfe90	60.500	256	0.981	0.992
e6a24c903c1ef211037c64a6835a8a484f48b17be1cae50d6998913f21acf7d4	df7aa00442f89dbcb943d7ea043854121a4ec17febdaf280b9d0e8c96d5a8401	60.500	256	0.981	0.985
fc7e217443f8e66fc4af3971109e40c570f998fb293d1bf4f799cffcc127e76b	1959ae5adb4a7d1e7ad58239d3f45f722f3332c800dc0a1aa96992cc3e58ac7b	24.900	332	0.245	0.820
fc7e217443f8e66fc4af3971109e40c570f998fb293d1bf4f799cffcc127e76b	3c51fd8ce37aae2bc11be90007fc5e8fea0cb798244ef1d8b10f73b3eef069f4	29.300	150	0.111	0.530
fc7e217443f8e66fc4af3971109e40c570f998fb293d1bf4f799cffcc127e76b	a426859c2fdaf6ce556797ba9048d775c7853dfeea9e1be2f544a000e9a7c471	28.700	132	0.097	0.424
fc7e217443f8e66fc4af3971109e40c570f998fb293d1bf4f799cffcc127e76b	758d865388f9fb3767bd99e055023bdbb10a8511eaa54e1b2a2d077116f8f85e	28.700	132	0.097	0.430
fc7e217443f8e66fc4af3971109e40c570f998fb293d1bf4f799cffcc127e76b	77ce10b393d7c42ee0cc93f38875a7ed73f6ed58987c97e0201b8f668e125179	27.200	132	0.097	0.419
fc7e217443f8e66fc4af3971109e40c570f998fb293d1bf4f799cffcc127e76b	574136d04122b4f76ba4a35fe14358fc550b21feb1e28cbd5c6d3c75e5453140	27.200	132	0.097	0.409
fc7e217443f8e66fc4af3971109e40c570f998fb293d1bf4f799cffcc127e76b	ae227c5db744050b1d4e017463be97ea7221290db0bc24ddfabdec712960f7dc	27.200	132	0.097	0.406
fc7e217443f8e66fc4af3971109e40c570f998fb293d1bf4f799cffcc127e76b	491838c637e038b138dac34f5b8b71838602a60419529e159fadf49d2e3af3b5	26.800	145	0.107	0.439
fc7e217443f8e66fc4af3971109e40c570f998fb293d1bf4f799cffcc127e76b	7dcadc45b2de1f948d1595ffcdb99a6150477360ba979cd03a7c83e7448de9ef	24.100	162	0.103	0.535
fc7e217443f8e66fc4af3971109e40c570f998fb293d1bf4f799cffcc127e76b	1ba2915bade76ed334209ac2007283753fcac82cd4964238333b80c2d3cb8b78	23.600	166	0.103	0.544
fc7e217443f8e66fc4af3971109e40c570f998fb293d1bf4f799cffcc127e76b	68d263d272df663782771e2727284513a09392e75322585eda09bf6ddc900f1c	29.800	92	0.068	0.306
fc7e217443f8e66fc4af3971109e40c570f998fb293d1bf4f799cffcc127e76b	504882b6ab04a2922ebab11cf63737368af4bb6d32d71bddd1342ee4b5177e06	26.100	160	0.110	0.405
fc7e217443f8e66fc4af3971109e40c570f998fb293d1bf4f799cffcc127e76b	cd91e735333f21a908e0478b67b21ad3262be7b20dd173ba170933f9ee35e17c	26.100	160	0.110	0.404
fc7e217443f8e66fc4af3971109e40c570f998fb293d1bf4f799cffcc127e76b	b5366aedc0c5463f45d8169155354aff98174536acc94905c952ebde0c831474	26.500	132	0.097	0.419
fc7e217443f8e66fc4af3971109e40c570f998fb293d1bf4f799cffcc127e76b	85b8dbaf5a7b0abe6681ef70e623d182dbfff360e0f03f47f7ed66e28d132c3d	29.400	92	0.068	0.301
fc7e217443f8e66fc4af3971109e40c570f998fb293d1bf4f799cffcc127e76b	e059cd0b395629825e28e0e9782d4b5659ff334b13a60e6c08c6e7ec61b98481	48.700	39	0.029	0.192
ea6689b6c8edb306fc5da3e16dba9d7362e6e517d15f469c38e5c4fb8858d27f	ea6689b6c8edb306fc5da3e16dba9d7362e6e517d15f469c38e5c4fb8858d27f	100.000	316	1.000	1.000
ea6689b6c8edb306fc5da3e16dba9d7362e6e517d15f469c38e5c4fb8858d27f	4834dba4d3ca11235b0677689d4ce946e482d57f7d4e30bf505f6a06dcbbc357	99.600	316	1.000	1.000
ea6689b6c8edb306fc5da3e16dba9d7362e6e517d15f469c38e5c4fb8858d27f	bafa0670bf54a58f6c2624a04c6de76b576d7e3e07fb8ecc04798ad1f956ae0f	100.000	315	0.997	1.000
ea6689b6c8edb306fc5da3e16dba9d7362e6e517d15f469c38e5c4fb8858d27f	64eb732c5b0d7b343ac33eb97c61a1a0c5eceaa015e73eaa956f4a8fcac1e55b	99.600	315	0.997	1.000
ea6689b6c8edb306fc5da3e16dba9d7362e6e517d15f469c38e5c4fb8858d27f	f135a4769f0b9b9bbe5f9df25e2c1863c9b3a17781e775f23c21fb292ac0b450	99.300	315	0.997	1.000
ea6689b6c8edb306fc5da3e16dba9d7362e6e517d15f469c38e5c4fb8858d27f	a0af3fc1bfecd9f42c0434a6258c7b1b6d70ff8410aa92190b9fc6dd1d7bd774	100.000	314	0.994	1.000
ea6689b6c8edb306fc5da3e16dba9d7362e6e517d15f469c38e5c4fb8858d27f	8d83cae53776dd536e5d359d0c2953375eb3a0966a4dd1e358f5522a85853f99	99.300	315	0.997	1.000
ea6689b6c8edb306fc5da3e16dba9d7362e6e517d15f469c38e5c4fb8858d27f	b1d5fd04da244ce4ca364144d1cd2a78efb1a3a77b9c228bc100a95b9344da34	99.300	316	1.000	1.000
ea6689b6c8edb306fc5da3e16dba9d7362e6e517d15f469c38e5c4fb8858d27f	3c6608431f35197abdf885bb1016b1a5823b2cd4bdb9101cd3cefcd47e9e188d	99.600	315	0.997	1.000
ea6689b6c8edb306fc5da3e16dba9d7362e6e517d15f469c38e5c4fb8858d27f	3a41dc42ebc99499f79019fd9682dae775ac0172714512cbe195b0118360d175	99.600	314	0.994	1.000
ea6689b6c8edb306fc5da3e16dba9d7362e6e517d15f469c38e5c4fb8858d27f	7e0ac5ca504bbafa06e285c7b9e99b867fad006480cc9173491225ee25d19cf3	99.300	315	0.997	1.000
ea6689b6c8edb306fc5da3e16dba9d7362e6e517d15f469c38e5c4fb8858d27f	34af5074547380df534bc620d88db4ecb4da09f986a227d253731dbb784562a1	99.300	315	0.997	1.000
ea6689b6c8edb306fc5da3e16dba9d7362e6e517d15f469c38e5c4fb8858d27f	c90bd7b0592ac754ccdad06d582b1d79210b567757718ee9dd40ff848629d76f	99.300	315	0.997	1.000
ea6689b6c8edb306fc5da3e16dba9d7362e6e517d15f469c38e5c4fb8858d27f	00e074dd07769c151f69911a286bf3cb4c39a8323e2c291e5575ffa73b6503c5	99.300	315	0.997	1.000
ea6689b6c8edb306fc5da3e16dba9d7362e6e517d15f469c38e5c4fb8858d27f	e44002ce26765f11a948b9eea553028b5b33a41cd071591874d8ceaaeca0f4f1	99.600	313	0.991	1.000
ea6689b6c8edb306fc5da3e16dba9d7362e6e517d15f469c38e5c4fb8858d27f	0c29ac94f9cf82766e967f86014de4ef339e516900e39c61eb27c3eec7d478f8	99.300	314	0.994	1.000
ea6689b6c8edb306fc5da3e16dba9d7362e6e517d15f469c38e5c4fb8858d27f	7915afdd051c93b57a6b0b4196fd12b91da6d40dbebafca29fcf0e803d3ce669	99.300	315	0.997	1.000
ea6689b6c8edb306fc5da3e16dba9d7362e6e517d15f469c38e5c4fb8858d27f	985d47dfc8ce7be3ad171948df93436875a3bc32cffc7aa7ea54e29864e593e3	99.000	315	0.997	1.000
ea6689b6c8edb306fc5da3e16dba9d7362e6e517d15f469c38e5c4fb8858d27f	b67209644dd5fa588ec54749cbe8b10b2f39bd2880af876e480798293b588a6b	99.000	315	0.997	1.000
ea6689b6c8edb306fc5da3e16dba9d7362e6e517d15f469c38e5c4fb8858d27f	137233c4ec2045fa496e62742cda87dcece06f9537a467ce493698a763863648	99.300	314	0.994	1.000
acd1c3790427993ba8eea8553653c4d23fb6fe8590d065f65035e0aab0301c0a	aa345d49b5e83be0f2c8f8b318f68c479e1a287e82b6edea3015ae6eb00e3d47	100.000	220	0.665	1.000
acd1c3790427993ba8eea8553653c4d23fb6fe8590d065f65035e0aab0301c0a	9cf0bbbf0d42f1923401572158b7b41c0ba062f4440d6a5775fb8e4a203e98f7	48.600	215	0.650	0.986
acd1c3790427993ba8eea8553653c4d23fb6fe8590d065f65035e0aab0301c0a	56b3e8a798562d7af45ebf50fe18c5d4faf3d7af20b31b69c6ae07d7ada266a2	47.900	215	0.650	0.981
acd1c3790427993ba8eea8553653c4d23fb6fe8590d065f65035e0aab0301c0a	212b483af48ee81b5c5baf8543a6c5de23787d93fe620bee849bea0423fa3752	43.100	215	0.650	0.986
acd1c3790427993ba8eea8553653c4d23fb6fe8590d065f65035e0aab0301c0a	f788763a4000758242a1b9a835e41c1831e22740a141cea749b860d57e643fb3	37.000	212	0.640	0.972
9b4d7f141ae58580813aa6b030f67b51efc5af3076f4df2cb5b0dbc27f0c7810	506e42b23c1416b1d58b4e80ab5e47a25ab8b9731f48e70d395ffd52ed9b930b	29.900	338	0.703	0.953
9b4d7f141ae58580813aa6b030f67b51efc5af3076f4df2cb5b0dbc27f0c7810	c37e4d47412e56c5fc8a595627aaf485c676029a8f3c38b5559879b218962a0d	28.500	423	0.684	0.964
9b4d7f141ae58580813aa6b030f67b51efc5af3076f4df2cb5b0dbc27f0c7810	876db18c23d75b6bdf0fb270aeeb6b6014153c4c6a64ff26ed35a1f645424b43	28.500	423	0.684	0.957
9b4d7f141ae58580813aa6b030f67b51efc5af3076f4df2cb5b0dbc27f0c7810	02536d275857d78976c54cd11ab8f644d2f98cf1e56ebbdac7169bbc376c8b50	28.200	338	0.703	0.985
9b4d7f141ae58580813aa6b030f67b51efc5af3076f4df2cb5b0dbc27f0c7810	68ec7b19f3f17b23455df7a73b4c3f33cdc948959e74dbb3826be4d99baafdef	28.200	338	0.703	0.978
9b4d7f141ae58580813aa6b030f67b51efc5af3076f4df2cb5b0dbc27f0c7810	f834ab77e81ed2a3d0c66f0ff386e6a7b5dbce3de56950154a5ca0931464d952	28.200	338	0.703	0.971
9b4d7f141ae58580813aa6b030f67b51efc5af3076f4df2cb5b0dbc27f0c7810	5cb3444876d7734f8eae54e395a0d339e26809df903e72f55b0721188a0a390a	28.000	323	0.672	0.966
9b4d7f141ae58580813aa6b030f67b51efc5af3076f4df2cb5b0dbc27f0c7810	8cfa9b3836dfde436c8a531aa092c35840c6e8966e478130b30e6a1a3919e50d	24.300	325	0.676	0.867
9b4d7f141ae58580813aa6b030f67b51efc5af3076f4df2cb5b0dbc27f0c7810	cd5d8eaa19bfba958e3500b97e06f0e093d657c02867d4935b3fc8644778ef12	24.300	325	0.676	0.877
956b2d3ee378d61312943bc6a04753f13ceb2802c41050e5dbe751c58ace4c0f	b5c0cf1b949ec3e6f5b064627bc945de4dcdf222d46e09670a34f5a3794c3931	50.000	754	0.562	0.997
956b2d3ee378d61312943bc6a04753f13ceb2802c41050e5dbe751c58ace4c0f	c59d92a053bd16c3ab7a757d12f22553d1cbeabb663901aabb7833e1f31bb829	50.000	752	0.561	0.999
956b2d3ee378d61312943bc6a04753f13ceb2802c41050e5dbe751c58ace4c0f	668998d063636bc570cd6da33c1d8aca96ec50cbbb5721b6b35e27f4b3511ee4	50.400	744	0.555	0.999
956b2d3ee378d61312943bc6a04753f13ceb2802c41050e5dbe751c58ace4c0f	1a599db5a6ec1f687fae15e4efb41c4390561ece9f409ce2459a06b4680912da	38.700	751	0.549	0.988
956b2d3ee378d61312943bc6a04753f13ceb2802c41050e5dbe751c58ace4c0f	fb5e3d8bb646fa1393c2b8dfa53d9be80cb3df71b413f2e4f397b0a8a0352290	43.100	299	0.224	0.990
956b2d3ee378d61312943bc6a04753f13ceb2802c41050e5dbe751c58ace4c0f	48b22e15dca21692672c0bd31d21402a802462fa9addbf0efe58a05a9ec4c05b	43.100	299	0.224	0.984
956b2d3ee378d61312943bc6a04753f13ceb2802c41050e5dbe751c58ace4c0f	3e8156f9d98d94b084aa4c995857d4b587aedf568c6afb2a31b865640c14d80e	43.100	299	0.224	0.980
956b2d3ee378d61312943bc6a04753f13ceb2802c41050e5dbe751c58ace4c0f	8af246713984cf8dfa9501017c810000931bc790e427df782dd68358fb40d4d1	68.100	160	0.120	0.976
956b2d3ee378d61312943bc6a04753f13ceb2802c41050e5dbe751c58ace4c0f	e76c6741527692fe05c70f8f7c1efa17d80c7ebdec0e3dc0067b741126c50828	26.500	741	0.541	0.974
956b2d3ee378d61312943bc6a04753f13ceb2802c41050e5dbe751c58ace4c0f	23129c143a0dfd22c7f74cea4f342d1e18f19fbf3e117615a4361c67523f85aa	24.700	727	0.546	0.800
956b2d3ee378d61312943bc6a04753f13ceb2802c41050e5dbe751c58ace4c0f	abffa89a5ab82cbcd2163b46c53579919631310b2cd8768df58796cd2bca9cb1	30.600	410	0.308	0.729
956b2d3ee378d61312943bc6a04753f13ceb2802c41050e5dbe751c58ace4c0f	d5e2a419c79aebe4138d55d20d738adbd7cb5cb78f38dbcafe672ef75547a8d4	30.600	410	0.308	0.729
956b2d3ee378d61312943bc6a04753f13ceb2802c41050e5dbe751c58ace4c0f	7f7cf0b61d354cee563b36c188d115d403a0023c386b91d6f5d03c418b0ade0d	47.000	153	0.115	0.898
956b2d3ee378d61312943bc6a04753f13ceb2802c41050e5dbe751c58ace4c0f	2a8661ed7f9319245d7385f156577d76c69a8b421f40852ee7ffca4f22405650	47.000	153	0.115	0.876
956b2d3ee378d61312943bc6a04753f13ceb2802c41050e5dbe751c58ace4c0f	11ac774055e229331f42a5eeb2c2689d7f98057e371c58ae82cce825fde3fc30	44.000	150	0.113	0.890
956b2d3ee378d61312943bc6a04753f13ceb2802c41050e5dbe751c58ace4c0f	62bd02c74ad6cd0d5bcf253e4963a07a969d6f4b4e69ae07f914de317f90d675	44.000	150	0.113	0.885
956b2d3ee378d61312943bc6a04753f13ceb2802c41050e5dbe751c58ace4c0f	b1de6d376c433e9e5f5cef2bd15397c9efa79b78fe40506fe5c0c7e1fdacbd0e	37.300	150	0.113	0.880
956b2d3ee378d61312943bc6a04753f13ceb2802c41050e5dbe751c58ace4c0f	23a596926cb809e32677046bac9d068665fe163f5748dbc113f544be1ecb6048	37.300	150	0.113	0.874
956b2d3ee378d61312943bc6a04753f13ceb2802c41050e5dbe751c58ace4c0f	dd1996d260d7cf46095c3d1a0e4453fbed8ff69c619474aa8594ebb7bae99d31	37.300	150	0.113	0.869
956b2d3ee378d61312943bc6a04753f13ceb2802c41050e5dbe751c58ace4c0f	6f84f8c6b79921b768d39c531d7305852c59febdc285d955dbff8524f47c1653	38.500	140	0.105	0.796
859597290f2e2246b9c64107dc8751da6ac74988a5e2875d3335064cc6137d9c	506e42b23c1416b1d58b4e80ab5e47a25ab8b9731f48e70d395ffd52ed9b930b	36.300	314	0.610	0.949
859597290f2e2246b9c64107dc8751da6ac74988a5e2875d3335064cc6137d9c	02536d275857d78976c54cd11ab8f644d2f98cf1e56ebbdac7169bbc376c8b50	35.400	314	0.610	0.982
859597290f2e2246b9c64107dc8751da6ac74988a5e2875d3335064cc6137d9c	68ec7b19f3f17b23455df7a73b4c3f33cdc948959e74dbb3826be4d99baafdef	35.400	314	0.610	0.974
859597290f2e2246b9c64107dc8751da6ac74988a5e2875d3335064cc6137d9c	f834ab77e81ed2a3d0c66f0ff386e6a7b5dbce3de56950154a5ca0931464d952	35.400	314	0.610	0.967
859597290f2e2246b9c64107dc8751da6ac74988a5e2875d3335064cc6137d9c	5cb3444876d7734f8eae54e395a0d339e26809df903e72f55b0721188a0a390a	34.800	299	0.581	0.962
859597290f2e2246b9c64107dc8751da6ac74988a5e2875d3335064cc6137d9c	876db18c23d75b6bdf0fb270aeeb6b6014153c4c6a64ff26ed35a1f645424b43	27.300	440	0.627	0.995
859597290f2e2246b9c64107dc8751da6ac74988a5e2875d3335064cc6137d9c	c37e4d47412e56c5fc8a595627aaf485c676029a8f3c38b5559879b218962a0d	27.400	435	0.617	0.991
859597290f2e2246b9c64107dc8751da6ac74988a5e2875d3335064cc6137d9c	cd5d8eaa19bfba958e3500b97e06f0e093d657c02867d4935b3fc8644778ef12	31.300	310	0.602	0.903
859597290f2e2246b9c64107dc8751da6ac74988a5e2875d3335064cc6137d9c	8cfa9b3836dfde436c8a531aa092c35840c6e8966e478130b30e6a1a3919e50d	31.300	310	0.602	0.892
859597290f2e2246b9c64107dc8751da6ac74988a5e2875d3335064cc6137d9c	9c0c24637836a29a4baaccdd66496da7cdefaa5cce2ee6cf58bacc9d6735e418	23.900	293	0.569	0.794
5dcea3548673ae67defd7368cb6eeef7812be27181c94ff8df17bf34a527d030	328e638a411108e4961f36b4ea742215b2821b6befbfd1094f81bb1e6f2400d3	27.400	211	0.636	0.763
5dcea3548673ae67defd7368cb6eeef7812be27181c94ff8df17bf34a527d030	68d263d272df663782771e2727284513a09392e75322585eda09bf6ddc900f1c	29.200	211	0.636	0.764
5dcea3548673ae67defd7368cb6eeef7812be27181c94ff8df17bf34a527d030	51ef49071b00d7a6a46b4542281759edc65979fecde61d1976cecf1b7788a67f	27.900	211	0.636	0.798
5dcea3548673ae67defd7368cb6eeef7812be27181c94ff8df17bf34a527d030	85b8dbaf5a7b0abe6681ef70e623d182dbfff360e0f03f47f7ed66e28d132c3d	27.100	211	0.636	0.795
5dcea3548673ae67defd7368cb6eeef7812be27181c94ff8df17bf34a527d030	77ce10b393d7c42ee0cc93f38875a7ed73f6ed58987c97e0201b8f668e125179	25.600	196	0.590	0.738
5dcea3548673ae67defd7368cb6eeef7812be27181c94ff8df17bf34a527d030	758d865388f9fb3767bd99e055023bdbb10a8511eaa54e1b2a2d077116f8f85e	25.600	196	0.590	0.745
5dcea3548673ae67defd7368cb6eeef7812be27181c94ff8df17bf34a527d030	574136d04122b4f76ba4a35fe14358fc550b21feb1e28cbd5c6d3c75e5453140	25.100	196	0.590	0.717
5dcea3548673ae67defd7368cb6eeef7812be27181c94ff8df17bf34a527d030	ae227c5db744050b1d4e017463be97ea7221290db0bc24ddfabdec712960f7dc	25.100	196	0.590	0.712
5dcea3548673ae67defd7368cb6eeef7812be27181c94ff8df17bf34a527d030	491838c637e038b138dac34f5b8b71838602a60419529e159fadf49d2e3af3b5	25.100	196	0.590	0.697
5dcea3548673ae67defd7368cb6eeef7812be27181c94ff8df17bf34a527d030	a426859c2fdaf6ce556797ba9048d775c7853dfeea9e1be2f544a000e9a7c471	25.100	196	0.590	0.740
5dcea3548673ae67defd7368cb6eeef7812be27181c94ff8df17bf34a527d030	3c51fd8ce37aae2bc11be90007fc5e8fea0cb798244ef1d8b10f73b3eef069f4	26.300	195	0.569	0.739
5dcea3548673ae67defd7368cb6eeef7812be27181c94ff8df17bf34a527d030	44c347a34540830b3c891da8b1b80b87d9b112189e3eab48527c3a6fc174c606	34.800	86	0.259	0.130
5dcea3548673ae67defd7368cb6eeef7812be27181c94ff8df17bf34a527d030	c48df3a3b69a9575bf4a900f3905a1771f2e66e7e479b890fbe23c2ccda5c08f	34.800	86	0.259	0.128
5dcea3548673ae67defd7368cb6eeef7812be27181c94ff8df17bf34a527d030	b5366aedc0c5463f45d8169155354aff98174536acc94905c952ebde0c831474	24.600	196	0.590	0.740
5dcea3548673ae67defd7368cb6eeef7812be27181c94ff8df17bf34a527d030	b5c11c0dca4639290f955618958d3b0b3ddee5d571c0bc843f46eb3ec8f9f64d	24.600	196	0.590	0.732
5dcea3548673ae67defd7368cb6eeef7812be27181c94ff8df17bf34a527d030	4210ad916b05ae2d57914160a5eb05d99281d9eee50fb1b4b161261a25566768	23.300	214	0.584	0.735
5dcea3548673ae67defd7368cb6eeef7812be27181c94ff8df17bf34a527d030	cf21b3a148aa287f48e547ec940578d8eb14976524a93e8790ec07c4af82419c	35.000	95	0.262	0.312
5dcea3548673ae67defd7368cb6eeef7812be27181c94ff8df17bf34a527d030	57df43953904755f5a350fc97816b43bdaec909640887589f271752710e6cc4b	35.000	95	0.262	0.308
5dcea3548673ae67defd7368cb6eeef7812be27181c94ff8df17bf34a527d030	31e39ead8b2e7b20cf091e11b90364d6d67005e32f11cba89df79681175cb54b	35.000	95	0.262	0.305
5dcea3548673ae67defd7368cb6eeef7812be27181c94ff8df17bf34a527d030	e059cd0b395629825e28e0e9782d4b5659ff334b13a60e6c08c6e7ec61b98481	24.600	153	0.461	0.700
764ef6f778faca895ff91fffd4fa52f9d65cec8f985aed444769b03068e81c4b	b5c34f28fe4d8e0c36e0f24a4f963b08557f569557615b66c7d5ba89e7253ecc	100.000	269	0.575	1.000
764ef6f778faca895ff91fffd4fa52f9d65cec8f985aed444769b03068e81c4b	80f8f2fa4a42bd6216cb10fdb248ff5487feb6080c28afef0ea43aca1ebb8af1	100.000	267	0.571	1.000
764ef6f778faca895ff91fffd4fa52f9d65cec8f985aed444769b03068e81c4b	815a036e91849a9e6c1b7cfa8c7035308bd22cb3f26142b45950bde858297146	99.600	269	0.575	1.000
764ef6f778faca895ff91fffd4fa52f9d65cec8f985aed444769b03068e81c4b	5bfd8aea8187530fb1000e9fca0f256ac9045129a81ff3958cafd43c7e82cbbc	95.900	270	0.577	1.000
764ef6f778faca895ff91fffd4fa52f9d65cec8f985aed444769b03068e81c4b	410f88a0f5aeafe5eafe59f744ba6228b00a509a8d42adaeffcb60d8c938c6b6	94.700	269	0.575	1.000
764ef6f778faca895ff91fffd4fa52f9d65cec8f985aed444769b03068e81c4b	fe797ff12714311e0f04d0343b0142d09a72542942d6867cb18581ed6400959d	70.100	271	0.577	1.000
764ef6f778faca895ff91fffd4fa52f9d65cec8f985aed444769b03068e81c4b	99aee09f3549636138eb976ff5efe21eec3b98813adf62ccd4be45f2a039e24e	70.000	270	0.575	1.000
764ef6f778faca895ff91fffd4fa52f9d65cec8f985aed444769b03068e81c4b	e085427fe0177773896d95760b87ea4da688e0c329a3783bda451668c8ce5aa2	69.600	267	0.571	1.000
764ef6f778faca895ff91fffd4fa52f9d65cec8f985aed444769b03068e81c4b	dc3112909a01a330f1d1692611d861f2449739f6cf8fab4783b5fb446677e112	70.100	265	0.566	1.000
764ef6f778faca895ff91fffd4fa52f9d65cec8f985aed444769b03068e81c4b	42a9f01bf0ef5fe62b5b5772563a9637e2c014bcd57ae569e3e29c4a9d400f0c	69.400	265	0.566	1.000
764ef6f778faca895ff91fffd4fa52f9d65cec8f985aed444769b03068e81c4b	d02254f0cae2cb9bff714be1b1e7c992f397c7fa8b62cc1eb325b9fd3f344b16	69.100	268	0.573	1.000
764ef6f778faca895ff91fffd4fa52f9d65cec8f985aed444769b03068e81c4b	f6bd32079e6536ccebb9d264e17ec64833fa823760c5fb4f5084db2bb66357fa	68.900	267	0.571	1.000
764ef6f778faca895ff91fffd4fa52f9d65cec8f985aed444769b03068e81c4b	cd6f61c345e71bdbf931d606d80676bdccb43f5c254faf2407c456b1c4f3c58b	68.200	268	0.573	0.996
764ef6f778faca895ff91fffd4fa52f9d65cec8f985aed444769b03068e81c4b	1f7c6283242aca4361e24fa38eb09007f980492d75824284e98ce5e618195a83	67.900	268	0.573	0.992
764ef6f778faca895ff91fffd4fa52f9d65cec8f985aed444769b03068e81c4b	0316a096efdc4f7083697da086d3dbd2470e0b1029d6768bbaa2368ef24007bb	68.100	267	0.571	1.000
764ef6f778faca895ff91fffd4fa52f9d65cec8f985aed444769b03068e81c4b	a3617f91551cc802ca0d9762214ce0edb9a8618f88cbad351eb26a80ff24bcb8	67.900	268	0.573	0.992
764ef6f778faca895ff91fffd4fa52f9d65cec8f985aed444769b03068e81c4b	97b6a6b9736fa87689d5a5e9e8414bd1fb440cb8d6f6a2ee9970a46accc71ddd	68.000	263	0.562	1.000
764ef6f778faca895ff91fffd4fa52f9d65cec8f985aed444769b03068e81c4b	6489b51824b71eb0820a63ad0cadcb8098f6c9d710ae261a6c49099c235d9a30	67.500	265	0.566	1.000
764ef6f778faca895ff91fffd4fa52f9d65cec8f985aed444769b03068e81c4b	7bf3cb6d16a9d3894df96a56ac6c240d992dd210d731185492188a552124dde8	67.600	266	0.568	1.000
764ef6f778faca895ff91fffd4fa52f9d65cec8f985aed444769b03068e81c4b	269d57c2ab7d564d8bf2b0206f02ba8f0e767b142d2f8571d6c960947fac6871	67.400	264	0.564	1.000
32f0b10a6bf7330ac66896742012aa0538932fbe48935b5f9501d0cc5aec9302	655227acd356c8fa125a2b26c63888cefaa3549f8919ffc021abc460c3eb7c08	41.000	251	0.992	0.977
32f0b10a6bf7330ac66896742012aa0538932fbe48935b5f9501d0cc5aec9302	d958aa28e90b925bd99f43bd75b13a439bfac24364ab121527d946becf664dcd	41.000	251	0.992	0.973
32f0b10a6bf7330ac66896742012aa0538932fbe48935b5f9501d0cc5aec9302	eab0b61de5e8a9e8027e79e83c843f18da0f2732f50c542163e2a6e9482240e4	41.000	251	0.992	0.969
32f0b10a6bf7330ac66896742012aa0538932fbe48935b5f9501d0cc5aec9302	99a43da7159e934660fc340e8a0c7c71ffb422c38250ed2ddac83c0872a963cd	41.800	251	0.992	0.916
32f0b10a6bf7330ac66896742012aa0538932fbe48935b5f9501d0cc5aec9302	e3625f45e7324a3a1dfce086a6cb37996cc93d02df55ce60e34e0eab8234f1b9	43.800	253	0.992	0.988
32f0b10a6bf7330ac66896742012aa0538932fbe48935b5f9501d0cc5aec9302	2d81fea87b4603a9286c50299f4a2050cbd45a4612c34fd78d8cd1e16b7265b5	42.400	250	0.984	0.977
32f0b10a6bf7330ac66896742012aa0538932fbe48935b5f9501d0cc5aec9302	c69c5f16a62804c14bed70a54fd1f86c3ebd45b8fd97806fb4db90a5807e24f3	42.400	250	0.984	0.969
32f0b10a6bf7330ac66896742012aa0538932fbe48935b5f9501d0cc5aec9302	82d553a02fc4553088cea442fbf4f9f60dcdaba59f8b9ab885ad3a63054ce27f	42.400	250	0.984	0.965
32f0b10a6bf7330ac66896742012aa0538932fbe48935b5f9501d0cc5aec9302	d3691073e3542fa2fcaba449fddf28f25e2a85c439639e0ef596355e0c83d095	39.400	251	0.992	0.980
32f0b10a6bf7330ac66896742012aa0538932fbe48935b5f9501d0cc5aec9302	c9d86821f029386eddc109af856f82563c7ad0cff631c278c815268303e8186c	39.400	251	0.992	0.980
32f0b10a6bf7330ac66896742012aa0538932fbe48935b5f9501d0cc5aec9302	c585a9698b564ceccaf2ab09abb09d7e94d426d479d0c9b41d451da2b599c97f	39.400	251	0.992	0.968
32f0b10a6bf7330ac66896742012aa0538932fbe48935b5f9501d0cc5aec9302	616b046797751bae7048d164641e2a594d9e43d2eb12bd0db4b9cfc0ce079eff	40.100	254	0.996	0.996
32f0b10a6bf7330ac66896742012aa0538932fbe48935b5f9501d0cc5aec9302	626e3a625ce7e8bb4efeb019e5506398747553c6195b1df9b7e8a4033a0e7705	40.100	254	0.996	0.977
32f0b10a6bf7330ac66896742012aa0538932fbe48935b5f9501d0cc5aec9302	479eb8ee9e519ce5bd869c602ead9734d492fa9e900a73df2a38a14e5541eb00	40.400	252	0.988	0.992
32f0b10a6bf7330ac66896742012aa0538932fbe48935b5f9501d0cc5aec9302	84f17ec9ecb5fbf8cabe4cc6e4edc9e664f36d37d7a211d33e3cc9b61761c373	40.400	249	0.984	0.968
32f0b10a6bf7330ac66896742012aa0538932fbe48935b5f9501d0cc5aec9302	ed580892a9a86b3640a00fae85c19ea6f2622d5a21383f87d80e32ecfedb10b6	40.000	249	0.984	0.972
32f0b10a6bf7330ac66896742012aa0538932fbe48935b5f9501d0cc5aec9302	86fd4cd5f6a167031f22e0cba41a4b44256cc15c4e722ca1935940b50d2e8ed6	39.600	249	0.984	0.975
32f0b10a6bf7330ac66896742012aa0538932fbe48935b5f9501d0cc5aec9302	b082754bd513d4feb9719620060200c4f7d4801f4bfd004799ca2a6a1a18ac33	38.400	250	0.988	0.968
32f0b10a6bf7330ac66896742012aa0538932fbe48935b5f9501d0cc5aec9302	7d31163018886a4b2147b6db56fceae561e3357cea6039117b1474f5a3aac631	29.700	284	0.992	0.956
32f0b10a6bf7330ac66896742012aa0538932fbe48935b5f9501d0cc5aec9302	e46175881117cc3bbedfd651acde435dd850f67b729476de3219c24e46e704e2	26.600	246	0.972	0.972
68ceea3afb7362d1e08d9accac4cd992cbd6b362ca82f04d9ce3065b6c41831b	14d5671e37bc08b7398f0324760cd11937894bef359c7c73b7058bad1a58b22c	25.600	371	0.705	0.741
68ceea3afb7362d1e08d9accac4cd992cbd6b362ca82f04d9ce3065b6c41831b	319dbdbd8211f5065f10fb3ca9342342244fe73c0ba1bfca4bd62346215d36ef	25.600	371	0.705	0.718
68ceea3afb7362d1e08d9accac4cd992cbd6b362ca82f04d9ce3065b6c41831b	d4e4bc9d36264a1318f4f38f81cc8c4137e3aef66e5cdac2e0da294c66c85c72	29.600	256	0.499	0.502
68ceea3afb7362d1e08d9accac4cd992cbd6b362ca82f04d9ce3065b6c41831b	b467f113fff36188d8cad87c5bfa6443a6874be1189c60ea7a30558a20889480	29.600	256	0.499	0.500
68ceea3afb7362d1e08d9accac4cd992cbd6b362ca82f04d9ce3065b6c41831b	f79bc9e40ff1c57615470e900a9a7416e02fd8975275fa4ef4269bd3df7a4cc3	29.600	256	0.499	0.499
68ceea3afb7362d1e08d9accac4cd992cbd6b362ca82f04d9ce3065b6c41831b	e71c20b9c98deda8215df3cf89484088e591be589b8fe57e98cfaa49b45faf21	29.600	256	0.499	0.498
52c964c2a1ff16ad71fd90a12eb0b70aeb135d6ef1764bff1d97db4c8c3f3255	48662977f2768a2719be6568d4742359729a860ecfd13d97d42da11691c734d8	89.500	526	0.874	1.000
52c964c2a1ff16ad71fd90a12eb0b70aeb135d6ef1764bff1d97db4c8c3f3255	911b6c5e1f322e2edaf5fbebe58df0da39aba7fdfebf905424a8897159eaa724	53.800	533	0.885	1.000
52c964c2a1ff16ad71fd90a12eb0b70aeb135d6ef1764bff1d97db4c8c3f3255	7927dbd570924069645ee6349ab427b792f238c9def22e72dca3606a2eb6eb04	53.800	533	0.885	0.998
52c964c2a1ff16ad71fd90a12eb0b70aeb135d6ef1764bff1d97db4c8c3f3255	07ae978dd7ce70086f438bc09f190b2f2db2ba62abea8a4265933b5861e2fd89	53.900	532	0.884	1.000
52c964c2a1ff16ad71fd90a12eb0b70aeb135d6ef1764bff1d97db4c8c3f3255	b3c4bed6061c7f6bda59101dbbe94d146dde7b8f09caeb0837345fa58ccc5fad	53.900	532	0.884	0.998
52c964c2a1ff16ad71fd90a12eb0b70aeb135d6ef1764bff1d97db4c8c3f3255	762533767d7e98675c9477ea0e3610a52d295976de2ad3b0e641367b29d142e3	53.900	532	0.884	1.000
52c964c2a1ff16ad71fd90a12eb0b70aeb135d6ef1764bff1d97db4c8c3f3255	c8df3e5094ba9939d4c1ebfee176a4b7840014773465cb6833d702478cee4981	53.900	532	0.884	1.000
52c964c2a1ff16ad71fd90a12eb0b70aeb135d6ef1764bff1d97db4c8c3f3255	63ed26d7290847b2a1988dd68a8151861836c131dfb5e1a23395c22d1f02ac69	53.700	532	0.884	1.000
52c964c2a1ff16ad71fd90a12eb0b70aeb135d6ef1764bff1d97db4c8c3f3255	d6cb741f49b9826a1b6d3fac2f7700f7a20641c81d659acb1669a3ca8539679e	53.700	532	0.884	0.996
52c964c2a1ff16ad71fd90a12eb0b70aeb135d6ef1764bff1d97db4c8c3f3255	71d415005fd95f09f1bb0ba35c4ea8af12f8a36fa5e3a43c0ecb60a35431af34	53.700	532	0.884	1.000
52c964c2a1ff16ad71fd90a12eb0b70aeb135d6ef1764bff1d97db4c8c3f3255	b884cfa0ba8acc8994ab016f014beed66d6580f7a7ccf7603e627d48c4a21eaf	53.500	532	0.884	1.000
52c964c2a1ff16ad71fd90a12eb0b70aeb135d6ef1764bff1d97db4c8c3f3255	0683327e5f5b15c7f3e2279cee9c776e76fecec45c13722acc6ec4eb049eab9d	52.600	532	0.880	0.991
52c964c2a1ff16ad71fd90a12eb0b70aeb135d6ef1764bff1d97db4c8c3f3255	72ea4a816a41068509b449b0f70600e24986e8df67c8c22e733b557da1cb16fd	52.500	534	0.885	0.993
52c964c2a1ff16ad71fd90a12eb0b70aeb135d6ef1764bff1d97db4c8c3f3255	e6636c0acbf00ea8803801357426a207dab7a583e4fd1e34dfbcc9d009483e99	52.600	531	0.880	0.991
52c964c2a1ff16ad71fd90a12eb0b70aeb135d6ef1764bff1d97db4c8c3f3255	d7405c3c4a88a77ed251d79b2f6b5b867d65581890e30d7979201599fbff0d91	52.600	531	0.880	0.989
52c964c2a1ff16ad71fd90a12eb0b70aeb135d6ef1764bff1d97db4c8c3f3255	4387e1be0e8f9f10772bf86fa851d754090f5cd72928c48260bab755d8175fca	52.300	534	0.885	0.993
52c964c2a1ff16ad71fd90a12eb0b70aeb135d6ef1764bff1d97db4c8c3f3255	6ba6be4a96cc2fd8f3d94a0f42c46048a8aa5131675da74a91f630e032328738	52.100	534	0.885	0.998
52c964c2a1ff16ad71fd90a12eb0b70aeb135d6ef1764bff1d97db4c8c3f3255	cf2a98fd41017bd27f53e9351e2c4fdd790d95d51f46b72f7ed7230a149fd2a1	52.100	533	0.885	0.993
52c964c2a1ff16ad71fd90a12eb0b70aeb135d6ef1764bff1d97db4c8c3f3255	76e283a10aaf081ec593f57f2b1c038d9b93c8e7b8eeba2e0222a96cb47a79af	52.400	530	0.880	0.989
52c964c2a1ff16ad71fd90a12eb0b70aeb135d6ef1764bff1d97db4c8c3f3255	d31538984449226903adb44b8be864166db23353a2338271866d09a34f9e9697	52.200	530	0.880	0.989
6bc1b3bd6a82cf2badc4cfcc5da82dcc2df928566b4332a365b4a0c08af38e3e	45fb57f04674301a0bc6ee8bc63ca10cc38d695c34661feb2be81ad547eb3077	32.500	80	0.362	0.481
6bc1b3bd6a82cf2badc4cfcc5da82dcc2df928566b4332a365b4a0c08af38e3e	12dc03d3157ec9d2590dd85b5b62c33ec8d9df94e41caaf89fed457a9e0ab2cd	32.000	73	0.330	0.402
6bc1b3bd6a82cf2badc4cfcc5da82dcc2df928566b4332a365b4a0c08af38e3e	64e2217d2a4d49a85df0b10251aa823ebb07eac443e0eceab163caf99b7c828c	30.200	74	0.335	0.445
81958f4e42a4399e1a3fbddc1996008391ea0fb0946e1acee2407649f48c2513	626e3a625ce7e8bb4efeb019e5506398747553c6195b1df9b7e8a4033a0e7705	100.000	256	1.000	0.985
81958f4e42a4399e1a3fbddc1996008391ea0fb0946e1acee2407649f48c2513	616b046797751bae7048d164641e2a594d9e43d2eb12bd0db4b9cfc0ce079eff	100.000	255	0.996	1.000
81958f4e42a4399e1a3fbddc1996008391ea0fb0946e1acee2407649f48c2513	479eb8ee9e519ce5bd869c602ead9734d492fa9e900a73df2a38a14e5541eb00	100.000	254	0.992	1.000
81958f4e42a4399e1a3fbddc1996008391ea0fb0946e1acee2407649f48c2513	e3625f45e7324a3a1dfce086a6cb37996cc93d02df55ce60e34e0eab8234f1b9	63.400	252	0.984	0.984
81958f4e42a4399e1a3fbddc1996008391ea0fb0946e1acee2407649f48c2513	655227acd356c8fa125a2b26c63888cefaa3549f8919ffc021abc460c3eb7c08	45.600	252	0.984	0.973
81958f4e42a4399e1a3fbddc1996008391ea0fb0946e1acee2407649f48c2513	d958aa28e90b925bd99f43bd75b13a439bfac24364ab121527d946becf664dcd	45.600	252	0.984	0.969
81958f4e42a4399e1a3fbddc1996008391ea0fb0946e1acee2407649f48c2513	eab0b61de5e8a9e8027e79e83c843f18da0f2732f50c542163e2a6e9482240e4	45.600	252	0.984	0.965
81958f4e42a4399e1a3fbddc1996008391ea0fb0946e1acee2407649f48c2513	99a43da7159e934660fc340e8a0c7c71ffb422c38250ed2ddac83c0872a963cd	45.200	252	0.984	0.912
81958f4e42a4399e1a3fbddc1996008391ea0fb0946e1acee2407649f48c2513	c9d86821f029386eddc109af856f82563c7ad0cff631c278c815268303e8186c	44.400	252	0.984	0.976
81958f4e42a4399e1a3fbddc1996008391ea0fb0946e1acee2407649f48c2513	2d81fea87b4603a9286c50299f4a2050cbd45a4612c34fd78d8cd1e16b7265b5	44.000	249	0.973	0.969
81958f4e42a4399e1a3fbddc1996008391ea0fb0946e1acee2407649f48c2513	c69c5f16a62804c14bed70a54fd1f86c3ebd45b8fd97806fb4db90a5807e24f3	44.000	249	0.973	0.961
81958f4e42a4399e1a3fbddc1996008391ea0fb0946e1acee2407649f48c2513	82d553a02fc4553088cea442fbf4f9f60dcdaba59f8b9ab885ad3a63054ce27f	44.000	249	0.973	0.958
81958f4e42a4399e1a3fbddc1996008391ea0fb0946e1acee2407649f48c2513	c585a9698b564ceccaf2ab09abb09d7e94d426d479d0c9b41d451da2b599c97f	44.400	252	0.984	0.964
81958f4e42a4399e1a3fbddc1996008391ea0fb0946e1acee2407649f48c2513	d3691073e3542fa2fcaba449fddf28f25e2a85c439639e0ef596355e0c83d095	44.000	252	0.984	0.976
81958f4e42a4399e1a3fbddc1996008391ea0fb0946e1acee2407649f48c2513	b082754bd513d4feb9719620060200c4f7d4801f4bfd004799ca2a6a1a18ac33	44.400	252	0.984	0.968
81958f4e42a4399e1a3fbddc1996008391ea0fb0946e1acee2407649f48c2513	84f17ec9ecb5fbf8cabe4cc6e4edc9e664f36d37d7a211d33e3cc9b61761c373	43.200	249	0.973	0.960
81958f4e42a4399e1a3fbddc1996008391ea0fb0946e1acee2407649f48c2513	ed580892a9a86b3640a00fae85c19ea6f2622d5a21383f87d80e32ecfedb10b6	42.800	249	0.973	0.964
81958f4e42a4399e1a3fbddc1996008391ea0fb0946e1acee2407649f48c2513	86fd4cd5f6a167031f22e0cba41a4b44256cc15c4e722ca1935940b50d2e8ed6	41.600	249	0.973	0.967
81958f4e42a4399e1a3fbddc1996008391ea0fb0946e1acee2407649f48c2513	7d31163018886a4b2147b6db56fceae561e3357cea6039117b1474f5a3aac631	37.200	178	0.695	0.599
81958f4e42a4399e1a3fbddc1996008391ea0fb0946e1acee2407649f48c2513	098ae948cba27b715d3222c1f228b3e850f42cc6db124e7cdca3ff54b727f3a7	37.200	178	0.695	0.599
2b9b5928cca6ac49d4004d64fc2f2598fd08812dd42e720993169a86769075f5	506e42b23c1416b1d58b4e80ab5e47a25ab8b9731f48e70d395ffd52ed9b930b	33.500	326	0.692	0.990
2b9b5928cca6ac49d4004d64fc2f2598fd08812dd42e720993169a86769075f5	f834ab77e81ed2a3d0c66f0ff386e6a7b5dbce3de56950154a5ca0931464d952	32.200	321	0.682	0.993
2b9b5928cca6ac49d4004d64fc2f2598fd08812dd42e720993169a86769075f5	68ec7b19f3f17b23455df7a73b4c3f33cdc948959e74dbb3826be4d99baafdef	32.300	320	0.679	0.996
2b9b5928cca6ac49d4004d64fc2f2598fd08812dd42e720993169a86769075f5	02536d275857d78976c54cd11ab8f644d2f98cf1e56ebbdac7169bbc376c8b50	32.200	318	0.675	0.985
2b9b5928cca6ac49d4004d64fc2f2598fd08812dd42e720993169a86769075f5	5cb3444876d7734f8eae54e395a0d339e26809df903e72f55b0721188a0a390a	32.400	306	0.650	0.989
2b9b5928cca6ac49d4004d64fc2f2598fd08812dd42e720993169a86769075f5	c37e4d47412e56c5fc8a595627aaf485c676029a8f3c38b5559879b218962a0d	25.500	428	0.667	0.975
2b9b5928cca6ac49d4004d64fc2f2598fd08812dd42e720993169a86769075f5	876db18c23d75b6bdf0fb270aeeb6b6014153c4c6a64ff26ed35a1f645424b43	25.500	428	0.667	0.968
2b9b5928cca6ac49d4004d64fc2f2598fd08812dd42e720993169a86769075f5	8cfa9b3836dfde436c8a531aa092c35840c6e8966e478130b30e6a1a3919e50d	26.900	320	0.679	0.914
2b9b5928cca6ac49d4004d64fc2f2598fd08812dd42e720993169a86769075f5	cd5d8eaa19bfba958e3500b97e06f0e093d657c02867d4935b3fc8644778ef12	26.900	320	0.679	0.926
2b9b5928cca6ac49d4004d64fc2f2598fd08812dd42e720993169a86769075f5	9c0c24637836a29a4baaccdd66496da7cdefaa5cce2ee6cf58bacc9d6735e418	20.600	328	0.696	0.902
2c8cd04b05ab94347ed7d5ea93018f321f009a2f4f3efe0617694e0d88d65322	f80e1775e278cea20cecb990244fc2a7a447c134d61ff83da85fa797e835656c	24.600	307	0.168	0.903
2c8cd04b05ab94347ed7d5ea93018f321f009a2f4f3efe0617694e0d88d65322	51ef49071b00d7a6a46b4542281759edc65979fecde61d1976cecf1b7788a67f	26.700	205	0.120	0.739
2c8cd04b05ab94347ed7d5ea93018f321f009a2f4f3efe0617694e0d88d65322	7891c4dfb5421e8d58c0a36dcdc52a2f943532cdfc30524bb3128c7ca6b3e7a9	30.500	268	0.157	0.957
2c8cd04b05ab94347ed7d5ea93018f321f009a2f4f3efe0617694e0d88d65322	328e638a411108e4961f36b4ea742215b2821b6befbfd1094f81bb1e6f2400d3	25.900	205	0.120	0.707
2c8cd04b05ab94347ed7d5ea93018f321f009a2f4f3efe0617694e0d88d65322	68d263d272df663782771e2727284513a09392e75322585eda09bf6ddc900f1c	26.800	205	0.120	0.708
2c8cd04b05ab94347ed7d5ea93018f321f009a2f4f3efe0617694e0d88d65322	85b8dbaf5a7b0abe6681ef70e623d182dbfff360e0f03f47f7ed66e28d132c3d	25.500	205	0.120	0.735
2c8cd04b05ab94347ed7d5ea93018f321f009a2f4f3efe0617694e0d88d65322	3c51fd8ce37aae2bc11be90007fc5e8fea0cb798244ef1d8b10f73b3eef069f4	25.900	202	0.118	0.742
2c8cd04b05ab94347ed7d5ea93018f321f009a2f4f3efe0617694e0d88d65322	758d865388f9fb3767bd99e055023bdbb10a8511eaa54e1b2a2d077116f8f85e	28.500	216	0.126	0.779
2c8cd04b05ab94347ed7d5ea93018f321f009a2f4f3efe0617694e0d88d65322	a426859c2fdaf6ce556797ba9048d775c7853dfeea9e1be2f544a000e9a7c471	28.500	216	0.126	0.775
2c8cd04b05ab94347ed7d5ea93018f321f009a2f4f3efe0617694e0d88d65322	f8fa617d2196c2e2b556c159f13fa36392d2ec75381cdfd61630428855cd1ebc	26.700	217	0.123	0.759
2c8cd04b05ab94347ed7d5ea93018f321f009a2f4f3efe0617694e0d88d65322	b5366aedc0c5463f45d8169155354aff98174536acc94905c952ebde0c831474	28.000	216	0.126	0.775
2c8cd04b05ab94347ed7d5ea93018f321f009a2f4f3efe0617694e0d88d65322	cf21b3a148aa287f48e547ec940578d8eb14976524a93e8790ec07c4af82419c	23.400	284	0.166	0.895
2c8cd04b05ab94347ed7d5ea93018f321f009a2f4f3efe0617694e0d88d65322	57df43953904755f5a350fc97816b43bdaec909640887589f271752710e6cc4b	26.300	211	0.120	0.685
2c8cd04b05ab94347ed7d5ea93018f321f009a2f4f3efe0617694e0d88d65322	31e39ead8b2e7b20cf091e11b90364d6d67005e32f11cba89df79681175cb54b	26.300	211	0.120	0.678
2c8cd04b05ab94347ed7d5ea93018f321f009a2f4f3efe0617694e0d88d65322	77ce10b393d7c42ee0cc93f38875a7ed73f6ed58987c97e0201b8f668e125179	27.600	216	0.126	0.773
2c8cd04b05ab94347ed7d5ea93018f321f009a2f4f3efe0617694e0d88d65322	574136d04122b4f76ba4a35fe14358fc550b21feb1e28cbd5c6d3c75e5453140	27.600	216	0.126	0.751
2c8cd04b05ab94347ed7d5ea93018f321f009a2f4f3efe0617694e0d88d65322	ae227c5db744050b1d4e017463be97ea7221290db0bc24ddfabdec712960f7dc	27.600	216	0.126	0.745
2c8cd04b05ab94347ed7d5ea93018f321f009a2f4f3efe0617694e0d88d65322	4210ad916b05ae2d57914160a5eb05d99281d9eee50fb1b4b161261a25566768	26.700	207	0.115	0.711
2c8cd04b05ab94347ed7d5ea93018f321f009a2f4f3efe0617694e0d88d65322	491838c637e038b138dac34f5b8b71838602a60419529e159fadf49d2e3af3b5	26.900	214	0.125	0.723
2c8cd04b05ab94347ed7d5ea93018f321f009a2f4f3efe0617694e0d88d65322	b5c11c0dca4639290f955618958d3b0b3ddee5d571c0bc843f46eb3ec8f9f64d	26.700	216	0.126	0.768
8fd21aedf37f2b29ff3fbea0e89bbe5abb72ff124390fe753e8c107913a0e5dd	b7d670c5f88a360555c2e9ad6de9831dc5d10877ef61e95d80470010fd7c7a07	100.000	239	0.372	1.000
8fd21aedf37f2b29ff3fbea0e89bbe5abb72ff124390fe753e8c107913a0e5dd	3f570edb80ccdc727bcbb52524b7f657ba4f0810fdcf2fed9057bbe772818844	25.900	329	0.512	0.972
8fd21aedf37f2b29ff3fbea0e89bbe5abb72ff124390fe753e8c107913a0e5dd	9e85c0a14cb5a00373710f3344664a428ad097a17c17fdaa0084cdbe1a210e9f	25.900	329	0.512	0.951
8fd21aedf37f2b29ff3fbea0e89bbe5abb72ff124390fe753e8c107913a0e5dd	f3294beb3b960eed5d452c7976b9e74f90cd9ac5a0f1b974111e1c5e7a039c72	27.000	227	0.353	0.946
8fd21aedf37f2b29ff3fbea0e89bbe5abb72ff124390fe753e8c107913a0e5dd	849e3cb253b7e1bedb6bc53bdfb3ef8a175d41d6b84451fbeb6e5dd0067df974	27.000	227	0.353	0.941
8fd21aedf37f2b29ff3fbea0e89bbe5abb72ff124390fe753e8c107913a0e5dd	b434ce54ad0d019ce103f875572214e0ae46862d1173405ebdf92a6acf326dfa	27.000	227	0.353	0.937
8fd21aedf37f2b29ff3fbea0e89bbe5abb72ff124390fe753e8c107913a0e5dd	82ecce1f8826e0b2138214e711d7ee20f2cfed36aa9044dc4742c28bd04f87ba	25.300	212	0.330	0.602
8fd21aedf37f2b29ff3fbea0e89bbe5abb72ff124390fe753e8c107913a0e5dd	57560aa14a9ea522b82dcd6fbcd9624fcdabad5ef41094c428ace396fdc547b0	28.400	227	0.306	0.721
8fd21aedf37f2b29ff3fbea0e89bbe5abb72ff124390fe753e8c107913a0e5dd	b06092a44757d4ba379bb113f585b2573d11d524cbbf08d3d858e28d82503462	27.200	226	0.306	0.729
8fd21aedf37f2b29ff3fbea0e89bbe5abb72ff124390fe753e8c107913a0e5dd	e07e5cff0d90d5a5b74c830423644eb83c2b9b965a0000e8f6e55242431d91ae	27.200	226	0.306	0.727
ca530340b80f99c2e9a083fdc60f66eefcced0e6dfc0bd5cefb8d5d6453c1162	ca530340b80f99c2e9a083fdc60f66eefcced0e6dfc0bd5cefb8d5d6453c1162	100.000	264	1.000	1.000
ca530340b80f99c2e9a083fdc60f66eefcced0e6dfc0bd5cefb8d5d6453c1162	b983ea12b0aa867090c3f5893708efd29b50018e122b1223b4ba9b809c02fdb9	99.600	264	1.000	1.000
ca530340b80f99c2e9a083fdc60f66eefcced0e6dfc0bd5cefb8d5d6453c1162	2d567fe94d099c5a72668829a1004c5db6f3192c86214be827b2d29cb7136c53	99.600	264	1.000	1.000
ca530340b80f99c2e9a083fdc60f66eefcced0e6dfc0bd5cefb8d5d6453c1162	af2691232112e33fbd10b850bba09771f2c75adbddda4c90f1dab588215388b5	99.600	264	1.000	1.000
ca530340b80f99c2e9a083fdc60f66eefcced0e6dfc0bd5cefb8d5d6453c1162	a9febbfc73c19df3ae01dedb2e93ab2383027eb732b51e0d91437d6a6093f375	100.000	261	0.989	1.000
ca530340b80f99c2e9a083fdc60f66eefcced0e6dfc0bd5cefb8d5d6453c1162	5a289107f80b8295a0ce65c96324c6a2549e7108cdb56106777717d1031c4021	99.200	263	0.996	1.000
ca530340b80f99c2e9a083fdc60f66eefcced0e6dfc0bd5cefb8d5d6453c1162	2fc86ff35a8c697b8ee85c807d274c1f95ea19206971e2da00bc8fa2e959acb1	99.600	261	0.989	1.000
ca530340b80f99c2e9a083fdc60f66eefcced0e6dfc0bd5cefb8d5d6453c1162	8872a5ded9b1f61cb4b520ad4cd27a98f196fa5403ed88a5733110419bb3292c	51.100	311	0.989	0.984
ca530340b80f99c2e9a083fdc60f66eefcced0e6dfc0bd5cefb8d5d6453c1162	593f7ac99503f57731d4c7e0534406cd3961eddda36cf00b4f72945fc075d410	51.600	308	0.985	0.984
ca530340b80f99c2e9a083fdc60f66eefcced0e6dfc0bd5cefb8d5d6453c1162	66f132da1bdf015db0670c07a5362cf38f4df4f56221edf28298f5d067b2659f	51.200	310	0.985	0.984
ca530340b80f99c2e9a083fdc60f66eefcced0e6dfc0bd5cefb8d5d6453c1162	b824e9f90eb64bb46ccf937359856fb735caddc9f20088c1ab6cde462388c547	50.800	311	0.989	0.984
ca530340b80f99c2e9a083fdc60f66eefcced0e6dfc0bd5cefb8d5d6453c1162	bd316b76ea60690395b44be1990b2e07072698ff12aa64398ea6ffca43bd73be	50.800	311	0.989	0.984
ca530340b80f99c2e9a083fdc60f66eefcced0e6dfc0bd5cefb8d5d6453c1162	272afb08c4cd3762527ed2990ea5ee1fd905d9bf5ccd09e22f72f5e6a67b506c	50.800	311	0.989	0.984
ca530340b80f99c2e9a083fdc60f66eefcced0e6dfc0bd5cefb8d5d6453c1162	2aa0c7068306898aa77f77a99a4788453b159fd0e571a4d94d8d099c63e92415	50.800	311	0.989	0.984
ca530340b80f99c2e9a083fdc60f66eefcced0e6dfc0bd5cefb8d5d6453c1162	03e6fc2734b3119a8d1f936d71a05cc3f683cf1f16bcafe653e413af9c460895	50.800	311	0.989	0.984
ca530340b80f99c2e9a083fdc60f66eefcced0e6dfc0bd5cefb8d5d6453c1162	82d34393a9d6ba3ee7bade1fa7787c2e923e336f162247588f3d7b36648019b9	50.800	311	0.989	0.984
ca530340b80f99c2e9a083fdc60f66eefcced0e6dfc0bd5cefb8d5d6453c1162	ec507635484c4bfb8c655b9e94af66df339cbdf2015bd3da59d37fbf526199d1	50.800	311	0.989	0.984
ca530340b80f99c2e9a083fdc60f66eefcced0e6dfc0bd5cefb8d5d6453c1162	bd92431aad095b0cb238d313274677604afe12335e1f706e98334d87dc162ecd	50.800	311	0.989	0.984
ca530340b80f99c2e9a083fdc60f66eefcced0e6dfc0bd5cefb8d5d6453c1162	1d1fb77b15c87ecddadf08ada3ca6be075dc4a62223590a17043fb4db64b6be7	50.800	311	0.989	0.984
ca530340b80f99c2e9a083fdc60f66eefcced0e6dfc0bd5cefb8d5d6453c1162	f07173621fc3c45521a9f4c0f4470dd723c932620e06035c0f1d7b7c4a16e45f	50.400	311	0.989	0.984
075cd160a22e392ad92776143a4af52ed1c6ac1e68ba82bc253ba8dd9daef9c1	846e00ba580b562a06957d8efeba0b0d324ff2e08c745ac5b1d4980651a0808f	98.400	261	0.606	1.000
075cd160a22e392ad92776143a4af52ed1c6ac1e68ba82bc253ba8dd9daef9c1	e0398654ea484843a8994e427e396f777aeb96ab18d05bea01b65970824af21b	97.700	263	0.610	1.000
075cd160a22e392ad92776143a4af52ed1c6ac1e68ba82bc253ba8dd9daef9c1	35870d923c53e9cbcb5becb4690d8743e6758a7f343021ba9217d5cf2a71e84e	97.700	262	0.608	1.000
075cd160a22e392ad92776143a4af52ed1c6ac1e68ba82bc253ba8dd9daef9c1	7d358f3d31345f2db8824491d5f9d6e89b20687bc0d8883fadde8a92b6b902da	98.400	259	0.601	1.000
075cd160a22e392ad92776143a4af52ed1c6ac1e68ba82bc253ba8dd9daef9c1	c14662d259a953b3f4844da1bcd9213b265dd5003322cce47ec46a3cc643b0f2	99.100	248	0.575	1.000
075cd160a22e392ad92776143a4af52ed1c6ac1e68ba82bc253ba8dd9daef9c1	93a01f9f0872e4851bc2dc581e9932fc7217b123057fb98138071ed64aaada3c	99.500	247	0.573	1.000
075cd160a22e392ad92776143a4af52ed1c6ac1e68ba82bc253ba8dd9daef9c1	3283d86d0157519097b051f41d37c0d810225e78f466d05edbc69cc44ac72124	99.500	245	0.568	1.000
075cd160a22e392ad92776143a4af52ed1c6ac1e68ba82bc253ba8dd9daef9c1	0e077c870b9c68ec7174fb20296d23fbe78bb645f12d8e362b74ead9e754603e	99.100	246	0.571	1.000
075cd160a22e392ad92776143a4af52ed1c6ac1e68ba82bc253ba8dd9daef9c1	8bd7b16a1ace5f10722980adb3f2a53edf7ce99566e24c8332d82f9b140ddb4c	99.100	245	0.568	1.000
075cd160a22e392ad92776143a4af52ed1c6ac1e68ba82bc253ba8dd9daef9c1	c0573577e1924b07d33d6461d84ce69a6bc095154da25c32d62c2218a0e63cbb	98.700	246	0.571	1.000
075cd160a22e392ad92776143a4af52ed1c6ac1e68ba82bc253ba8dd9daef9c1	5962f6dcc6ead3e3904b0822300386046564a29f2f5d54767cc8dc385351fa73	99.500	245	0.568	1.000
075cd160a22e392ad92776143a4af52ed1c6ac1e68ba82bc253ba8dd9daef9c1	b7b5102c40806dac3ba33e7cc49d2429ac73b9916dab058a3811f7f2060be462	99.100	245	0.568	1.000
075cd160a22e392ad92776143a4af52ed1c6ac1e68ba82bc253ba8dd9daef9c1	4007b9e0aa7b6b48e7ebb4f4b55fa4d4dcc1fabc66c77dd810e8c1cb8d554bc4	99.100	245	0.568	1.000
075cd160a22e392ad92776143a4af52ed1c6ac1e68ba82bc253ba8dd9daef9c1	1869bdc0fbbe550c9ad8aa5db0f98fd67870c85bfec0c8b761a4c3f54b9d4f51	98.700	245	0.568	1.000
075cd160a22e392ad92776143a4af52ed1c6ac1e68ba82bc253ba8dd9daef9c1	c455c1fd6486e78945cbd732d7e0e25ba6f4b76f10f3785700c30bc817296390	98.700	245	0.568	1.000
075cd160a22e392ad92776143a4af52ed1c6ac1e68ba82bc253ba8dd9daef9c1	1ac3439a6767235086905afaec2f5fbef1cab41352541f2c13be0165687cedc0	45.400	251	0.571	0.996
075cd160a22e392ad92776143a4af52ed1c6ac1e68ba82bc253ba8dd9daef9c1	920e7144690959c54b8595b3e428fb6081ac12b3c4c6cbce8b88040ae9281b26	32.500	246	0.571	0.996
075cd160a22e392ad92776143a4af52ed1c6ac1e68ba82bc253ba8dd9daef9c1	e2352108b1bb4471674cc27b40058771825e913fc1c046fb19255a6351b7b9e4	32.500	246	0.571	0.996
075cd160a22e392ad92776143a4af52ed1c6ac1e68ba82bc253ba8dd9daef9c1	10b0ebd18733b984a91bfcd3e5408d1d6a56585844abe509b6d8be6dd7c4caea	32.100	246	0.571	0.992
075cd160a22e392ad92776143a4af52ed1c6ac1e68ba82bc253ba8dd9daef9c1	687b2f31634f491ee83f98cfc61791bf7bf1e6b5886f5c6ebd7819bcb026628a	29.800	246	0.571	0.991
cc24e8701a5717fd1fa418174adb3b6cbaeae8a76f78b33a995f44c5bb394056	1959ae5adb4a7d1e7ad58239d3f45f722f3332c800dc0a1aa96992cc3e58ac7b	28.500	269	0.194	0.834
cc24e8701a5717fd1fa418174adb3b6cbaeae8a76f78b33a995f44c5bb394056	68d263d272df663782771e2727284513a09392e75322585eda09bf6ddc900f1c	23.800	228	0.164	0.768
cc24e8701a5717fd1fa418174adb3b6cbaeae8a76f78b33a995f44c5bb394056	4210ad916b05ae2d57914160a5eb05d99281d9eee50fb1b4b161261a25566768	23.500	220	0.149	0.756
cc24e8701a5717fd1fa418174adb3b6cbaeae8a76f78b33a995f44c5bb394056	85b8dbaf5a7b0abe6681ef70e623d182dbfff360e0f03f47f7ed66e28d132c3d	24.300	228	0.164	0.799
cc24e8701a5717fd1fa418174adb3b6cbaeae8a76f78b33a995f44c5bb394056	328e638a411108e4961f36b4ea742215b2821b6befbfd1094f81bb1e6f2400d3	24.200	228	0.164	0.767
cc24e8701a5717fd1fa418174adb3b6cbaeae8a76f78b33a995f44c5bb394056	51ef49071b00d7a6a46b4542281759edc65979fecde61d1976cecf1b7788a67f	25.400	228	0.164	0.802
cc24e8701a5717fd1fa418174adb3b6cbaeae8a76f78b33a995f44c5bb394056	3c51fd8ce37aae2bc11be90007fc5e8fea0cb798244ef1d8b10f73b3eef069f4	22.600	257	0.185	0.928
cc24e8701a5717fd1fa418174adb3b6cbaeae8a76f78b33a995f44c5bb394056	504882b6ab04a2922ebab11cf63737368af4bb6d32d71bddd1342ee4b5177e06	22.600	210	0.151	0.506
cc24e8701a5717fd1fa418174adb3b6cbaeae8a76f78b33a995f44c5bb394056	1ba2915bade76ed334209ac2007283753fcac82cd4964238333b80c2d3cb8b78	22.300	251	0.181	0.816
cc24e8701a5717fd1fa418174adb3b6cbaeae8a76f78b33a995f44c5bb394056	7dcadc45b2de1f948d1595ffcdb99a6150477360ba979cd03a7c83e7448de9ef	22.400	251	0.181	0.809
cc24e8701a5717fd1fa418174adb3b6cbaeae8a76f78b33a995f44c5bb394056	a426859c2fdaf6ce556797ba9048d775c7853dfeea9e1be2f544a000e9a7c471	27.800	132	0.095	0.439
cc24e8701a5717fd1fa418174adb3b6cbaeae8a76f78b33a995f44c5bb394056	758d865388f9fb3767bd99e055023bdbb10a8511eaa54e1b2a2d077116f8f85e	27.000	132	0.095	0.445
cc24e8701a5717fd1fa418174adb3b6cbaeae8a76f78b33a995f44c5bb394056	574136d04122b4f76ba4a35fe14358fc550b21feb1e28cbd5c6d3c75e5453140	26.300	132	0.095	0.424
cc24e8701a5717fd1fa418174adb3b6cbaeae8a76f78b33a995f44c5bb394056	ae227c5db744050b1d4e017463be97ea7221290db0bc24ddfabdec712960f7dc	26.300	132	0.095	0.421
cc24e8701a5717fd1fa418174adb3b6cbaeae8a76f78b33a995f44c5bb394056	77ce10b393d7c42ee0cc93f38875a7ed73f6ed58987c97e0201b8f668e125179	26.300	132	0.095	0.435
a678b58d12339d46d1958c3817b4a5eee90c748781287f0e7ed4263cbd4a8f64	12dc03d3157ec9d2590dd85b5b62c33ec8d9df94e41caaf89fed457a9e0ab2cd	33.500	162	0.957	0.959
a678b58d12339d46d1958c3817b4a5eee90c748781287f0e7ed4263cbd4a8f64	45fb57f04674301a0bc6ee8bc63ca10cc38d695c34661feb2be81ad547eb3077	35.700	140	0.810	0.886
a678b58d12339d46d1958c3817b4a5eee90c748781287f0e7ed4263cbd4a8f64	64e2217d2a4d49a85df0b10251aa823ebb07eac443e0eceab163caf99b7c828c	35.700	137	0.791	0.884
6fcd7510546f6916475197b4cc685730be47749ee22261b24813a38c97516602	94bddcf5ae1b6872dfa6a7821303b59b70032e3129bf17d5834ccd46a266d4c7	100.000	114	0.991	1.000
6fcd7510546f6916475197b4cc685730be47749ee22261b24813a38c97516602	09e3a644c974358fb573e12508fc907bc1b9056ef4af895bc4a545a5a40fd7c4	100.000	114	0.991	0.974
6fcd7510546f6916475197b4cc685730be47749ee22261b24813a38c97516602	accf35d204588eb5b9daaf2d86f0eb3ec9691493ad69f45e6d449655d14d2c39	100.000	114	0.991	0.966
6fcd7510546f6916475197b4cc685730be47749ee22261b24813a38c97516602	c8ab24bd436b5d16ee29516180f019520d637a9c46f98dd0b5f37bd88b4de407	89.400	114	0.991	1.000
a756ba3824908f2013383dca4223dc585181e067bfe5ccd3cf8fed3c15d9009c	ed3c580fedbe07f1d81aa2ebb1a755fc76b06867e8f389a9f46a147a5400d64c	99.400	344	0.467	1.000
a756ba3824908f2013383dca4223dc585181e067bfe5ccd3cf8fed3c15d9009c	ae80026332d45a9c8e696faf46ce7c0f7d79a8c00643c7f2daa2a785f192d95d	99.400	338	0.459	1.000
a756ba3824908f2013383dca4223dc585181e067bfe5ccd3cf8fed3c15d9009c	22a77df8197636601edd940fea55669e26721f3941e5268fb001fc1f8da3ff07	99.700	337	0.458	1.000
a756ba3824908f2013383dca4223dc585181e067bfe5ccd3cf8fed3c15d9009c	263b28aecb4425a714739ba9313bba9257ec3a7ee2d767130b1bc4dd1894ee85	96.200	351	0.477	1.000
a756ba3824908f2013383dca4223dc585181e067bfe5ccd3cf8fed3c15d9009c	6bad8cbf5df5ffd7e69d6893c2334d3b2c49ec87b5e88980298db83808070eb7	100.000	334	0.454	0.997
a756ba3824908f2013383dca4223dc585181e067bfe5ccd3cf8fed3c15d9009c	1e57061ce6482514c29782d600cb0d1b90b5b069872d6e55c76691bc7e9cbd68	100.000	331	0.450	1.000
a756ba3824908f2013383dca4223dc585181e067bfe5ccd3cf8fed3c15d9009c	d1dcd484a30efeae79cec7cf90a4d505609ad16b2c7ecc3c47471468c5760257	95.700	349	0.474	1.000
a756ba3824908f2013383dca4223dc585181e067bfe5ccd3cf8fed3c15d9009c	c47f32aa3e9f4d217d7d4b81b8c7ea528a0144aaed01ea7cbd6a3271c4f7c58b	100.000	323	0.439	1.000
a756ba3824908f2013383dca4223dc585181e067bfe5ccd3cf8fed3c15d9009c	4862baf1ed7049ebd2181987971e33f42e0d22c245789328cfb721b4266d0bfa	87.400	334	0.454	1.000
a756ba3824908f2013383dca4223dc585181e067bfe5ccd3cf8fed3c15d9009c	ae06d7f3107e795ecd325ad8f72b179ea7b8f52791dedf97f714d7d0c8dc558a	87.600	332	0.451	0.997
a756ba3824908f2013383dca4223dc585181e067bfe5ccd3cf8fed3c15d9009c	f7fc208cba38b6b66657ecb886e073312124e8401d9f944f23243aa2fbc9da82	87.500	330	0.448	1.000
a756ba3824908f2013383dca4223dc585181e067bfe5ccd3cf8fed3c15d9009c	3e660d8acc6e6fd111a880724781643d47b159e36f1c241519d597ee55dbe4a7	87.500	330	0.448	1.000
a756ba3824908f2013383dca4223dc585181e067bfe5ccd3cf8fed3c15d9009c	7b7cf593a74025dcb1bfb514158fa30f732d5dd55302d2bdb72af4404cf546d1	87.300	332	0.451	0.994
a756ba3824908f2013383dca4223dc585181e067bfe5ccd3cf8fed3c15d9009c	ee3da308060c013c34c41e107cacdb0c2e4cc453a4e39f453b1df0bf07f49ffe	87.300	332	0.451	0.991
a756ba3824908f2013383dca4223dc585181e067bfe5ccd3cf8fed3c15d9009c	619f6de7fdfb90759298a09bba1ceb1e76f85193883573d1239747f3721b498c	87.500	329	0.447	1.000
a756ba3824908f2013383dca4223dc585181e067bfe5ccd3cf8fed3c15d9009c	4d0f747c512645b58530f84f9c9893e3566a32eda2b6b3511fe160f8d905c7c3	87.800	328	0.446	1.000
a756ba3824908f2013383dca4223dc585181e067bfe5ccd3cf8fed3c15d9009c	96e2036a1593523aaeda667e5c2f3d731624de6416946d8af3db74559bac0c9e	87.700	327	0.444	1.000
a756ba3824908f2013383dca4223dc585181e067bfe5ccd3cf8fed3c15d9009c	baaee2dfe16899a59ddc90427fdeed1307edac42cdd56fe3dd6b510edd4c884f	87.700	326	0.443	1.000
a756ba3824908f2013383dca4223dc585181e067bfe5ccd3cf8fed3c15d9009c	6aff7d750dd372dbcb480f8b4e5044f23f34f84fafd0a1e7ce217af28279f372	87.700	326	0.443	1.000
a756ba3824908f2013383dca4223dc585181e067bfe5ccd3cf8fed3c15d9009c	a857a7a60d60eae8228fabe9ae9c577f800965a85764eaba56db5fbd38a0f5d1	87.400	327	0.444	1.000
c497f29417b886ff019812f69b1ed95fa872225c9180283496bec6d9ca65f664	8cfa9b3836dfde436c8a531aa092c35840c6e8966e478130b30e6a1a3919e50d	27.500	275	0.742	0.873
c497f29417b886ff019812f69b1ed95fa872225c9180283496bec6d9ca65f664	cd5d8eaa19bfba958e3500b97e06f0e093d657c02867d4935b3fc8644778ef12	27.300	273	0.742	0.883
c497f29417b886ff019812f69b1ed95fa872225c9180283496bec6d9ca65f664	506e42b23c1416b1d58b4e80ab5e47a25ab8b9731f48e70d395ffd52ed9b930b	27.200	294	0.803	0.990
c497f29417b886ff019812f69b1ed95fa872225c9180283496bec6d9ca65f664	68ec7b19f3f17b23455df7a73b4c3f33cdc948959e74dbb3826be4d99baafdef	26.400	283	0.786	0.996
c497f29417b886ff019812f69b1ed95fa872225c9180283496bec6d9ca65f664	f834ab77e81ed2a3d0c66f0ff386e6a7b5dbce3de56950154a5ca0931464d952	26.400	283	0.786	0.989
c497f29417b886ff019812f69b1ed95fa872225c9180283496bec6d9ca65f664	02536d275857d78976c54cd11ab8f644d2f98cf1e56ebbdac7169bbc376c8b50	26.300	277	0.769	0.982
c497f29417b886ff019812f69b1ed95fa872225c9180283496bec6d9ca65f664	5cb3444876d7734f8eae54e395a0d339e26809df903e72f55b0721188a0a390a	26.200	267	0.742	0.981
c497f29417b886ff019812f69b1ed95fa872225c9180283496bec6d9ca65f664	c37e4d47412e56c5fc8a595627aaf485c676029a8f3c38b5559879b218962a0d	31.200	138	0.381	0.314
c497f29417b886ff019812f69b1ed95fa872225c9180283496bec6d9ca65f664	876db18c23d75b6bdf0fb270aeeb6b6014153c4c6a64ff26ed35a1f645424b43	31.200	138	0.381	0.312
ebf69921d077336c8dd75fabfc6440746e1f6c995c2b549fa0d3ff8cc8d31413	85b8dbaf5a7b0abe6681ef70e623d182dbfff360e0f03f47f7ed66e28d132c3d	23.100	246	0.367	0.932
ebf69921d077336c8dd75fabfc6440746e1f6c995c2b549fa0d3ff8cc8d31413	a426859c2fdaf6ce556797ba9048d775c7853dfeea9e1be2f544a000e9a7c471	25.700	248	0.370	0.931
ebf69921d077336c8dd75fabfc6440746e1f6c995c2b549fa0d3ff8cc8d31413	758d865388f9fb3767bd99e055023bdbb10a8511eaa54e1b2a2d077116f8f85e	26.500	248	0.370	0.935
ebf69921d077336c8dd75fabfc6440746e1f6c995c2b549fa0d3ff8cc8d31413	3c51fd8ce37aae2bc11be90007fc5e8fea0cb798244ef1d8b10f73b3eef069f4	29.600	195	0.291	0.739
ebf69921d077336c8dd75fabfc6440746e1f6c995c2b549fa0d3ff8cc8d31413	b5366aedc0c5463f45d8169155354aff98174536acc94905c952ebde0c831474	25.700	248	0.370	0.934
ebf69921d077336c8dd75fabfc6440746e1f6c995c2b549fa0d3ff8cc8d31413	328e638a411108e4961f36b4ea742215b2821b6befbfd1094f81bb1e6f2400d3	22.600	246	0.367	0.889
ebf69921d077336c8dd75fabfc6440746e1f6c995c2b549fa0d3ff8cc8d31413	491838c637e038b138dac34f5b8b71838602a60419529e159fadf49d2e3af3b5	25.300	248	0.370	0.882
ebf69921d077336c8dd75fabfc6440746e1f6c995c2b549fa0d3ff8cc8d31413	68d263d272df663782771e2727284513a09392e75322585eda09bf6ddc900f1c	22.600	246	0.367	0.889
ebf69921d077336c8dd75fabfc6440746e1f6c995c2b549fa0d3ff8cc8d31413	574136d04122b4f76ba4a35fe14358fc550b21feb1e28cbd5c6d3c75e5453140	25.300	248	0.370	0.903
ebf69921d077336c8dd75fabfc6440746e1f6c995c2b549fa0d3ff8cc8d31413	ae227c5db744050b1d4e017463be97ea7221290db0bc24ddfabdec712960f7dc	25.300	248	0.370	0.897
ebf69921d077336c8dd75fabfc6440746e1f6c995c2b549fa0d3ff8cc8d31413	51ef49071b00d7a6a46b4542281759edc65979fecde61d1976cecf1b7788a67f	22.400	246	0.367	0.933
ebf69921d077336c8dd75fabfc6440746e1f6c995c2b549fa0d3ff8cc8d31413	77ce10b393d7c42ee0cc93f38875a7ed73f6ed58987c97e0201b8f668e125179	25.000	248	0.370	0.931
ebf69921d077336c8dd75fabfc6440746e1f6c995c2b549fa0d3ff8cc8d31413	f80e1775e278cea20cecb990244fc2a7a447c134d61ff83da85fa797e835656c	21.800	278	0.367	0.818
ebf69921d077336c8dd75fabfc6440746e1f6c995c2b549fa0d3ff8cc8d31413	b5c11c0dca4639290f955618958d3b0b3ddee5d571c0bc843f46eb3ec8f9f64d	24.600	248	0.370	0.929
ebf69921d077336c8dd75fabfc6440746e1f6c995c2b549fa0d3ff8cc8d31413	4210ad916b05ae2d57914160a5eb05d99281d9eee50fb1b4b161261a25566768	24.700	215	0.297	0.739
ebf69921d077336c8dd75fabfc6440746e1f6c995c2b549fa0d3ff8cc8d31413	44c347a34540830b3c891da8b1b80b87d9b112189e3eab48527c3a6fc174c606	30.400	140	0.209	0.210
ebf69921d077336c8dd75fabfc6440746e1f6c995c2b549fa0d3ff8cc8d31413	c48df3a3b69a9575bf4a900f3905a1771f2e66e7e479b890fbe23c2ccda5c08f	31.000	140	0.209	0.208
ebf69921d077336c8dd75fabfc6440746e1f6c995c2b549fa0d3ff8cc8d31413	504882b6ab04a2922ebab11cf63737368af4bb6d32d71bddd1342ee4b5177e06	24.200	239	0.353	0.605
ebf69921d077336c8dd75fabfc6440746e1f6c995c2b549fa0d3ff8cc8d31413	cd91e735333f21a908e0478b67b21ad3262be7b20dd173ba170933f9ee35e17c	24.200	240	0.353	0.606
ebf69921d077336c8dd75fabfc6440746e1f6c995c2b549fa0d3ff8cc8d31413	e059cd0b395629825e28e0e9782d4b5659ff334b13a60e6c08c6e7ec61b98481	23.100	214	0.319	0.847
9a7fa3c16640c215ee56fb067330853d5928b50181834259d9e00abb24e9b751	bd0308b0b4f1aa44e275fca9f69fd1edfce2f1ee1f174b5ee6eeecb161973fd7	46.800	378	0.291	0.940
9a7fa3c16640c215ee56fb067330853d5928b50181834259d9e00abb24e9b751	7a94c5db2ffe752532da30117068f2460937273890a5a9f5c19e0277343acd23	47.700	354	0.291	0.941
9a7fa3c16640c215ee56fb067330853d5928b50181834259d9e00abb24e9b751	42f5db5397e909fa50ae3daed53f71a4dabd344b432e20d315990eadeca22edf	47.700	354	0.291	0.942
9a7fa3c16640c215ee56fb067330853d5928b50181834259d9e00abb24e9b751	b90294cd90c2ef20600466714f47801afb78b17f21ac77272b7000440c3d7505	47.500	354	0.291	0.941
9a7fa3c16640c215ee56fb067330853d5928b50181834259d9e00abb24e9b751	2cf50ab220a23fdf34249ada65016ca1132a80bdb63260f55b87cc2b2198d355	47.500	354	0.291	0.942
9a7fa3c16640c215ee56fb067330853d5928b50181834259d9e00abb24e9b751	144be86068ab9e36e348d9f4b6e654a433c396efe75cc944a5d7243356c2bf44	45.500	367	0.291	0.939
9a7fa3c16640c215ee56fb067330853d5928b50181834259d9e00abb24e9b751	10a168b5a6c86333dfd0e5fe7bb7de5b4e83ea16ee80ccf15459ff15ae6b2216	36.900	284	0.234	0.749
9a7fa3c16640c215ee56fb067330853d5928b50181834259d9e00abb24e9b751	6a8559a03a0e5c50d82ddd86e4681d0cb6dccdd97693fda93c29d756591c83d4	36.900	284	0.234	0.747
9a7fa3c16640c215ee56fb067330853d5928b50181834259d9e00abb24e9b751	3761b53f1ee9bc7182c26ebd4d4fbca2804c69aed08a4f75f0f6373e017a30f6	36.900	284	0.234	0.747
9a7fa3c16640c215ee56fb067330853d5928b50181834259d9e00abb24e9b751	d493d580d6c35b925f1df1f2c4cea0f652893fbc8c5cabb453715ebc2e939a7b	36.900	284	0.234	0.733
9a7fa3c16640c215ee56fb067330853d5928b50181834259d9e00abb24e9b751	c591cc4bd2c565cd7621edc24cd95e488a38068002f017febed353c17397eb99	27.800	298	0.245	0.799
9a7fa3c16640c215ee56fb067330853d5928b50181834259d9e00abb24e9b751	e2b3c5b9fbb5fc6726a848a069a1bd1ace3559cc2b23049b5afb28da66e1ecf2	27.700	299	0.246	0.804
9a7fa3c16640c215ee56fb067330853d5928b50181834259d9e00abb24e9b751	de94092eca57c6cc35062170c9a8415805788f220aaa0f98d3ca8065f9627dbc	27.300	299	0.246	0.798
9a7fa3c16640c215ee56fb067330853d5928b50181834259d9e00abb24e9b751	5810d6056798a6f1dad62d60a81d232d7abeafe23181f00967b2ba9418cb1d3b	27.300	299	0.246	0.798
9a7fa3c16640c215ee56fb067330853d5928b50181834259d9e00abb24e9b751	147b48cb47d84a2d4a4a4aa895f53fa10ac18ec6340143c7fa78015a5c1b44ec	27.300	299	0.246	0.798
9a7fa3c16640c215ee56fb067330853d5928b50181834259d9e00abb24e9b751	71f56cf04394323cf4a77c6f4af0314f51e54cadb3c953419f5c37de935a5c5a	27.300	299	0.246	0.798
9a7fa3c16640c215ee56fb067330853d5928b50181834259d9e00abb24e9b751	54ba81f5274f2a91a83e84e107fed2aa53fd2f2e250f40f5f9633e4e94e290ae	27.300	299	0.246	0.806
9a7fa3c16640c215ee56fb067330853d5928b50181834259d9e00abb24e9b751	a398b1e4e2333dd90591befc4b4b377b3e9c30e5a9672c4c892adc87ff428510	27.300	299	0.246	0.801
9a7fa3c16640c215ee56fb067330853d5928b50181834259d9e00abb24e9b751	c2d9ce9433ecd156761131f7ca6d8ec2956e2f6ed82117a31aac7963ec1d7871	27.300	299	0.246	0.794
9a7fa3c16640c215ee56fb067330853d5928b50181834259d9e00abb24e9b751	703a90828e33150af043e15088bc0f82d80e4f56aa71d863f7e9d3174a382d22	26.600	299	0.246	0.796
8872a5ded9b1f61cb4b520ad4cd27a98f196fa5403ed88a5733110419bb3292c	8872a5ded9b1f61cb4b520ad4cd27a98f196fa5403ed88a5733110419bb3292c	100.000	316	1.000	1.000
8872a5ded9b1f61cb4b520ad4cd27a98f196fa5403ed88a5733110419bb3292c	b824e9f90eb64bb46ccf937359856fb735caddc9f20088c1ab6cde462388c547	99.600	316	1.000	1.000
8872a5ded9b1f61cb4b520ad4cd27a98f196fa5403ed88a5733110419bb3292c	66f132da1bdf015db0670c07a5362cf38f4df4f56221edf28298f5d067b2659f	100.000	315	0.997	1.000
8872a5ded9b1f61cb4b520ad4cd27a98f196fa5403ed88a5733110419bb3292c	2aa0c7068306898aa77f77a99a4788453b159fd0e571a4d94d8d099c63e92415	99.600	316	1.000	1.000
8872a5ded9b1f61cb4b520ad4cd27a98f196fa5403ed88a5733110419bb3292c	41167d514e31534d70155c99501bd0e275da6a4d2f9730d8c079eb4fc39d4935	99.600	316	1.000	1.000
8872a5ded9b1f61cb4b520ad4cd27a98f196fa5403ed88a5733110419bb3292c	770f8a120a0af8f4330df108803754b30c111776e712130f9fed65e3270ac41e	99.600	316	1.000	1.000
8872a5ded9b1f61cb4b520ad4cd27a98f196fa5403ed88a5733110419bb3292c	03e6fc2734b3119a8d1f936d71a05cc3f683cf1f16bcafe653e413af9c460895	99.600	316	1.000	1.000
8872a5ded9b1f61cb4b520ad4cd27a98f196fa5403ed88a5733110419bb3292c	82d34393a9d6ba3ee7bade1fa7787c2e923e336f162247588f3d7b36648019b9	99.600	316	1.000	1.000
8872a5ded9b1f61cb4b520ad4cd27a98f196fa5403ed88a5733110419bb3292c	ec507635484c4bfb8c655b9e94af66df339cbdf2015bd3da59d37fbf526199d1	99.600	316	1.000	1.000
8872a5ded9b1f61cb4b520ad4cd27a98f196fa5403ed88a5733110419bb3292c	0a8be9c313c6bd5827cb30b01bb5a3d5fdbcd4dcdd2f952ef96970ae0223fefb	99.600	316	1.000	1.000
8872a5ded9b1f61cb4b520ad4cd27a98f196fa5403ed88a5733110419bb3292c	d90c974d09b2140b7d9424191e8d2f01157fda65de8b9e2828879e2c7c92691e	99.600	316	1.000	1.000
8872a5ded9b1f61cb4b520ad4cd27a98f196fa5403ed88a5733110419bb3292c	bd92431aad095b0cb238d313274677604afe12335e1f706e98334d87dc162ecd	99.600	316	1.000	1.000
8872a5ded9b1f61cb4b520ad4cd27a98f196fa5403ed88a5733110419bb3292c	1d1fb77b15c87ecddadf08ada3ca6be075dc4a62223590a17043fb4db64b6be7	99.600	316	1.000	1.000
8872a5ded9b1f61cb4b520ad4cd27a98f196fa5403ed88a5733110419bb3292c	1acbaeb5c0f36d572942bea31c87ae04220db76a3d2045f148866b8c6be1c5cc	99.600	316	1.000	1.000
8872a5ded9b1f61cb4b520ad4cd27a98f196fa5403ed88a5733110419bb3292c	03510daa36d64719fa8452ac5dc5384bc4c82687263966b02e18db361204ef53	99.600	316	1.000	1.000
8872a5ded9b1f61cb4b520ad4cd27a98f196fa5403ed88a5733110419bb3292c	c0bb0c3ba66500f2202d29420f367deb0442dc704eb84dc71ed77b195abd5e25	99.600	316	1.000	1.000
8872a5ded9b1f61cb4b520ad4cd27a98f196fa5403ed88a5733110419bb3292c	bd316b76ea60690395b44be1990b2e07072698ff12aa64398ea6ffca43bd73be	99.300	316	1.000	1.000
8872a5ded9b1f61cb4b520ad4cd27a98f196fa5403ed88a5733110419bb3292c	272afb08c4cd3762527ed2990ea5ee1fd905d9bf5ccd09e22f72f5e6a67b506c	99.300	316	1.000	1.000
8872a5ded9b1f61cb4b520ad4cd27a98f196fa5403ed88a5733110419bb3292c	34b6eedb6ce65c13bce49dadb25e1e0bf3a07b51d02480ec9242d9955391ef40	99.300	316	1.000	1.000
8872a5ded9b1f61cb4b520ad4cd27a98f196fa5403ed88a5733110419bb3292c	f07173621fc3c45521a9f4c0f4470dd723c932620e06035c0f1d7b7c4a16e45f	99.300	316	1.000	1.000
5f83c7ecb5c2eb7ffdf8d83f1de9543d8039381909ba6a87fdca0898eb47e260	6a2aa102b0db6227e4b7a7a29f3312b5a0eab520b1c463a92d03f571b8fe8934	68.600	169	0.290	0.994
5f83c7ecb5c2eb7ffdf8d83f1de9543d8039381909ba6a87fdca0898eb47e260	582ea3a0128e79471bf6aaec273d1ba967b4849737e85620a1b532f85bfac763	37.500	391	0.672	0.978
5f83c7ecb5c2eb7ffdf8d83f1de9543d8039381909ba6a87fdca0898eb47e260	39a4f53e3f1072b580bd9e5fb017d7acfb64837a81953ff5718cb2b034c6ed5c	49.700	169	0.290	1.000
5f83c7ecb5c2eb7ffdf8d83f1de9543d8039381909ba6a87fdca0898eb47e260	501a00e178c2fd997b0ef494b81fc42e6077f97e14d2eefc41a92358cbd1e943	49.700	169	0.290	0.994
5f83c7ecb5c2eb7ffdf8d83f1de9543d8039381909ba6a87fdca0898eb47e260	3e7d99e6afc00a0e31df41a75516463e8760c296bba7a7d97319882b9ee6f066	49.700	169	0.290	0.994
5f83c7ecb5c2eb7ffdf8d83f1de9543d8039381909ba6a87fdca0898eb47e260	b65bcbc9c255ab2969ec22d6fbe7dd8741ef6a1d63e9a44e11acc18ec53ad6bd	49.700	169	0.290	0.952
5f83c7ecb5c2eb7ffdf8d83f1de9543d8039381909ba6a87fdca0898eb47e260	9edab7e8f1d12f8ddca0641f2296fc8d59d6e03a409e7ac6711105cae682030d	49.400	168	0.289	0.969
5f83c7ecb5c2eb7ffdf8d83f1de9543d8039381909ba6a87fdca0898eb47e260	e0dfcc36c18d657afd338d85dee4e450e2a7838f3d6c4f7f9930ec638b21f30f	49.400	168	0.289	0.957
5f83c7ecb5c2eb7ffdf8d83f1de9543d8039381909ba6a87fdca0898eb47e260	403bc22a4bac297dd6dce68a8058dc59e85e240f68e408cde6f272a1c191614a	49.400	168	0.289	0.952
5f83c7ecb5c2eb7ffdf8d83f1de9543d8039381909ba6a87fdca0898eb47e260	5e387ad71fce08b5c952ffb29b48e4ba78be867070307001479762822742e7ae	49.400	168	0.289	0.946
5f83c7ecb5c2eb7ffdf8d83f1de9543d8039381909ba6a87fdca0898eb47e260	a8612434fd06c47a1118ad26d9c186537349de72070bb030cf0aacbb4acfde86	49.400	168	0.289	0.946
5f83c7ecb5c2eb7ffdf8d83f1de9543d8039381909ba6a87fdca0898eb47e260	673cfc0564fdd7527db27b7aecf6d8c3f44ca2fdeb78349d4182f50b66f18dcf	49.400	168	0.289	0.940
5f83c7ecb5c2eb7ffdf8d83f1de9543d8039381909ba6a87fdca0898eb47e260	094989876d910a95d89d30af8dfd09b5c43ffd7c48ff1347580aa6baa7228a65	49.400	168	0.289	0.935
5f83c7ecb5c2eb7ffdf8d83f1de9543d8039381909ba6a87fdca0898eb47e260	68815ee1ac47f135e3920e0ab6925070e03c605b85ca555fc52a8c876354cb95	49.400	168	0.289	0.929
5f83c7ecb5c2eb7ffdf8d83f1de9543d8039381909ba6a87fdca0898eb47e260	92034980653530c531ad9b7a649184d9a3044c2a77248000a25ed4bf97aaede4	48.800	168	0.289	0.981
5f83c7ecb5c2eb7ffdf8d83f1de9543d8039381909ba6a87fdca0898eb47e260	cf63c0ea1e76d17f421cb98aa15f209d37968edbda57545ca5d0f3fd41454ba6	49.100	169	0.290	1.000
5f83c7ecb5c2eb7ffdf8d83f1de9543d8039381909ba6a87fdca0898eb47e260	c476b7495b21c2c770257dce125afd5d7cc83bd899a7323341c20b9f3985a652	49.100	169	0.290	0.994
5f83c7ecb5c2eb7ffdf8d83f1de9543d8039381909ba6a87fdca0898eb47e260	e4858d55b4c4caaed1e402fbc650587ffd80ba1ce084771be09a12c7eb079771	47.300	169	0.290	1.000
5f83c7ecb5c2eb7ffdf8d83f1de9543d8039381909ba6a87fdca0898eb47e260	90e68b3eba0595ad10020950a134d49c6cf6f3e80b6e3858d143d2bd77ebb2c6	46.700	167	0.287	0.981
5f83c7ecb5c2eb7ffdf8d83f1de9543d8039381909ba6a87fdca0898eb47e260	eb4b53421d3e02ba80618b3d9224a1a432c46e3d581e7713ff0e7173e4f76fb6	46.700	167	0.287	0.945
1a9d5667abcfbe96d50f29121e815eef32ae5fbfb3de52728d9a2de30d764b20	048ad97cd2d1c311bb12a0362d8851a49fc7876ed77b73345b9152256379a5dd	100.000	272	0.539	1.000
1a9d5667abcfbe96d50f29121e815eef32ae5fbfb3de52728d9a2de30d764b20	554fd07bb75f17ff2e80873dbf9b69188969b34cffef5f22982c0142726629aa	100.000	271	0.537	1.000
1a9d5667abcfbe96d50f29121e815eef32ae5fbfb3de52728d9a2de30d764b20	ab8581149ffee188be24e02d30ab3f189af811e03805cbc834627eddd0931210	100.000	270	0.535	1.000
1a9d5667abcfbe96d50f29121e815eef32ae5fbfb3de52728d9a2de30d764b20	acfa6822dead93d19703f65f006397458e3b546b4d6e11a61567e6c542c0d381	96.200	270	0.535	1.000
1a9d5667abcfbe96d50f29121e815eef32ae5fbfb3de52728d9a2de30d764b20	24f6bb09b7d2a4cf5e86fcd0cba6acb46f55c010607af93cc63c5229aa2b1f2d	95.900	270	0.535	1.000
1a9d5667abcfbe96d50f29121e815eef32ae5fbfb3de52728d9a2de30d764b20	ea7d3d406bf76ca621b302eb269b70c736a88eeba36ee9d138fe7df4528ead9f	95.500	270	0.535	1.000
1a9d5667abcfbe96d50f29121e815eef32ae5fbfb3de52728d9a2de30d764b20	33e7840d0bec0bbd34a85a2a0895e51c09c56a119b56d0264c0331cf1bcc691f	96.200	267	0.529	1.000
1a9d5667abcfbe96d50f29121e815eef32ae5fbfb3de52728d9a2de30d764b20	68a0ea4bb886cc7894c2e006d18d4d4175d74df7a9af99feb9a3586330ff77b8	94.800	270	0.535	1.000
1a9d5667abcfbe96d50f29121e815eef32ae5fbfb3de52728d9a2de30d764b20	9ccd0dfc0507e311c3cdcacc012e989dca62ec3917289decb4430044cf776dee	95.500	268	0.531	1.000
1a9d5667abcfbe96d50f29121e815eef32ae5fbfb3de52728d9a2de30d764b20	eed478e0334e863e0ca50e678f0d707d9a859b232280b85c3a09e1e635be1561	95.800	268	0.531	1.000
1a9d5667abcfbe96d50f29121e815eef32ae5fbfb3de52728d9a2de30d764b20	b224b6d35172ed3d4e7b8b34ee707206650cb182132e36dc9936b4d3d2246494	94.700	269	0.533	1.000
1a9d5667abcfbe96d50f29121e815eef32ae5fbfb3de52728d9a2de30d764b20	767d76094e45b859324ce1ea8e21f6f56812b82e3775e8e5865e832aba200f23	95.100	268	0.531	1.000
1a9d5667abcfbe96d50f29121e815eef32ae5fbfb3de52728d9a2de30d764b20	28b7c85783230101f6b567382e9177858e357b4da21d1b172a7a368d30011134	92.900	271	0.537	0.996
1a9d5667abcfbe96d50f29121e815eef32ae5fbfb3de52728d9a2de30d764b20	a3059684293e8937d0113288974e215d7148b8359cdf82891980dd070bd532e5	93.600	269	0.533	1.000
1a9d5667abcfbe96d50f29121e815eef32ae5fbfb3de52728d9a2de30d764b20	6edc8fc9cd4b2534e37974d0a63b4a96e09c4ba0d0be3e89793b0a85716de239	94.000	267	0.529	1.000
1a9d5667abcfbe96d50f29121e815eef32ae5fbfb3de52728d9a2de30d764b20	f0d17527bf96fef9a16655c662b1d95dfe6cda354ba4b5c52ef5a874e8c77789	92.500	268	0.531	1.000
1a9d5667abcfbe96d50f29121e815eef32ae5fbfb3de52728d9a2de30d764b20	a44d7776b8820745aa5779bd90920315ef6397cb1a9e1e6998b7392f4ebaf5b4	90.700	271	0.537	1.000
1a9d5667abcfbe96d50f29121e815eef32ae5fbfb3de52728d9a2de30d764b20	8b5818873cf2253373ab11ea2a6f8f93d4973e5880461cd9fc1a139ccb8dba14	89.300	273	0.541	1.000
1a9d5667abcfbe96d50f29121e815eef32ae5fbfb3de52728d9a2de30d764b20	be516de60cd3492167d58dfb157eb755d6bc41340fdaea3b9bc573dbd9908efc	91.000	269	0.533	1.000
1a9d5667abcfbe96d50f29121e815eef32ae5fbfb3de52728d9a2de30d764b20	da20b29506b2f13a569cd57640dc6cd04ae8978dd59f2e885d906fef242e5c2e	89.800	265	0.525	1.000
32d61aba7a823674fd552153a3ed08e864258b7720546b2ca65e7e29f6cc0a13	506e42b23c1416b1d58b4e80ab5e47a25ab8b9731f48e70d395ffd52ed9b930b	32.100	376	0.891	0.953
32d61aba7a823674fd552153a3ed08e864258b7720546b2ca65e7e29f6cc0a13	02536d275857d78976c54cd11ab8f644d2f98cf1e56ebbdac7169bbc376c8b50	31.000	376	0.891	0.985
32d61aba7a823674fd552153a3ed08e864258b7720546b2ca65e7e29f6cc0a13	68ec7b19f3f17b23455df7a73b4c3f33cdc948959e74dbb3826be4d99baafdef	31.000	376	0.891	0.978
32d61aba7a823674fd552153a3ed08e864258b7720546b2ca65e7e29f6cc0a13	f834ab77e81ed2a3d0c66f0ff386e6a7b5dbce3de56950154a5ca0931464d952	31.000	376	0.891	0.971
32d61aba7a823674fd552153a3ed08e864258b7720546b2ca65e7e29f6cc0a13	c37e4d47412e56c5fc8a595627aaf485c676029a8f3c38b5559879b218962a0d	28.800	435	0.908	0.991
32d61aba7a823674fd552153a3ed08e864258b7720546b2ca65e7e29f6cc0a13	876db18c23d75b6bdf0fb270aeeb6b6014153c4c6a64ff26ed35a1f645424b43	28.800	435	0.908	0.984
32d61aba7a823674fd552153a3ed08e864258b7720546b2ca65e7e29f6cc0a13	5cb3444876d7734f8eae54e395a0d339e26809df903e72f55b0721188a0a390a	30.900	361	0.855	0.966
32d61aba7a823674fd552153a3ed08e864258b7720546b2ca65e7e29f6cc0a13	cd5d8eaa19bfba958e3500b97e06f0e093d657c02867d4935b3fc8644778ef12	28.300	373	0.884	0.909
32d61aba7a823674fd552153a3ed08e864258b7720546b2ca65e7e29f6cc0a13	8cfa9b3836dfde436c8a531aa092c35840c6e8966e478130b30e6a1a3919e50d	28.300	373	0.884	0.898
32d61aba7a823674fd552153a3ed08e864258b7720546b2ca65e7e29f6cc0a13	9c0c24637836a29a4baaccdd66496da7cdefaa5cce2ee6cf58bacc9d6735e418	24.500	184	0.408	0.564
f76d4444f84e1144c3d580f7f6c2ccb02d021a741c16a909ae2a9e2bc90b32f3	f67440d144eccf45ba283ad06b97d82d895bc1791d687baf2e8228463e340c3d	27.700	305	0.729	0.869
f76d4444f84e1144c3d580f7f6c2ccb02d021a741c16a909ae2a9e2bc90b32f3	328e638a411108e4961f36b4ea742215b2821b6befbfd1094f81bb1e6f2400d3	24.800	234	0.598	0.800
f76d4444f84e1144c3d580f7f6c2ccb02d021a741c16a909ae2a9e2bc90b32f3	51ef49071b00d7a6a46b4542281759edc65979fecde61d1976cecf1b7788a67f	26.300	234	0.598	0.838
f76d4444f84e1144c3d580f7f6c2ccb02d021a741c16a909ae2a9e2bc90b32f3	68d263d272df663782771e2727284513a09392e75322585eda09bf6ddc900f1c	27.000	234	0.598	0.801
f76d4444f84e1144c3d580f7f6c2ccb02d021a741c16a909ae2a9e2bc90b32f3	77ce10b393d7c42ee0cc93f38875a7ed73f6ed58987c97e0201b8f668e125179	27.500	196	0.501	0.738
f76d4444f84e1144c3d580f7f6c2ccb02d021a741c16a909ae2a9e2bc90b32f3	491838c637e038b138dac34f5b8b71838602a60419529e159fadf49d2e3af3b5	27.000	196	0.501	0.697
f76d4444f84e1144c3d580f7f6c2ccb02d021a741c16a909ae2a9e2bc90b32f3	758d865388f9fb3767bd99e055023bdbb10a8511eaa54e1b2a2d077116f8f85e	27.500	196	0.501	0.745
f76d4444f84e1144c3d580f7f6c2ccb02d021a741c16a909ae2a9e2bc90b32f3	574136d04122b4f76ba4a35fe14358fc550b21feb1e28cbd5c6d3c75e5453140	27.000	196	0.501	0.717
f76d4444f84e1144c3d580f7f6c2ccb02d021a741c16a909ae2a9e2bc90b32f3	ae227c5db744050b1d4e017463be97ea7221290db0bc24ddfabdec712960f7dc	27.000	196	0.501	0.712
f76d4444f84e1144c3d580f7f6c2ccb02d021a741c16a909ae2a9e2bc90b32f3	a426859c2fdaf6ce556797ba9048d775c7853dfeea9e1be2f544a000e9a7c471	27.000	196	0.501	0.740
f76d4444f84e1144c3d580f7f6c2ccb02d021a741c16a909ae2a9e2bc90b32f3	85b8dbaf5a7b0abe6681ef70e623d182dbfff360e0f03f47f7ed66e28d132c3d	24.500	234	0.598	0.835
f76d4444f84e1144c3d580f7f6c2ccb02d021a741c16a909ae2a9e2bc90b32f3	b5366aedc0c5463f45d8169155354aff98174536acc94905c952ebde0c831474	27.100	196	0.501	0.740
f76d4444f84e1144c3d580f7f6c2ccb02d021a741c16a909ae2a9e2bc90b32f3	b5c11c0dca4639290f955618958d3b0b3ddee5d571c0bc843f46eb3ec8f9f64d	27.000	196	0.501	0.732
f76d4444f84e1144c3d580f7f6c2ccb02d021a741c16a909ae2a9e2bc90b32f3	c48df3a3b69a9575bf4a900f3905a1771f2e66e7e479b890fbe23c2ccda5c08f	28.900	177	0.453	0.257
f76d4444f84e1144c3d580f7f6c2ccb02d021a741c16a909ae2a9e2bc90b32f3	44c347a34540830b3c891da8b1b80b87d9b112189e3eab48527c3a6fc174c606	29.500	177	0.453	0.259
f76d4444f84e1144c3d580f7f6c2ccb02d021a741c16a909ae2a9e2bc90b32f3	f8fa617d2196c2e2b556c159f13fa36392d2ec75381cdfd61630428855cd1ebc	24.600	224	0.529	0.783
f76d4444f84e1144c3d580f7f6c2ccb02d021a741c16a909ae2a9e2bc90b32f3	4210ad916b05ae2d57914160a5eb05d99281d9eee50fb1b4b161261a25566768	24.300	226	0.529	0.777
f76d4444f84e1144c3d580f7f6c2ccb02d021a741c16a909ae2a9e2bc90b32f3	cf21b3a148aa287f48e547ec940578d8eb14976524a93e8790ec07c4af82419c	32.300	103	0.235	0.339
f76d4444f84e1144c3d580f7f6c2ccb02d021a741c16a909ae2a9e2bc90b32f3	57df43953904755f5a350fc97816b43bdaec909640887589f271752710e6cc4b	32.300	103	0.235	0.334
f76d4444f84e1144c3d580f7f6c2ccb02d021a741c16a909ae2a9e2bc90b32f3	31e39ead8b2e7b20cf091e11b90364d6d67005e32f11cba89df79681175cb54b	32.300	103	0.235	0.331
6eed15b399dc347d3be55fcda1923bf907ba4860d358d5de87177b659f7ece29	7933b1f14c15eaf02d7380194e89894e342895cbb65aa13d9f7f9172072c23f6	96.900	99	1.000	1.000
6eed15b399dc347d3be55fcda1923bf907ba4860d358d5de87177b659f7ece29	de8b3cd28e12a6df8c6ab127ef348468de5a773e5411e89e3aef92634db7d116	96.900	99	1.000	0.488
6eed15b399dc347d3be55fcda1923bf907ba4860d358d5de87177b659f7ece29	a2670e4db15636c7202f6a5f2f39c3edf2db6fdd19ee18787265f564073917dd	95.900	99	1.000	1.000
6eed15b399dc347d3be55fcda1923bf907ba4860d358d5de87177b659f7ece29	d4bafa6690b2f77533a7ccad6b1331804b854d786946be9569e5e1f10ea04723	95.900	99	1.000	1.000
6eed15b399dc347d3be55fcda1923bf907ba4860d358d5de87177b659f7ece29	0aa603626e64145f0b0dcae457353191999b9fe3947a48f35661c780d9131338	94.900	99	1.000	1.000
6eed15b399dc347d3be55fcda1923bf907ba4860d358d5de87177b659f7ece29	2127de0e4f430e1dfc4b12469945237a7274e2b21f239b0e2896d56cd5f462c7	95.900	99	1.000	1.000
6eed15b399dc347d3be55fcda1923bf907ba4860d358d5de87177b659f7ece29	9883359b623009577bfa067354ace9ab92f797140fcd479348741d0723268cd7	93.900	99	1.000	1.000
6eed15b399dc347d3be55fcda1923bf907ba4860d358d5de87177b659f7ece29	f9bed90665ac0c980332b109662d7c6ab47ac83f76a80e19760f966b058352da	94.900	99	1.000	1.000
6eed15b399dc347d3be55fcda1923bf907ba4860d358d5de87177b659f7ece29	41e3cda64c349fb7d05454257e8ca50eb953160416f3d0ac32c249f5b1a47637	95.900	99	1.000	1.000
6eed15b399dc347d3be55fcda1923bf907ba4860d358d5de87177b659f7ece29	594b2b9bd41148202bb0929aa9396af0713a9e5c763f6b4a9ef1936929511daa	95.900	99	1.000	1.000
6eed15b399dc347d3be55fcda1923bf907ba4860d358d5de87177b659f7ece29	7039ddf5b8f790c55199c0f490f5bbd7694f0616b3e724997a69ab54339ba258	95.900	99	1.000	1.000
6eed15b399dc347d3be55fcda1923bf907ba4860d358d5de87177b659f7ece29	d16b02a09c76b2c3c2c1a350828397794b4faa0bd6dc2b325159168683b0233f	94.900	99	1.000	1.000
6eed15b399dc347d3be55fcda1923bf907ba4860d358d5de87177b659f7ece29	fb638f54015c4a4bb9c2fbfb41cb0ad27acac6500db1235a226a476eb033aef0	94.900	99	1.000	1.000
6eed15b399dc347d3be55fcda1923bf907ba4860d358d5de87177b659f7ece29	73350ebebcf8dce0ebb913b09b1e619cc2fcfdbad022c2f7c7becec0a653bf6f	94.900	99	1.000	1.000
6eed15b399dc347d3be55fcda1923bf907ba4860d358d5de87177b659f7ece29	c75f2c5564254c3674d16f66a4c7c046e89a85c1185bb81844002e79758c62d4	94.900	99	1.000	1.000
6eed15b399dc347d3be55fcda1923bf907ba4860d358d5de87177b659f7ece29	3adf554e447d62ea1c4ac92183e3c5c56433f493178a30c3f109a4bb5ee50248	94.900	99	1.000	1.000
6eed15b399dc347d3be55fcda1923bf907ba4860d358d5de87177b659f7ece29	83ce122118b4e32ea8c42f5a964c5e994f1cdda8b183961bcba1bb8fae947b37	93.900	99	1.000	1.000
6eed15b399dc347d3be55fcda1923bf907ba4860d358d5de87177b659f7ece29	a97dfad666eb9b4304234768aa4c982d6b02ab7a1365b4883854952156dedf66	95.900	99	1.000	1.000
6eed15b399dc347d3be55fcda1923bf907ba4860d358d5de87177b659f7ece29	27160794cabc22ba884bb322ea745440e8beafc24777161fa20a84a3bd305908	94.900	99	1.000	1.000
6eed15b399dc347d3be55fcda1923bf907ba4860d358d5de87177b659f7ece29	378009bf53b4bd8a99469c79e091b2eb064a00cb20768afa7927ec74784c32aa	95.900	99	1.000	1.000
f85202b5d75177e17ae2f6ce9634dd0f5a12ba04f3d22ab75c2febd126f075bf	fe797ff12714311e0f04d0343b0142d09a72542942d6867cb18581ed6400959d	100.000	271	0.615	1.000
f85202b5d75177e17ae2f6ce9634dd0f5a12ba04f3d22ab75c2febd126f075bf	99aee09f3549636138eb976ff5efe21eec3b98813adf62ccd4be45f2a039e24e	100.000	270	0.612	1.000
f85202b5d75177e17ae2f6ce9634dd0f5a12ba04f3d22ab75c2febd126f075bf	75c4253ae3d363ab0501e45facc51920977d6d27f7b7ece0b820f2f775782fa7	96.600	271	0.615	1.000
f85202b5d75177e17ae2f6ce9634dd0f5a12ba04f3d22ab75c2febd126f075bf	1f7c6283242aca4361e24fa38eb09007f980492d75824284e98ce5e618195a83	96.600	270	0.612	0.996
f85202b5d75177e17ae2f6ce9634dd0f5a12ba04f3d22ab75c2febd126f075bf	d02254f0cae2cb9bff714be1b1e7c992f397c7fa8b62cc1eb325b9fd3f344b16	96.600	269	0.610	1.000
f85202b5d75177e17ae2f6ce9634dd0f5a12ba04f3d22ab75c2febd126f075bf	42a9f01bf0ef5fe62b5b5772563a9637e2c014bcd57ae569e3e29c4a9d400f0c	97.300	266	0.603	1.000
f85202b5d75177e17ae2f6ce9634dd0f5a12ba04f3d22ab75c2febd126f075bf	cd6f61c345e71bdbf931d606d80676bdccb43f5c254faf2407c456b1c4f3c58b	96.200	270	0.612	1.000
f85202b5d75177e17ae2f6ce9634dd0f5a12ba04f3d22ab75c2febd126f075bf	a3617f91551cc802ca0d9762214ce0edb9a8618f88cbad351eb26a80ff24bcb8	95.900	270	0.612	0.996
f85202b5d75177e17ae2f6ce9634dd0f5a12ba04f3d22ab75c2febd126f075bf	f6bd32079e6536ccebb9d264e17ec64833fa823760c5fb4f5084db2bb66357fa	96.200	268	0.608	1.000
f85202b5d75177e17ae2f6ce9634dd0f5a12ba04f3d22ab75c2febd126f075bf	6489b51824b71eb0820a63ad0cadcb8098f6c9d710ae261a6c49099c235d9a30	95.100	266	0.603	1.000
f85202b5d75177e17ae2f6ce9634dd0f5a12ba04f3d22ab75c2febd126f075bf	0316a096efdc4f7083697da086d3dbd2470e0b1029d6768bbaa2368ef24007bb	94.400	268	0.608	1.000
f85202b5d75177e17ae2f6ce9634dd0f5a12ba04f3d22ab75c2febd126f075bf	97b6a6b9736fa87689d5a5e9e8414bd1fb440cb8d6f6a2ee9970a46accc71ddd	95.000	264	0.599	1.000
f85202b5d75177e17ae2f6ce9634dd0f5a12ba04f3d22ab75c2febd126f075bf	d12c1572c26098df5d933136a16cb6f17539f24d04033637478031acc6b4af1f	93.200	267	0.605	1.000
f85202b5d75177e17ae2f6ce9634dd0f5a12ba04f3d22ab75c2febd126f075bf	269d57c2ab7d564d8bf2b0206f02ba8f0e767b142d2f8571d6c960947fac6871	93.500	265	0.601	1.000
f85202b5d75177e17ae2f6ce9634dd0f5a12ba04f3d22ab75c2febd126f075bf	7bf3cb6d16a9d3894df96a56ac6c240d992dd210d731185492188a552124dde8	92.500	267	0.605	1.000
f85202b5d75177e17ae2f6ce9634dd0f5a12ba04f3d22ab75c2febd126f075bf	40fb4ea5f6eac5316d8e6f07f590a04e91164c0f87d70c94156635bebd380acb	92.000	265	0.601	1.000
f85202b5d75177e17ae2f6ce9634dd0f5a12ba04f3d22ab75c2febd126f075bf	10a9130aa877519199899ca7bb482a28214fe15027c1594bd2204e372956d7a1	93.600	251	0.569	1.000
f85202b5d75177e17ae2f6ce9634dd0f5a12ba04f3d22ab75c2febd126f075bf	048ad97cd2d1c311bb12a0362d8851a49fc7876ed77b73345b9152256379a5dd	62.500	272	0.617	1.000
f85202b5d75177e17ae2f6ce9634dd0f5a12ba04f3d22ab75c2febd126f075bf	554fd07bb75f17ff2e80873dbf9b69188969b34cffef5f22982c0142726629aa	62.800	269	0.610	0.993
f85202b5d75177e17ae2f6ce9634dd0f5a12ba04f3d22ab75c2febd126f075bf	ab8581149ffee188be24e02d30ab3f189af811e03805cbc834627eddd0931210	62.600	268	0.608	0.993
57bf41a20daca07077287ad2d41a3724e4370a8a0d0136404bf44a32b2c14b91	4c2e865fec153015af17f716e6b4014c12fa732b7f36f4e389ae3f8c73e2c85b	76.800	505	0.982	1.000
57bf41a20daca07077287ad2d41a3724e4370a8a0d0136404bf44a32b2c14b91	eb78180155afb7a86a77ed8ba97d8cbe347b401557a726290b0f0d5a19d5b608	74.800	498	0.969	1.000
57bf41a20daca07077287ad2d41a3724e4370a8a0d0136404bf44a32b2c14b91	c0d3ffe5144a7d9f45a8e0092e4b53c50b5d763c01849b188a58ee9ea145d10d	71.700	489	0.951	1.000
57bf41a20daca07077287ad2d41a3724e4370a8a0d0136404bf44a32b2c14b91	48e365553ec0af20557041616d17ebb005e583f8045307e5ca7ce5fd961f0acf	62.800	503	0.979	0.997
57bf41a20daca07077287ad2d41a3724e4370a8a0d0136404bf44a32b2c14b91	c2d9cea6723fd3d26a5819c7dda5986bc9eaf0bc8323d1affd62a44b42f03dd4	41.200	451	0.877	0.912
57bf41a20daca07077287ad2d41a3724e4370a8a0d0136404bf44a32b2c14b91	eba9d66848b2b74e1ac761de1a53d992617cab4f4d090439d855bad563582dc1	28.200	460	0.895	0.911
57bf41a20daca07077287ad2d41a3724e4370a8a0d0136404bf44a32b2c14b91	f456ec2e4c19532eb6721b7e491e0519d393fac62b9ce754e233c019ffdac9b8	28.000	460	0.895	0.915
57bf41a20daca07077287ad2d41a3724e4370a8a0d0136404bf44a32b2c14b91	da20b04d14e590c2622e5706ce178b60e1cd6679c65c5aca94f564e0ea170714	33.700	232	0.451	0.671
57bf41a20daca07077287ad2d41a3724e4370a8a0d0136404bf44a32b2c14b91	d4789a3a17511039ad526bab2736f5b77898448fa675886528ab166f493d2aec	33.700	232	0.451	0.693
57bf41a20daca07077287ad2d41a3724e4370a8a0d0136404bf44a32b2c14b91	e6aef1c764702d92d910cdf0fc4255563b7fb844f07c8dcdc8393fac163868a4	33.700	232	0.451	0.691
57bf41a20daca07077287ad2d41a3724e4370a8a0d0136404bf44a32b2c14b91	4abe1599ad9b213c419af59fd10cf4da8e983e5465cc18a9a62ed9f13b3042ff	33.700	232	0.451	0.691
57bf41a20daca07077287ad2d41a3724e4370a8a0d0136404bf44a32b2c14b91	63437b768d5b349a384a38a08214d2328fc45f91301bed2f4598daf6f10d6ca4	33.700	232	0.451	0.684
57bf41a20daca07077287ad2d41a3724e4370a8a0d0136404bf44a32b2c14b91	d74a596bfd08a8d85f856f80bbc934195dda42dada4f28157c02ade4c0119baf	33.700	232	0.451	0.682
57bf41a20daca07077287ad2d41a3724e4370a8a0d0136404bf44a32b2c14b91	8c1aff2279391e23fffb8a8df7a4ff691002facb2e0e2d256702864d771c925e	32.400	232	0.451	0.692
57bf41a20daca07077287ad2d41a3724e4370a8a0d0136404bf44a32b2c14b91	348ad4e51802a49092f5de2176f29dc5f87eeee95cee1352cb23c193b16701bb	32.400	232	0.451	0.690
57bf41a20daca07077287ad2d41a3724e4370a8a0d0136404bf44a32b2c14b91	f4ca33b7e516e2749c528210650738358c279ad6e8ac298c10dccd57c4a1e0de	32.400	232	0.451	0.672
57bf41a20daca07077287ad2d41a3724e4370a8a0d0136404bf44a32b2c14b91	f8661c824cf11205b99381c96659a28f29d1d4d13fbe8eb48f9ef756888cbebf	32.000	232	0.451	0.661
57bf41a20daca07077287ad2d41a3724e4370a8a0d0136404bf44a32b2c14b91	ff362f7ab208cdc477dee283d0dca19e9a04a96b6044051198754ff9a1d2d2a6	32.400	229	0.446	0.663
57bf41a20daca07077287ad2d41a3724e4370a8a0d0136404bf44a32b2c14b91	b315a01a9768b851b209ecfb2afc829f8be57899f555b44af784e47c3a4aea65	30.300	229	0.446	0.659
57bf41a20daca07077287ad2d41a3724e4370a8a0d0136404bf44a32b2c14b91	b3cdd5a8c6d98f9615b2b8da19e1b9ec1241712122d22da255e39505eaf08ec3	30.700	229	0.446	0.660
6fd41609b75a9d3f915db2cbfc005038887f20ba6854d473d12e7ddfef207be6	9380dea6006ce7ab24cd7a5f8c171e206dfef819fe92258f2245bf89dbc2f259	100.000	380	0.593	1.000
6fd41609b75a9d3f915db2cbfc005038887f20ba6854d473d12e7ddfef207be6	a1cd7dd09e121e5e63989f07530db4ebdcf5e3f9c1011fdd6058947838dea9d5	99.700	380	0.593	1.000
6fd41609b75a9d3f915db2cbfc005038887f20ba6854d473d12e7ddfef207be6	46cc065d79b913f6cefe2cbd33ea73aff1e405d6c036022398d44a42b68bf248	100.000	379	0.591	1.000
6fd41609b75a9d3f915db2cbfc005038887f20ba6854d473d12e7ddfef207be6	69f3223f454e9048b90c3576913be23a3497bc2920d0ed358f808ff8cabd498f	89.000	385	0.601	0.995
6fd41609b75a9d3f915db2cbfc005038887f20ba6854d473d12e7ddfef207be6	806c2b6ce49e6f5fffe85d0da8cbc13b41563dc89e7020b3dfde07b52fb9db85	89.000	384	0.599	0.995
6fd41609b75a9d3f915db2cbfc005038887f20ba6854d473d12e7ddfef207be6	106c00da2c439ca2af6f8a9c9552d9e718cc756bdf9642701c3fb35134a11ad9	88.700	382	0.596	1.000
6fd41609b75a9d3f915db2cbfc005038887f20ba6854d473d12e7ddfef207be6	9bed7479374f167e5cab34cd46d496512eb8319bff70bb1963f83933506343b3	88.500	383	0.598	1.000
6fd41609b75a9d3f915db2cbfc005038887f20ba6854d473d12e7ddfef207be6	1af10dfc25727eb9e176cd43887dc3a51c7224e541e28556beb5124e3730f701	88.900	381	0.594	0.995
6fd41609b75a9d3f915db2cbfc005038887f20ba6854d473d12e7ddfef207be6	5bcebacb125559d9d047ec013536d833a4ee0e6b574e9fc87f951c8940218448	89.100	379	0.591	0.995
6fd41609b75a9d3f915db2cbfc005038887f20ba6854d473d12e7ddfef207be6	4fd68959cb61de832c9a452bb0f29ec50602efde5ee010106444e8522bfd6db9	88.400	382	0.596	1.000
6fd41609b75a9d3f915db2cbfc005038887f20ba6854d473d12e7ddfef207be6	7a4fbe87226cd4e9cb3070da7a5c978acb3b6efbd17a42b15bafad4352797a9e	88.400	382	0.596	0.997
6fd41609b75a9d3f915db2cbfc005038887f20ba6854d473d12e7ddfef207be6	60974e3c8063cd37810d377026f2fcda9dfdc3a2a8beb3b05fe7f1954cf5d5ad	88.400	381	0.594	0.997
6fd41609b75a9d3f915db2cbfc005038887f20ba6854d473d12e7ddfef207be6	ea58c652553da6644aeebed49c1b52d2debe05ca797c3527b7e74e1af2032cc7	89.300	375	0.585	0.995
6fd41609b75a9d3f915db2cbfc005038887f20ba6854d473d12e7ddfef207be6	a9b815809995a8d3f087b0a0c725235246a4558236581eb94c9d57c27fc75e2f	89.300	375	0.585	0.992
6fd41609b75a9d3f915db2cbfc005038887f20ba6854d473d12e7ddfef207be6	b8dd7c0fc5f753bf65f30c91df5e8fb6a1f152a502e056e24f8d053bc677beb3	88.000	378	0.590	0.992
6fd41609b75a9d3f915db2cbfc005038887f20ba6854d473d12e7ddfef207be6	81030236e6d460cf2bd6f69422a64bd999d7bc7bb0b46e1167990ef12ecd2c9c	88.000	378	0.590	0.977
6fd41609b75a9d3f915db2cbfc005038887f20ba6854d473d12e7ddfef207be6	c0bd0db3d57dd4f9ca7866835f68c1ae7cf815285fdd100568b3d021215f8151	89.000	375	0.585	0.992
6fd41609b75a9d3f915db2cbfc005038887f20ba6854d473d12e7ddfef207be6	6f12da9fb2b4eb281e40d70f96256e19b5b991e66807300045a1ee75624b3d69	89.000	375	0.585	0.992
6fd41609b75a9d3f915db2cbfc005038887f20ba6854d473d12e7ddfef207be6	f3e454fd1f58dfa96c758be6e083162a49bf5f3203270a7d7bc43fd4d46cb36f	89.000	375	0.585	0.992
6fd41609b75a9d3f915db2cbfc005038887f20ba6854d473d12e7ddfef207be6	1a0f078078217ccf57d652ef206b00f03d3461dae9fab72f32b59091eb067696	88.000	377	0.588	0.995
c251f862fb5afc6c34574abde84f9a362bb27db19de3533273ff3304346ec877	fc8525b36709f890abef8f0256c0f7f95d35f687ef16458f2848a32113b35a26	42.100	459	0.975	0.982
c251f862fb5afc6c34574abde84f9a362bb27db19de3533273ff3304346ec877	42490cdd8db1f9831aa95f7b81b76a21f7e5f53e7669395dc5085f843c4b50da	42.100	459	0.975	0.980
c251f862fb5afc6c34574abde84f9a362bb27db19de3533273ff3304346ec877	9d7589820263f939d1f67887dcca86471c854e4ad0ea0843dda29d1218cf67f5	42.100	459	0.975	0.982
272729ea12e07654f922db22308673539882764491f0b55e31767ec1f714c328	033bf49b6a7f4a3b85a3db05f9da83deb50d8d7df0adb5ae73b1a531d3c3d977	100.000	729	0.952	1.000
272729ea12e07654f922db22308673539882764491f0b55e31767ec1f714c328	71c2740e74b7f22352a7d6fc11aefa716498444c067829081a8f772fb45d50ac	100.000	728	0.950	1.000
272729ea12e07654f922db22308673539882764491f0b55e31767ec1f714c328	4882c79944ed08a77698bca7301266297cd631278a7495f234ba07870205a914	99.800	728	0.950	1.000
272729ea12e07654f922db22308673539882764491f0b55e31767ec1f714c328	4380bd0701828a9a1c954859e49266283f0adf82f19e1d1947c1cb736aa7dff8	100.000	726	0.948	1.000
272729ea12e07654f922db22308673539882764491f0b55e31767ec1f714c328	a5ccd642452686563360a47e9f7984ec245713811f92b43301ae8fdc4407ae6d	99.400	728	0.950	0.996
272729ea12e07654f922db22308673539882764491f0b55e31767ec1f714c328	30904469a6e44dc44c94bb54a9d632d713ac40f5f5e5af189f617dafd39cf8ee	99.500	726	0.948	0.999
272729ea12e07654f922db22308673539882764491f0b55e31767ec1f714c328	e586759df1de563379fe94f4ccd1be9fa651e987da2df846805d43011b450b57	99.400	726	0.948	0.999
272729ea12e07654f922db22308673539882764491f0b55e31767ec1f714c328	38b2009c532832ad74d36b0471b608dddb78a76e850552531d9054898488161c	99.300	726	0.948	0.999
272729ea12e07654f922db22308673539882764491f0b55e31767ec1f714c328	5468710912db493e81535980ad72e9eee04b7816be7c70da7549fbc79a09a5f5	26.400	202	0.264	0.346
aba496bc3eaff054d75083693ce87f39aae026b4496e1959acf28b41c8eb4265	bb874f4cd5cc95450218ad45aae7f67cf258fbbc07a30ec07e4b581a913bd031	100.000	838	0.970	0.996
aba496bc3eaff054d75083693ce87f39aae026b4496e1959acf28b41c8eb4265	48100ad22c4c6316e07948dee19e67a0975e72f46e0f0f927fe51f8fcc8fb89f	100.000	837	0.969	1.000
aba496bc3eaff054d75083693ce87f39aae026b4496e1959acf28b41c8eb4265	f5aad58e7b89290726083f4c136d8e7209810f0cd78c0861ef9edd4bbf9bcc94	100.000	837	0.969	0.998
aba496bc3eaff054d75083693ce87f39aae026b4496e1959acf28b41c8eb4265	9f16bfe96e477f8e1e9d727aa5f3c560c3a5a1139a05276d04a259131f012461	99.800	838	0.970	0.996
aba496bc3eaff054d75083693ce87f39aae026b4496e1959acf28b41c8eb4265	bcf8d78f5bc1e6e0765a7c95c4d3714a29e1de3e5c847fe685bb345861d87801	99.800	837	0.969	0.996
aba496bc3eaff054d75083693ce87f39aae026b4496e1959acf28b41c8eb4265	93e004352d70b1312ff776d5201e82e9a86af77f86a34522dc85d63f1d042f1d	99.800	837	0.969	1.000
aba496bc3eaff054d75083693ce87f39aae026b4496e1959acf28b41c8eb4265	250c038a2d4683b6d5723e315a936797cbee42ef8ce5cb215971dae97c1c5a3d	99.800	837	0.969	1.000
aba496bc3eaff054d75083693ce87f39aae026b4496e1959acf28b41c8eb4265	70d2ab78ff50e61cbca0f274c46f626b1765a37fecbdd8d36b47a31243d9031b	99.800	837	0.969	0.996
aba496bc3eaff054d75083693ce87f39aae026b4496e1959acf28b41c8eb4265	d58385beb00033e1024031d36a5af33078de80ed6d1d55910cf33914ab1ef44a	99.800	837	0.969	1.000
aba496bc3eaff054d75083693ce87f39aae026b4496e1959acf28b41c8eb4265	19774c876a9d471c72aa1fc5f5327d5b559954263670c4d07d4d832a753fc63a	99.700	837	0.969	1.000
aba496bc3eaff054d75083693ce87f39aae026b4496e1959acf28b41c8eb4265	6b9f8a36b1060cda079b334a759d45d38237472a2186bb69c07f178e18d5fac6	99.700	837	0.969	1.000
aba496bc3eaff054d75083693ce87f39aae026b4496e1959acf28b41c8eb4265	f4ebaf56db2a3165db4761afabeb4b3ccbfc7a6c411d305fa6a30d9eeb6fefe5	99.500	837	0.969	1.000
aba496bc3eaff054d75083693ce87f39aae026b4496e1959acf28b41c8eb4265	52e3c92a1eadf0df0e5b0fec89d61b8fedd217ef585824753473c58dbce9d57d	22.400	729	0.844	0.811
aba496bc3eaff054d75083693ce87f39aae026b4496e1959acf28b41c8eb4265	43a3170c8418ac330d2ee4742afd7bbbbc54f080b250d772037c27b86646a0c7	22.400	729	0.844	0.804
aba496bc3eaff054d75083693ce87f39aae026b4496e1959acf28b41c8eb4265	b12a5d9e0773ae9416ddbd268c33427a6086dedcdb75aa9b310023952e7d7128	22.300	729	0.844	0.811
aba496bc3eaff054d75083693ce87f39aae026b4496e1959acf28b41c8eb4265	97fadd033cc5f8550d5cedc6d2fae5aa63bc40f08035efe01ee5047e923d0f27	24.500	372	0.431	0.335
aba496bc3eaff054d75083693ce87f39aae026b4496e1959acf28b41c8eb4265	c0a43cb55c81b80225c7c4c92902b40a3db51a78e793c34333e2165d522e8218	24.500	372	0.431	0.335
aba496bc3eaff054d75083693ce87f39aae026b4496e1959acf28b41c8eb4265	8c06bbafb16def1d9ba8e0c091d7979acd8204072d1d2f14acd13b42a4ee1166	24.500	372	0.431	0.335
aba496bc3eaff054d75083693ce87f39aae026b4496e1959acf28b41c8eb4265	03b7ce47eee3b037c6005b32c5d637e455202e8854877bdf91e36b6047f6be19	24.500	372	0.431	0.335
aba496bc3eaff054d75083693ce87f39aae026b4496e1959acf28b41c8eb4265	077540a958fcb4303b309159e76821208a13734e69378666bccd8ec573814375	24.500	372	0.431	0.335
9b961bd63c8d3c0de6090c5db212cf6c7ab5e11cf005cb3b8ffe070183be69c8	50db0b2c36fdeff49092e20403e8d6c43e9416c18bd4c543bbd38c5cf001ef80	99.700	376	0.974	1.000
9b961bd63c8d3c0de6090c5db212cf6c7ab5e11cf005cb3b8ffe070183be69c8	4e1eaaff69964f25e1c6a95894f0dd08d71d0e4f5704230d3d9c556abf26a2ac	99.700	372	0.964	1.000
9b961bd63c8d3c0de6090c5db212cf6c7ab5e11cf005cb3b8ffe070183be69c8	0a3f27d8e6259d7b6f6a1da64b753c28b123a80a5087192bb7faacb6dbffdf24	99.400	372	0.964	1.000
9b961bd63c8d3c0de6090c5db212cf6c7ab5e11cf005cb3b8ffe070183be69c8	a1b18ef20ab146179e9d69ab17dc93c749e77a34f6991f3766a831948dbf4254	99.400	372	0.964	1.000
9b961bd63c8d3c0de6090c5db212cf6c7ab5e11cf005cb3b8ffe070183be69c8	6c847d37a00a361f6027b488f9da30193ccb6bf96f900fabd7594778b4426af6	98.900	372	0.964	1.000
9b961bd63c8d3c0de6090c5db212cf6c7ab5e11cf005cb3b8ffe070183be69c8	bb656046a7851772dac4fc79d3e6c4413084df560e34ec0112385e28a6136059	98.600	373	0.966	1.000
9b961bd63c8d3c0de6090c5db212cf6c7ab5e11cf005cb3b8ffe070183be69c8	ae15469c64aef0a5273f34b7b43851138815bd3fb516c84be50977b294acdab7	98.300	373	0.966	1.000
9b961bd63c8d3c0de6090c5db212cf6c7ab5e11cf005cb3b8ffe070183be69c8	5488d7f22a3977c16551c12acbc7aa419922920659918cd86855939e9d834273	98.300	372	0.964	1.000
9b961bd63c8d3c0de6090c5db212cf6c7ab5e11cf005cb3b8ffe070183be69c8	d9c01dce9809fb029aa4b8c3fc06132570ea9c05e4b45b15546097898824b8af	98.300	372	0.964	1.000
9b961bd63c8d3c0de6090c5db212cf6c7ab5e11cf005cb3b8ffe070183be69c8	67760d677726e997b3cba31e1ca12b4af25802e90286d52df72f99f8dc16fdec	98.100	372	0.964	1.000
9b961bd63c8d3c0de6090c5db212cf6c7ab5e11cf005cb3b8ffe070183be69c8	e00aaacee58bbf768c13e1c3bf8b41f2ed74b8a8901afa64ded577130cc423d8	98.100	372	0.964	1.000
9b961bd63c8d3c0de6090c5db212cf6c7ab5e11cf005cb3b8ffe070183be69c8	eeedfe5ca081d39d15044fb4229aadbd0d38a5d352e98ddeefdc9115c8c11354	97.300	373	0.966	1.000
9b961bd63c8d3c0de6090c5db212cf6c7ab5e11cf005cb3b8ffe070183be69c8	aa17baf1d70fb932de20662169ac578598b8432838b2b8678941a57f3d504ee0	97.500	372	0.964	1.000
9b961bd63c8d3c0de6090c5db212cf6c7ab5e11cf005cb3b8ffe070183be69c8	91adc65726e1ffa443a6be76245ebf372db5108066dfd9e034fd05f564425b50	97.300	373	0.966	1.000
9b961bd63c8d3c0de6090c5db212cf6c7ab5e11cf005cb3b8ffe070183be69c8	da48fa69b7eef26348437d6793d71f4c16ec79af2aa264d4b55aa675032d9de4	97.000	373	0.966	1.000
9b961bd63c8d3c0de6090c5db212cf6c7ab5e11cf005cb3b8ffe070183be69c8	14558a67add4aecd0ee01dd117d84eb399cb7e9ab49548c75f04dc529263fabe	97.000	373	0.966	1.000
9b961bd63c8d3c0de6090c5db212cf6c7ab5e11cf005cb3b8ffe070183be69c8	9be4a221d5a0d3ba6c5758e20c7a39cefd7669146aef041e812f67854ce9dce6	97.500	372	0.964	1.000
9b961bd63c8d3c0de6090c5db212cf6c7ab5e11cf005cb3b8ffe070183be69c8	ae8cbfba057cff46695b4c54437bb845e55cadb74e8dd63c8ff151daa82f54f1	96.200	373	0.966	1.000
9b961bd63c8d3c0de6090c5db212cf6c7ab5e11cf005cb3b8ffe070183be69c8	4715523afd90466820d9d05dcb5d6a32c18f44a385ac5bd6f7adab645416766f	96.200	372	0.964	1.000
9b961bd63c8d3c0de6090c5db212cf6c7ab5e11cf005cb3b8ffe070183be69c8	1bf9cca6cb1fc4356906b0d2062df81015c5a9c4ee6d6c36afffb7a151db98e4	95.700	373	0.966	1.000
ddd04e390c6c6a21de3d05d005744796031167d578e9155c8d9f9ecf067e881f	7d9b8ee32746b8b862a16566e168b0532cb633045f6a8362fdd58fe8c0e24c1e	99.600	266	0.911	0.989
ddd04e390c6c6a21de3d05d005744796031167d578e9155c8d9f9ecf067e881f	ebe9872c125aac9ac8d2dedc9f0b0d74723a7faa818197cb38bc3ffbd53c47e1	99.600	266	0.911	0.985
ddd04e390c6c6a21de3d05d005744796031167d578e9155c8d9f9ecf067e881f	ffb96a41413ee84f347b559fe1f034223da8ab23a9fa1a0da8654789e3f8640c	98.800	266	0.911	0.953
ddd04e390c6c6a21de3d05d005744796031167d578e9155c8d9f9ecf067e881f	543c5965a6ae9fede99d4943c8fa896538e4f80f830006dcccabb73673a3cf09	99.200	264	0.904	1.000
ddd04e390c6c6a21de3d05d005744796031167d578e9155c8d9f9ecf067e881f	a63dbb3884a6a9c620ad8f41ff01d7873ce863c7f10f4de64fa0aafdf5f09abb	99.600	263	0.901	1.000
ddd04e390c6c6a21de3d05d005744796031167d578e9155c8d9f9ecf067e881f	9855b314018ac7093cb3156d63fd02b40fe20f8e7b462f13f7cfe6e4549bc688	99.600	262	0.897	0.953
ddd04e390c6c6a21de3d05d005744796031167d578e9155c8d9f9ecf067e881f	3ad61d8e047a22375d5f801e8f367716d8851a90ec1d2b3f74b5065643f60d5b	99.200	263	0.901	1.000
ddd04e390c6c6a21de3d05d005744796031167d578e9155c8d9f9ecf067e881f	297af9c580487f848f1fb982ff1a12936f59e7d3732d869080873bf7a9a12eac	99.600	261	0.894	0.989
ddd04e390c6c6a21de3d05d005744796031167d578e9155c8d9f9ecf067e881f	83f57f8de76b8a7eb9b5c98838c6ba08ac9daa0f6737aead2c226ed41d25a17c	99.600	261	0.894	0.985
ddd04e390c6c6a21de3d05d005744796031167d578e9155c8d9f9ecf067e881f	8c78053628bb30548a8d58c302a42250536bdc090fd9b6cdba68f5a2432b5e0e	99.600	261	0.894	1.000
ddd04e390c6c6a21de3d05d005744796031167d578e9155c8d9f9ecf067e881f	2628f37d66218bcf7a3df9903d6ab443dca0718535776d68ca58d16bb9b86ccd	98.800	262	0.897	0.960
ddd04e390c6c6a21de3d05d005744796031167d578e9155c8d9f9ecf067e881f	573bd900897982539537a87dae842b0423433bb828fc1db338769fc18d000802	99.600	260	0.890	1.000
ddd04e390c6c6a21de3d05d005744796031167d578e9155c8d9f9ecf067e881f	e6725313da9436d94db4d6586baf7f66d90e6c72f639a4774218223f4eb12ae9	99.600	260	0.890	1.000
ddd04e390c6c6a21de3d05d005744796031167d578e9155c8d9f9ecf067e881f	98b713cdaa4d924a743cc2e07290b16fef3a0caf9ccbe29382f5535d11ba3d4b	99.600	260	0.890	0.992
ddd04e390c6c6a21de3d05d005744796031167d578e9155c8d9f9ecf067e881f	667aae03362b1ad06c3c98fc0e45d9c4c50bfb707b6337d2e8b4365ed7093716	99.600	260	0.890	0.989
ddd04e390c6c6a21de3d05d005744796031167d578e9155c8d9f9ecf067e881f	732cb3f7c3b2335e52c22dda0e587b59980e76ecb0b55c38c1d190c02e469e2c	99.600	259	0.887	0.992
ddd04e390c6c6a21de3d05d005744796031167d578e9155c8d9f9ecf067e881f	8c7a1ba1cd44d9a80f305b3624e800408c2375934e59f5c5537d46a7c64235e5	99.600	259	0.887	0.989
ddd04e390c6c6a21de3d05d005744796031167d578e9155c8d9f9ecf067e881f	2742e1ece6afa4e5b7e4f2dda4c5b8686b288bf77558c8b388dfa73fb8834b43	99.600	259	0.887	1.000
ddd04e390c6c6a21de3d05d005744796031167d578e9155c8d9f9ecf067e881f	5bf5f22bea901adbc818ed19bb9a9cc726de9538c8e7343ec61afec29ad3dfe4	99.600	258	0.884	0.989
ddd04e390c6c6a21de3d05d005744796031167d578e9155c8d9f9ecf067e881f	25fae8ecf1184377cf8906f3b32645d49edc2edfa8faaf635bb692616771a81b	99.600	258	0.884	0.996
7c5f8c3c5b77cb8b97001fa1886fcaf21964c996f7b2f600cd0037e203310bcd	daf25f53a40e6f4cdf9c355226fae76acd060a3b5cc7bd5babf0b03cc6108140	100.000	256	0.284	1.000
7c5f8c3c5b77cb8b97001fa1886fcaf21964c996f7b2f600cd0037e203310bcd	dd618db585d6f9a4b324988cd68dcb55644fe78d43cb1ea0905c21517a306261	100.000	251	0.278	1.000
7c5f8c3c5b77cb8b97001fa1886fcaf21964c996f7b2f600cd0037e203310bcd	165658de301db4f14087f45d1612f4d9b2a78f60455b813ba2e1601ce5c5a846	100.000	250	0.277	1.000
7c5f8c3c5b77cb8b97001fa1886fcaf21964c996f7b2f600cd0037e203310bcd	e7a1ff6bac90ab5924a2d800ad747babc031aedb440d229ec5d94d968a647056	100.000	250	0.277	1.000
7c5f8c3c5b77cb8b97001fa1886fcaf21964c996f7b2f600cd0037e203310bcd	89ab69a8f2bec6c5ea4f84ca25678b753d79a2b96aa633a6c510d4039e564d24	100.000	249	0.276	1.000
7c5f8c3c5b77cb8b97001fa1886fcaf21964c996f7b2f600cd0037e203310bcd	22b46f2633ea39c47dd0d89a25a61f3ad53bd48257496226c4641dca59391275	100.000	249	0.276	1.000
7c5f8c3c5b77cb8b97001fa1886fcaf21964c996f7b2f600cd0037e203310bcd	f6f22227b6c257a7af002499d408da57f6084e79552714d7a2e117d8c597c6da	100.000	248	0.275	1.000
7c5f8c3c5b77cb8b97001fa1886fcaf21964c996f7b2f600cd0037e203310bcd	902fd8c0be8c5157ebf946289b3417a0769ab30411667d60745e3a786622fe73	99.500	249	0.276	1.000
7c5f8c3c5b77cb8b97001fa1886fcaf21964c996f7b2f600cd0037e203310bcd	039a059c8bc16c0df0f53f306e1b948a680566e0598e12cdcc80c3853dffb230	100.000	246	0.273	1.000
7c5f8c3c5b77cb8b97001fa1886fcaf21964c996f7b2f600cd0037e203310bcd	b2cd179906f85ce297fe5e0093ca00fa0d346966a724d86afd42221ca9cd8ba6	99.500	247	0.274	1.000
7c5f8c3c5b77cb8b97001fa1886fcaf21964c996f7b2f600cd0037e203310bcd	4aea176a358bca0f8e76fb7ee87bee6488b0fb67edff853b46e37acf0352c26e	99.100	249	0.276	1.000
7c5f8c3c5b77cb8b97001fa1886fcaf21964c996f7b2f600cd0037e203310bcd	9dd3bf85a5cbc8d9744b8f9b17a98b4e1430facffb6b272da0cffe00bd66b460	98.700	249	0.276	1.000
7c5f8c3c5b77cb8b97001fa1886fcaf21964c996f7b2f600cd0037e203310bcd	4f49078f1e68b3e38a5aacf71dbe4baf039704385424885500bbf32a77beaa02	98.700	249	0.276	1.000
7c5f8c3c5b77cb8b97001fa1886fcaf21964c996f7b2f600cd0037e203310bcd	be7decc0fa00d238b571eb3c1d3f2fb7e069b87f5a5e060439ea79406ef07f82	98.000	250	0.277	1.000
7c5f8c3c5b77cb8b97001fa1886fcaf21964c996f7b2f600cd0037e203310bcd	3c9d0f0bfd955c60eafb2d447a5a271fb7b445a3da0f59f95aaf092b5638fa86	97.500	249	0.276	1.000
7c5f8c3c5b77cb8b97001fa1886fcaf21964c996f7b2f600cd0037e203310bcd	b4455f30a5310af94048630ef4713d4bd767845d064617a5503fec3d61294c48	97.500	248	0.275	1.000
7c5f8c3c5b77cb8b97001fa1886fcaf21964c996f7b2f600cd0037e203310bcd	8a4b779206bc7e86b077c93372616fe8259569bd1291dc24751fb2f51c39afe5	97.500	248	0.275	1.000
7c5f8c3c5b77cb8b97001fa1886fcaf21964c996f7b2f600cd0037e203310bcd	f026ecfccf3f1d4d5472dc9aa7c3451801d35032f266e1ec479b95b80c84229d	97.500	247	0.274	1.000
7c5f8c3c5b77cb8b97001fa1886fcaf21964c996f7b2f600cd0037e203310bcd	1a844f1dc7dec7b4d02d253b3eb7665831a84d748a6562bb3a9573e748e7ba7c	96.700	249	0.276	1.000
7c5f8c3c5b77cb8b97001fa1886fcaf21964c996f7b2f600cd0037e203310bcd	68f1cd4cda3a843cc114427548ad4d4ef4f54932965019e4de3a0332e2549370	96.700	249	0.276	1.000
3b2b69fed0c36508bc49125acfe873df76e21f21fc636d4b8c5631c6f86520d7	cbd0a84f422d510dd48b846dbaf12dfd1367bfe7c0997c9bcb717cfa6a251253	88.700	612	0.466	1.000
3b2b69fed0c36508bc49125acfe873df76e21f21fc636d4b8c5631c6f86520d7	14357867d88e903253b033b4e4fb5f75d1bf929bad60af323475879000ff75b5	88.500	610	0.465	1.000
3b2b69fed0c36508bc49125acfe873df76e21f21fc636d4b8c5631c6f86520d7	f3728d4fe4a858f70a2194abe4e81b89c3624d7b5c33c49df55efd1e749d819f	82.700	584	0.445	1.000
3b2b69fed0c36508bc49125acfe873df76e21f21fc636d4b8c5631c6f86520d7	94e174a178ae38132d279dcc5601b5dcdca1b88bdeb032ff8f0f84fcfd13f12e	82.500	578	0.440	1.000
3b2b69fed0c36508bc49125acfe873df76e21f21fc636d4b8c5631c6f86520d7	088e447fcfd279247817fb4d0d022b609724d3df733fd15116f291c763f98feb	82.500	578	0.440	1.000
3b2b69fed0c36508bc49125acfe873df76e21f21fc636d4b8c5631c6f86520d7	dc0cdf4b191584705fb7c124dfaadf60323be5f6450e2d200ae4d91b215274c0	43.600	589	0.442	0.985
3b2b69fed0c36508bc49125acfe873df76e21f21fc636d4b8c5631c6f86520d7	435b02f163826c4bd6c9d9325269377a67a0df919f4fdc8bfa53fd2b572827c2	43.600	586	0.439	0.985
3b2b69fed0c36508bc49125acfe873df76e21f21fc636d4b8c5631c6f86520d7	5b9b9c839f63aad08c17b5c16c9a5935ef150cb49dcb5be85e66f04f2b9704ed	43.300	583	0.437	0.975
3b2b69fed0c36508bc49125acfe873df76e21f21fc636d4b8c5631c6f86520d7	f5082d81b27b53df3272c4e45721f93eebbeddeb35f8e1e05158f53c0755f3cd	41.900	593	0.446	0.993
427556ee7e35633327c1f10323a53d0dd5f99eadf9f9c82b9eeac4ca4690350f	9732a640e6a7ed72d1ad94dd3777769a7718c907258389f72d95d5b092313916	99.700	496	0.971	1.000
427556ee7e35633327c1f10323a53d0dd5f99eadf9f9c82b9eeac4ca4690350f	298e3495919f1dabece1da471d29885d1ea2d32e1167e66b799475047a909de9	24.500	431	0.843	0.587
d9bd4f76c847dbfb30349bd8e54ce8b6d7ca09d13b5792037019772c050843f8	506e42b23c1416b1d58b4e80ab5e47a25ab8b9731f48e70d395ffd52ed9b930b	25.400	395	0.888	0.970
d9bd4f76c847dbfb30349bd8e54ce8b6d7ca09d13b5792037019772c050843f8	68ec7b19f3f17b23455df7a73b4c3f33cdc948959e74dbb3826be4d99baafdef	23.900	395	0.888	0.996
d9bd4f76c847dbfb30349bd8e54ce8b6d7ca09d13b5792037019772c050843f8	f834ab77e81ed2a3d0c66f0ff386e6a7b5dbce3de56950154a5ca0931464d952	23.900	395	0.888	0.989
d9bd4f76c847dbfb30349bd8e54ce8b6d7ca09d13b5792037019772c050843f8	c37e4d47412e56c5fc8a595627aaf485c676029a8f3c38b5559879b218962a0d	27.800	208	0.454	0.474
d9bd4f76c847dbfb30349bd8e54ce8b6d7ca09d13b5792037019772c050843f8	876db18c23d75b6bdf0fb270aeeb6b6014153c4c6a64ff26ed35a1f645424b43	27.800	208	0.454	0.471
d9bd4f76c847dbfb30349bd8e54ce8b6d7ca09d13b5792037019772c050843f8	02536d275857d78976c54cd11ab8f644d2f98cf1e56ebbdac7169bbc376c8b50	23.800	388	0.872	0.978
d9bd4f76c847dbfb30349bd8e54ce8b6d7ca09d13b5792037019772c050843f8	5cb3444876d7734f8eae54e395a0d339e26809df903e72f55b0721188a0a390a	30.000	200	0.445	0.760
d9bd4f76c847dbfb30349bd8e54ce8b6d7ca09d13b5792037019772c050843f8	cd5d8eaa19bfba958e3500b97e06f0e093d657c02867d4935b3fc8644778ef12	30.000	130	0.292	0.411
d9bd4f76c847dbfb30349bd8e54ce8b6d7ca09d13b5792037019772c050843f8	8cfa9b3836dfde436c8a531aa092c35840c6e8966e478130b30e6a1a3919e50d	30.000	130	0.292	0.403
d9bd4f76c847dbfb30349bd8e54ce8b6d7ca09d13b5792037019772c050843f8	9c0c24637836a29a4baaccdd66496da7cdefaa5cce2ee6cf58bacc9d6735e418	31.500	150	0.337	0.439
4ea2b4e7b714c24da1698edf52e86a48cec0cc454a83d453d7d9a7c96d578bb2	86e058b47350b6595d321512d507375e545bff1846b283e46e97d404feaef809	50.000	258	0.883	0.989
4ea2b4e7b714c24da1698edf52e86a48cec0cc454a83d453d7d9a7c96d578bb2	d6381502520eba42860378fbdc9bc7838cf7b5b3dfe6320164e14cfb8774517d	40.100	249	0.849	0.940
4ea2b4e7b714c24da1698edf52e86a48cec0cc454a83d453d7d9a7c96d578bb2	bc402696d58737b8845f46e77ef3afdf5e6e47c6ae6f295ad8ae4aaf0d61cd9a	40.100	249	0.849	0.940
4ea2b4e7b714c24da1698edf52e86a48cec0cc454a83d453d7d9a7c96d578bb2	3e6631cbb03c9917620c8a60f62b3cd3a481bcb01fdd484e767f135f470f7156	39.900	247	0.845	0.939
4ea2b4e7b714c24da1698edf52e86a48cec0cc454a83d453d7d9a7c96d578bb2	78acf5df1ddc04f0ff64597cd3140273365c21ab9a29a9b67cfcb621f02a94cf	39.900	247	0.845	0.939
dbb4583267ad40a7dfd854ee3c44ce4be38e137d0570e3eb76cf1854a74e7246	1959ae5adb4a7d1e7ad58239d3f45f722f3332c800dc0a1aa96992cc3e58ac7b	28.100	287	0.237	0.888
dbb4583267ad40a7dfd854ee3c44ce4be38e137d0570e3eb76cf1854a74e7246	3c51fd8ce37aae2bc11be90007fc5e8fea0cb798244ef1d8b10f73b3eef069f4	24.800	225	0.183	0.852
dbb4583267ad40a7dfd854ee3c44ce4be38e137d0570e3eb76cf1854a74e7246	328e638a411108e4961f36b4ea742215b2821b6befbfd1094f81bb1e6f2400d3	27.700	199	0.164	0.696
dbb4583267ad40a7dfd854ee3c44ce4be38e137d0570e3eb76cf1854a74e7246	68d263d272df663782771e2727284513a09392e75322585eda09bf6ddc900f1c	28.200	199	0.164	0.697
dbb4583267ad40a7dfd854ee3c44ce4be38e137d0570e3eb76cf1854a74e7246	85b8dbaf5a7b0abe6681ef70e623d182dbfff360e0f03f47f7ed66e28d132c3d	27.800	199	0.164	0.723
dbb4583267ad40a7dfd854ee3c44ce4be38e137d0570e3eb76cf1854a74e7246	51ef49071b00d7a6a46b4542281759edc65979fecde61d1976cecf1b7788a67f	27.600	199	0.164	0.727
dbb4583267ad40a7dfd854ee3c44ce4be38e137d0570e3eb76cf1854a74e7246	e059cd0b395629825e28e0e9782d4b5659ff334b13a60e6c08c6e7ec61b98481	27.000	148	0.122	0.665
dbb4583267ad40a7dfd854ee3c44ce4be38e137d0570e3eb76cf1854a74e7246	1ba2915bade76ed334209ac2007283753fcac82cd4964238333b80c2d3cb8b78	24.100	262	0.216	0.859
dbb4583267ad40a7dfd854ee3c44ce4be38e137d0570e3eb76cf1854a74e7246	7dcadc45b2de1f948d1595ffcdb99a6150477360ba979cd03a7c83e7448de9ef	24.700	261	0.216	0.851
dbb4583267ad40a7dfd854ee3c44ce4be38e137d0570e3eb76cf1854a74e7246	504882b6ab04a2922ebab11cf63737368af4bb6d32d71bddd1342ee4b5177e06	26.200	200	0.165	0.489
dbb4583267ad40a7dfd854ee3c44ce4be38e137d0570e3eb76cf1854a74e7246	cd91e735333f21a908e0478b67b21ad3262be7b20dd173ba170933f9ee35e17c	26.600	200	0.165	0.490
dbb4583267ad40a7dfd854ee3c44ce4be38e137d0570e3eb76cf1854a74e7246	a426859c2fdaf6ce556797ba9048d775c7853dfeea9e1be2f544a000e9a7c471	21.600	222	0.183	0.794
dbb4583267ad40a7dfd854ee3c44ce4be38e137d0570e3eb76cf1854a74e7246	77ce10b393d7c42ee0cc93f38875a7ed73f6ed58987c97e0201b8f668e125179	22.000	222	0.183	0.792
dbb4583267ad40a7dfd854ee3c44ce4be38e137d0570e3eb76cf1854a74e7246	758d865388f9fb3767bd99e055023bdbb10a8511eaa54e1b2a2d077116f8f85e	22.000	222	0.183	0.798
dbb4583267ad40a7dfd854ee3c44ce4be38e137d0570e3eb76cf1854a74e7246	574136d04122b4f76ba4a35fe14358fc550b21feb1e28cbd5c6d3c75e5453140	21.600	222	0.183	0.770
dbb4583267ad40a7dfd854ee3c44ce4be38e137d0570e3eb76cf1854a74e7246	ae227c5db744050b1d4e017463be97ea7221290db0bc24ddfabdec712960f7dc	21.600	222	0.183	0.764
dbb4583267ad40a7dfd854ee3c44ce4be38e137d0570e3eb76cf1854a74e7246	5fa8eb3391506fd7ae0f7e88f9e55613d660c21ad459d84c6a88f235038a0789	23.700	206	0.161	0.694
37f28aee80140f8a8f6452fb14fa21d87df39804cfac594414e9abeb4f2756b8	506e42b23c1416b1d58b4e80ab5e47a25ab8b9731f48e70d395ffd52ed9b930b	24.800	395	0.888	0.970
37f28aee80140f8a8f6452fb14fa21d87df39804cfac594414e9abeb4f2756b8	c37e4d47412e56c5fc8a595627aaf485c676029a8f3c38b5559879b218962a0d	27.100	210	0.458	0.478
37f28aee80140f8a8f6452fb14fa21d87df39804cfac594414e9abeb4f2756b8	68ec7b19f3f17b23455df7a73b4c3f33cdc948959e74dbb3826be4d99baafdef	23.000	395	0.888	0.996
37f28aee80140f8a8f6452fb14fa21d87df39804cfac594414e9abeb4f2756b8	f834ab77e81ed2a3d0c66f0ff386e6a7b5dbce3de56950154a5ca0931464d952	23.000	395	0.888	0.989
37f28aee80140f8a8f6452fb14fa21d87df39804cfac594414e9abeb4f2756b8	876db18c23d75b6bdf0fb270aeeb6b6014153c4c6a64ff26ed35a1f645424b43	27.100	210	0.458	0.475
37f28aee80140f8a8f6452fb14fa21d87df39804cfac594414e9abeb4f2756b8	5cb3444876d7734f8eae54e395a0d339e26809df903e72f55b0721188a0a390a	28.900	200	0.445	0.760
37f28aee80140f8a8f6452fb14fa21d87df39804cfac594414e9abeb4f2756b8	02536d275857d78976c54cd11ab8f644d2f98cf1e56ebbdac7169bbc376c8b50	22.900	388	0.872	0.978
37f28aee80140f8a8f6452fb14fa21d87df39804cfac594414e9abeb4f2756b8	cd5d8eaa19bfba958e3500b97e06f0e093d657c02867d4935b3fc8644778ef12	31.500	130	0.292	0.411
37f28aee80140f8a8f6452fb14fa21d87df39804cfac594414e9abeb4f2756b8	8cfa9b3836dfde436c8a531aa092c35840c6e8966e478130b30e6a1a3919e50d	31.500	130	0.292	0.403
37f28aee80140f8a8f6452fb14fa21d87df39804cfac594414e9abeb4f2756b8	9c0c24637836a29a4baaccdd66496da7cdefaa5cce2ee6cf58bacc9d6735e418	32.200	150	0.337	0.439
a23099a3856f1e0ce5a8563a28fdc25422081c8f516879f23e98abf0da67ba8d	7d5fe3d376a7bbddd769d593ebb951ae45ed0a7c8dce7036fa1b350ec0726c46	35.500	89	0.175	0.967
a23099a3856f1e0ce5a8563a28fdc25422081c8f516879f23e98abf0da67ba8d	a0610e293348b285d2ddaa3c216fa020850342fd338659c51de94433ac694616	28.300	128	0.267	0.717
c7eb0ffd0c784af8641ace79db74144ea7cc8f746358e649bdc5c7a7f3e49966	c7eb0ffd0c784af8641ace79db74144ea7cc8f746358e649bdc5c7a7f3e49966	100.000	464	1.000	1.000
c7eb0ffd0c784af8641ace79db74144ea7cc8f746358e649bdc5c7a7f3e49966	6f766fc1b24a90d02a32f25afb3e8f535d2c4fa888b1ace3b4e11f348d69c7a0	39.800	448	0.966	0.978
c7eb0ffd0c784af8641ace79db74144ea7cc8f746358e649bdc5c7a7f3e49966	d70bfa8c0d9731999e8776fedaebbd07caa559f813fa0b3634ee93b20b8fa6ec	38.600	463	0.994	0.996
c7eb0ffd0c784af8641ace79db74144ea7cc8f746358e649bdc5c7a7f3e49966	5d775eb2117a7798a93e0a58fca37dd8ab24ad89faeedcb91d04f998f577573f	38.100	449	0.968	0.978
c7eb0ffd0c784af8641ace79db74144ea7cc8f746358e649bdc5c7a7f3e49966	5c536a50e0c18709cc160d08389300f951ec3721414aefc020489230c17905eb	38.100	449	0.968	0.971
c7eb0ffd0c784af8641ace79db74144ea7cc8f746358e649bdc5c7a7f3e49966	e5c0146baffbfba08dca8cf33d53e3ab3de280546073acae350a7a61773e0a97	37.600	461	0.968	0.964
c7eb0ffd0c784af8641ace79db74144ea7cc8f746358e649bdc5c7a7f3e49966	950e59fa2f1a32a4c896b644812255a93bff743fc03ed5f8bcaa87d3ecc05fc2	37.800	467	0.991	0.989
c7eb0ffd0c784af8641ace79db74144ea7cc8f746358e649bdc5c7a7f3e49966	4d70b8c17d2ddcda1bb0b327975ae1400c58484ab6681820433fa30f2a18e97a	35.800	467	0.991	0.985
c7eb0ffd0c784af8641ace79db74144ea7cc8f746358e649bdc5c7a7f3e49966	c6c56091b0ff530ce3c01ebc09cfda1059885931a41330a66c9a944fbddfecc3	37.600	463	0.998	1.000
c7eb0ffd0c784af8641ace79db74144ea7cc8f746358e649bdc5c7a7f3e49966	8232c835c48042136e5f8f0217eb6e66c9c94f83c726c45b34003f8c5ad9a92e	35.600	467	0.991	0.992
c7eb0ffd0c784af8641ace79db74144ea7cc8f746358e649bdc5c7a7f3e49966	e8497940c673a3f392b6a63045ce1ca108af3cf866faf0e1d39226caef3350a1	35.600	467	0.991	0.989
c7eb0ffd0c784af8641ace79db74144ea7cc8f746358e649bdc5c7a7f3e49966	0effd89f2aeb8e6f452136f5ea1fb943fae8eedded46fb68b6f054faf74aeac8	35.600	467	0.991	0.987
c7eb0ffd0c784af8641ace79db74144ea7cc8f746358e649bdc5c7a7f3e49966	ebd539b0971d7c76194cf022eefe98c9804c53c77d851935b2d9745bcf578cfd	35.600	467	0.991	0.985
c7eb0ffd0c784af8641ace79db74144ea7cc8f746358e649bdc5c7a7f3e49966	be7f707cace0a145d7fcb625812350a0bacf5557e2e323b5647477f064782673	35.300	465	0.991	0.989
c7eb0ffd0c784af8641ace79db74144ea7cc8f746358e649bdc5c7a7f3e49966	49dbfca78a987038b0b271b68284a245bdc0d37d5389b135d2549e7b6cf66ac7	33.800	458	0.987	0.983
c7eb0ffd0c784af8641ace79db74144ea7cc8f746358e649bdc5c7a7f3e49966	8cc2538b4cf701aa7ce41768b55d3fd8bece00a3091d22b1f7134be2608675d2	37.600	457	0.963	0.948
c7eb0ffd0c784af8641ace79db74144ea7cc8f746358e649bdc5c7a7f3e49966	fb5609204b43825d974a42a11c1e62dcdf85d2a2b345e03279bf612b08430439	29.500	448	0.966	0.971
c7eb0ffd0c784af8641ace79db74144ea7cc8f746358e649bdc5c7a7f3e49966	d0c23c2ed806e333e0c3b5455bc3be73f769707d02719871b7a48386adc444e0	29.400	448	0.966	0.971
c7eb0ffd0c784af8641ace79db74144ea7cc8f746358e649bdc5c7a7f3e49966	b6aef1b19e688343a98fa7e880c72335234ec29524040f4fc0844c430b397cea	29.500	448	0.966	0.971
c7eb0ffd0c784af8641ace79db74144ea7cc8f746358e649bdc5c7a7f3e49966	b7a4e8c0f5c33f561e82e0c9c6bd43d16239cdc4b08e57a5da5d11b02789c02c	29.500	448	0.966	0.969
c83e73ba314b8c3dec954f6435ab68e30a2539292b3468764292d2a755a7b28d	36514696e3f525e5a93568e5d835d0106421870ce3deb7b0c42f1368e42a56d0	97.200	255	0.612	1.000
c83e73ba314b8c3dec954f6435ab68e30a2539292b3468764292d2a755a7b28d	39f78435c028e60c97d04e3135e78189602d99c60a6aba54d68a9a7683d8f12a	97.200	254	0.609	1.000
c83e73ba314b8c3dec954f6435ab68e30a2539292b3468764292d2a755a7b28d	5b6ff9b694050278d448a3afb464531c466e61a41e553018db54b2ccf717835b	41.100	238	0.571	0.974
c83e73ba314b8c3dec954f6435ab68e30a2539292b3468764292d2a755a7b28d	6dff929d041f4c869b2ab193faf1e22fc9fc5ea38d7a9ca31162e51b62e2138e	40.600	238	0.571	0.975
c83e73ba314b8c3dec954f6435ab68e30a2539292b3468764292d2a755a7b28d	e84f16f6d37fd62c87cea3345075bb2f036b53982fe396a951a001116dfcad2e	41.300	256	0.604	0.973
c83e73ba314b8c3dec954f6435ab68e30a2539292b3468764292d2a755a7b28d	216696a046e74223005a614889e8dd0ce66655c6cc861557774b914028cdc761	39.800	245	0.588	1.000
c83e73ba314b8c3dec954f6435ab68e30a2539292b3468764292d2a755a7b28d	35870d923c53e9cbcb5becb4690d8743e6758a7f343021ba9217d5cf2a71e84e	36.400	248	0.595	0.961
c83e73ba314b8c3dec954f6435ab68e30a2539292b3468764292d2a755a7b28d	e0398654ea484843a8994e427e396f777aeb96ab18d05bea01b65970824af21b	36.400	248	0.595	0.957
c83e73ba314b8c3dec954f6435ab68e30a2539292b3468764292d2a755a7b28d	7d358f3d31345f2db8824491d5f9d6e89b20687bc0d8883fadde8a92b6b902da	36.400	249	0.595	0.973
c83e73ba314b8c3dec954f6435ab68e30a2539292b3468764292d2a755a7b28d	846e00ba580b562a06957d8efeba0b0d324ff2e08c745ac5b1d4980651a0808f	36.400	249	0.595	0.965
c83e73ba314b8c3dec954f6435ab68e30a2539292b3468764292d2a755a7b28d	1869bdc0fbbe550c9ad8aa5db0f98fd67870c85bfec0c8b761a4c3f54b9d4f51	37.100	241	0.571	0.984
c83e73ba314b8c3dec954f6435ab68e30a2539292b3468764292d2a755a7b28d	c0573577e1924b07d33d6461d84ce69a6bc095154da25c32d62c2218a0e63cbb	37.100	241	0.571	0.980
c83e73ba314b8c3dec954f6435ab68e30a2539292b3468764292d2a755a7b28d	3283d86d0157519097b051f41d37c0d810225e78f466d05edbc69cc44ac72124	36.700	241	0.571	0.984
c83e73ba314b8c3dec954f6435ab68e30a2539292b3468764292d2a755a7b28d	8bd7b16a1ace5f10722980adb3f2a53edf7ce99566e24c8332d82f9b140ddb4c	36.300	241	0.571	0.984
c83e73ba314b8c3dec954f6435ab68e30a2539292b3468764292d2a755a7b28d	b7b5102c40806dac3ba33e7cc49d2429ac73b9916dab058a3811f7f2060be462	36.700	241	0.571	0.984
c83e73ba314b8c3dec954f6435ab68e30a2539292b3468764292d2a755a7b28d	0e077c870b9c68ec7174fb20296d23fbe78bb645f12d8e362b74ead9e754603e	36.700	241	0.571	0.980
c83e73ba314b8c3dec954f6435ab68e30a2539292b3468764292d2a755a7b28d	c14662d259a953b3f4844da1bcd9213b265dd5003322cce47ec46a3cc643b0f2	36.700	241	0.571	0.972
c83e73ba314b8c3dec954f6435ab68e30a2539292b3468764292d2a755a7b28d	4007b9e0aa7b6b48e7ebb4f4b55fa4d4dcc1fabc66c77dd810e8c1cb8d554bc4	36.300	241	0.571	0.984
c83e73ba314b8c3dec954f6435ab68e30a2539292b3468764292d2a755a7b28d	5962f6dcc6ead3e3904b0822300386046564a29f2f5d54767cc8dc385351fa73	36.300	241	0.571	0.984
c83e73ba314b8c3dec954f6435ab68e30a2539292b3468764292d2a755a7b28d	93a01f9f0872e4851bc2dc581e9932fc7217b123057fb98138071ed64aaada3c	36.300	241	0.571	0.976
dee204c557162a731ea340354860610515059ce1ce41689d7abc8d82719ce62b	b00f48074f2df8bafc810ed8c7d33d74607727ff4112fdf4b23a6a6e792ffd1d	100.000	331	0.731	1.000
dee204c557162a731ea340354860610515059ce1ce41689d7abc8d82719ce62b	23541b48ed071e33bb10857a7ffd74dc501fb2d51204e30b87bf9d038d1e6b58	99.600	331	0.731	1.000
dee204c557162a731ea340354860610515059ce1ce41689d7abc8d82719ce62b	73dfcffe1aa61c7d2bb0b815484416df98c14e23607e240b3ef064ee1cbf3a41	100.000	329	0.726	1.000
dee204c557162a731ea340354860610515059ce1ce41689d7abc8d82719ce62b	fda5cb507ba5121bf77e8cef4bbca233c259709928c4cee2207637651f77fb2a	99.600	329	0.726	1.000
dee204c557162a731ea340354860610515059ce1ce41689d7abc8d82719ce62b	6710803b58b8fcbe4887e9d762a4b5eb6b2e3fb70f84a4b30ae36edc14c5b185	98.700	329	0.726	1.000
dee204c557162a731ea340354860610515059ce1ce41689d7abc8d82719ce62b	f76954b8a74c8bc329779f93cfc5c2ce58d7a4e8a82fa259405400b84aa18552	33.400	334	0.724	0.994
dee204c557162a731ea340354860610515059ce1ce41689d7abc8d82719ce62b	e9bec41b5cabc9993ad4d325951e310f2c35535135df32ee0414fc0de00d5890	33.200	333	0.722	1.000
dee204c557162a731ea340354860610515059ce1ce41689d7abc8d82719ce62b	6345941b243929e5cf8784840286a4cad3453e1e9c2ab772c91cf210b164820d	33.000	338	0.724	1.000
dee204c557162a731ea340354860610515059ce1ce41689d7abc8d82719ce62b	df948d3a4c7e43129b7407456b2e0aa128c3ea0a43bf263ebc1b01e1929d993b	33.200	336	0.724	0.994
dee204c557162a731ea340354860610515059ce1ce41689d7abc8d82719ce62b	727b26fcc6959b0fcc9bcb5b87ea79aca1fa0406c63aa6b91f40f9d960bfb4ab	33.700	325	0.704	0.988
dee204c557162a731ea340354860610515059ce1ce41689d7abc8d82719ce62b	0c4137836138d753237fd97e1a92f177139873285b7b5acb1c0a230875a9184a	32.800	337	0.722	1.000
dee204c557162a731ea340354860610515059ce1ce41689d7abc8d82719ce62b	a645258f88cca25b922b4f4e3a684adeaf7a8d8ef13bb99210c8d17e11952af1	33.000	329	0.720	1.000
dee204c557162a731ea340354860610515059ce1ce41689d7abc8d82719ce62b	40b6ddeb322a59e0734b12f57c737b3eafc17ef25123d50d7ad65f6258ae26a2	33.300	331	0.720	1.000
dee204c557162a731ea340354860610515059ce1ce41689d7abc8d82719ce62b	65076fdd410659127d73d2e750e33898b41b93123838801855869d5d9b5f8703	33.300	334	0.722	1.000
dee204c557162a731ea340354860610515059ce1ce41689d7abc8d82719ce62b	55a66ed187e55075f906358980caa5ba5a35bcebd86912bc5f9caa9c0dac9e33	34.000	324	0.704	0.988
dee204c557162a731ea340354860610515059ce1ce41689d7abc8d82719ce62b	6589b6f03d0bfab748883ecce9ecd18934054df732ca42517df350d00719cfff	34.000	324	0.704	0.985
dee204c557162a731ea340354860610515059ce1ce41689d7abc8d82719ce62b	b4517eee5bed3d38ffafd9981947cdcf1d08039ebf993ffac3e5090e3d2fa64a	32.600	336	0.720	1.000
dee204c557162a731ea340354860610515059ce1ce41689d7abc8d82719ce62b	60cd98e34d8abf888babc1687beb78d240ff0825589c704c4ea5fecdd5426e34	33.300	329	0.704	0.988
dee204c557162a731ea340354860610515059ce1ce41689d7abc8d82719ce62b	b815baabfafb71ea6d6b9211ce7a7a93ee31f6c46e09e7735d04630da87d4c4d	32.300	320	0.706	0.984
dee204c557162a731ea340354860610515059ce1ce41689d7abc8d82719ce62b	f5cf791c1b33617ee0e6fe3ebe76a045900844c6bd1486236c0c0da3291ba25f	27.600	321	0.695	0.941
08ab69187b319cff68eba5e95e6d06f77a7a8e75e4b1a83c000f7ed2c160d37f	9a69f923b2bf45e20eed3905266ca7b53741b020e6fa203a9eddd813d4676ce3	25.700	450	0.714	0.847
08ab69187b319cff68eba5e95e6d06f77a7a8e75e4b1a83c000f7ed2c160d37f	0fb879da9be1b5029e2f03b78419810db3a9a5372dab75e4e95b7a38eb42fbaf	25.700	450	0.714	0.846
08ab69187b319cff68eba5e95e6d06f77a7a8e75e4b1a83c000f7ed2c160d37f	96bc14d3065c18370765770912bf3655de616c458543f8eb0987ae20382cc951	25.700	449	0.713	0.847
b263b22b3360761991316e48cb14cbf385b45dfebf9f369fcadc77201ad72e9e	6dff929d041f4c869b2ab193faf1e22fc9fc5ea38d7a9ca31162e51b62e2138e	100.000	241	0.282	1.000
b263b22b3360761991316e48cb14cbf385b45dfebf9f369fcadc77201ad72e9e	5b6ff9b694050278d448a3afb464531c466e61a41e553018db54b2ccf717835b	46.900	241	0.282	1.000
b263b22b3360761991316e48cb14cbf385b45dfebf9f369fcadc77201ad72e9e	39f78435c028e60c97d04e3135e78189602d99c60a6aba54d68a9a7683d8f12a	40.800	235	0.275	0.935
b263b22b3360761991316e48cb14cbf385b45dfebf9f369fcadc77201ad72e9e	36514696e3f525e5a93568e5d835d0106421870ce3deb7b0c42f1368e42a56d0	40.800	235	0.275	0.931
b263b22b3360761991316e48cb14cbf385b45dfebf9f369fcadc77201ad72e9e	920e7144690959c54b8595b3e428fb6081ac12b3c4c6cbce8b88040ae9281b26	39.200	239	0.280	0.992
b263b22b3360761991316e48cb14cbf385b45dfebf9f369fcadc77201ad72e9e	e2352108b1bb4471674cc27b40058771825e913fc1c046fb19255a6351b7b9e4	39.200	239	0.280	0.992
b263b22b3360761991316e48cb14cbf385b45dfebf9f369fcadc77201ad72e9e	10b0ebd18733b984a91bfcd3e5408d1d6a56585844abe509b6d8be6dd7c4caea	38.800	239	0.280	0.987
b263b22b3360761991316e48cb14cbf385b45dfebf9f369fcadc77201ad72e9e	ba6213ec81a406a01caeff9ab02b4590a0d2bc6257193b7d5a7ab79c08e14172	38.200	239	0.280	0.987
b263b22b3360761991316e48cb14cbf385b45dfebf9f369fcadc77201ad72e9e	5cf852b79ad589e479aa23bcc2817c23cf79b58d0592c8a43e7d4fba7a06a2c4	40.700	237	0.277	0.978
b263b22b3360761991316e48cb14cbf385b45dfebf9f369fcadc77201ad72e9e	b932f746fb3d34a8f0d0113907a167cd0705ecd080f024838e610b1331d74c32	39.500	237	0.275	0.979
b263b22b3360761991316e48cb14cbf385b45dfebf9f369fcadc77201ad72e9e	ae9d8362a9006b6af3ec05127a62c88efb874ae35ad9f13e217e63d4d2e34537	39.100	235	0.275	0.968
b263b22b3360761991316e48cb14cbf385b45dfebf9f369fcadc77201ad72e9e	687b2f31634f491ee83f98cfc61791bf7bf1e6b5886f5c6ebd7819bcb026628a	37.400	239	0.280	0.987
b263b22b3360761991316e48cb14cbf385b45dfebf9f369fcadc77201ad72e9e	c2f5134606577fcdfd389f6402b0903808536cf983199f9aa4725858a122683c	39.500	237	0.275	0.975
b263b22b3360761991316e48cb14cbf385b45dfebf9f369fcadc77201ad72e9e	216f9904222b47e75080df752a5a158880d8c4ca2360b30b18f5cd1ca842d0f7	39.100	237	0.275	0.979
b263b22b3360761991316e48cb14cbf385b45dfebf9f369fcadc77201ad72e9e	006f2d062a0f27c04faa6935723548636a37776f921636e3bba82e0d22865cad	39.100	237	0.275	0.975
b263b22b3360761991316e48cb14cbf385b45dfebf9f369fcadc77201ad72e9e	5036eb2e719e9a70b6801a51dc583db0132dd532c5d59d026a4c03d88ba91051	39.100	235	0.275	0.977
b263b22b3360761991316e48cb14cbf385b45dfebf9f369fcadc77201ad72e9e	bdd7e18fbc44629f61e3110ed917e6ec39a64f81fac6c0a13f46bae8037fc48e	38.700	235	0.275	0.968
b263b22b3360761991316e48cb14cbf385b45dfebf9f369fcadc77201ad72e9e	19c62e6fdf1ca9aac04cf8dd824e5d747fecefb2debbf5564da10794b11a7ef9	39.400	237	0.277	0.978
b263b22b3360761991316e48cb14cbf385b45dfebf9f369fcadc77201ad72e9e	216696a046e74223005a614889e8dd0ce66655c6cc861557774b914028cdc761	39.000	237	0.277	0.978
b263b22b3360761991316e48cb14cbf385b45dfebf9f369fcadc77201ad72e9e	ec9c46cbcf5aae951f5679a51bc55c468bcb35648aed994f11b3ba9f2a32f742	32.400	235	0.275	0.969
1abdf9f5fe8a5ce4b11f9b7b9cbbd0bc1697da6c82615add5f03f1f0cb3a0cbf	3c51fd8ce37aae2bc11be90007fc5e8fea0cb798244ef1d8b10f73b3eef069f4	31.500	195	0.657	0.735
1abdf9f5fe8a5ce4b11f9b7b9cbbd0bc1697da6c82615add5f03f1f0cb3a0cbf	328e638a411108e4961f36b4ea742215b2821b6befbfd1094f81bb1e6f2400d3	30.500	195	0.657	0.689
1abdf9f5fe8a5ce4b11f9b7b9cbbd0bc1697da6c82615add5f03f1f0cb3a0cbf	51ef49071b00d7a6a46b4542281759edc65979fecde61d1976cecf1b7788a67f	31.000	195	0.657	0.719
1abdf9f5fe8a5ce4b11f9b7b9cbbd0bc1697da6c82615add5f03f1f0cb3a0cbf	68d263d272df663782771e2727284513a09392e75322585eda09bf6ddc900f1c	30.500	195	0.657	0.690
1abdf9f5fe8a5ce4b11f9b7b9cbbd0bc1697da6c82615add5f03f1f0cb3a0cbf	504882b6ab04a2922ebab11cf63737368af4bb6d32d71bddd1342ee4b5177e06	28.400	280	0.943	0.641
1abdf9f5fe8a5ce4b11f9b7b9cbbd0bc1697da6c82615add5f03f1f0cb3a0cbf	cd91e735333f21a908e0478b67b21ad3262be7b20dd173ba170933f9ee35e17c	28.400	280	0.943	0.641
1abdf9f5fe8a5ce4b11f9b7b9cbbd0bc1697da6c82615add5f03f1f0cb3a0cbf	85b8dbaf5a7b0abe6681ef70e623d182dbfff360e0f03f47f7ed66e28d132c3d	29.700	195	0.657	0.715
1abdf9f5fe8a5ce4b11f9b7b9cbbd0bc1697da6c82615add5f03f1f0cb3a0cbf	a426859c2fdaf6ce556797ba9048d775c7853dfeea9e1be2f544a000e9a7c471	26.900	215	0.724	0.786
1abdf9f5fe8a5ce4b11f9b7b9cbbd0bc1697da6c82615add5f03f1f0cb3a0cbf	574136d04122b4f76ba4a35fe14358fc550b21feb1e28cbd5c6d3c75e5453140	26.400	215	0.724	0.762
1abdf9f5fe8a5ce4b11f9b7b9cbbd0bc1697da6c82615add5f03f1f0cb3a0cbf	ae227c5db744050b1d4e017463be97ea7221290db0bc24ddfabdec712960f7dc	26.400	215	0.724	0.756
1abdf9f5fe8a5ce4b11f9b7b9cbbd0bc1697da6c82615add5f03f1f0cb3a0cbf	e059cd0b395629825e28e0e9782d4b5659ff334b13a60e6c08c6e7ec61b98481	29.400	147	0.495	0.665
1abdf9f5fe8a5ce4b11f9b7b9cbbd0bc1697da6c82615add5f03f1f0cb3a0cbf	758d865388f9fb3767bd99e055023bdbb10a8511eaa54e1b2a2d077116f8f85e	26.400	215	0.724	0.791
1abdf9f5fe8a5ce4b11f9b7b9cbbd0bc1697da6c82615add5f03f1f0cb3a0cbf	f8fa617d2196c2e2b556c159f13fa36392d2ec75381cdfd61630428855cd1ebc	23.900	217	0.714	0.759
1abdf9f5fe8a5ce4b11f9b7b9cbbd0bc1697da6c82615add5f03f1f0cb3a0cbf	f80e1775e278cea20cecb990244fc2a7a447c134d61ff83da85fa797e835656c	22.200	239	0.805	0.671
1abdf9f5fe8a5ce4b11f9b7b9cbbd0bc1697da6c82615add5f03f1f0cb3a0cbf	77ce10b393d7c42ee0cc93f38875a7ed73f6ed58987c97e0201b8f668e125179	26.000	215	0.724	0.785
1abdf9f5fe8a5ce4b11f9b7b9cbbd0bc1697da6c82615add5f03f1f0cb3a0cbf	b5366aedc0c5463f45d8169155354aff98174536acc94905c952ebde0c831474	25.100	215	0.724	0.787
1abdf9f5fe8a5ce4b11f9b7b9cbbd0bc1697da6c82615add5f03f1f0cb3a0cbf	4210ad916b05ae2d57914160a5eb05d99281d9eee50fb1b4b161261a25566768	23.200	219	0.714	0.753
1abdf9f5fe8a5ce4b11f9b7b9cbbd0bc1697da6c82615add5f03f1f0cb3a0cbf	491838c637e038b138dac34f5b8b71838602a60419529e159fadf49d2e3af3b5	25.800	205	0.690	0.705
1abdf9f5fe8a5ce4b11f9b7b9cbbd0bc1697da6c82615add5f03f1f0cb3a0cbf	b5c11c0dca4639290f955618958d3b0b3ddee5d571c0bc843f46eb3ec8f9f64d	24.200	215	0.724	0.780
1abdf9f5fe8a5ce4b11f9b7b9cbbd0bc1697da6c82615add5f03f1f0cb3a0cbf	5fa8eb3391506fd7ae0f7e88f9e55613d660c21ad459d84c6a88f235038a0789	29.700	131	0.438	0.441
1bbbc0a536c5fd341317a791494f5243e68c7fcedc433d5027b256697cd81c14	4c2e865fec153015af17f716e6b4014c12fa732b7f36f4e389ae3f8c73e2c85b	89.900	505	0.982	1.000
1bbbc0a536c5fd341317a791494f5243e68c7fcedc433d5027b256697cd81c14	eb78180155afb7a86a77ed8ba97d8cbe347b401557a726290b0f0d5a19d5b608	86.500	498	0.969	1.000
1bbbc0a536c5fd341317a791494f5243e68c7fcedc433d5027b256697cd81c14	c0d3ffe5144a7d9f45a8e0092e4b53c50b5d763c01849b188a58ee9ea145d10d	83.800	489	0.951	1.000
1bbbc0a536c5fd341317a791494f5243e68c7fcedc433d5027b256697cd81c14	48e365553ec0af20557041616d17ebb005e583f8045307e5ca7ce5fd961f0acf	72.200	504	0.981	1.000
1bbbc0a536c5fd341317a791494f5243e68c7fcedc433d5027b256697cd81c14	c2d9cea6723fd3d26a5819c7dda5986bc9eaf0bc8323d1affd62a44b42f03dd4	39.200	451	0.877	0.912
1bbbc0a536c5fd341317a791494f5243e68c7fcedc433d5027b256697cd81c14	eba9d66848b2b74e1ac761de1a53d992617cab4f4d090439d855bad563582dc1	28.300	452	0.879	0.888
1bbbc0a536c5fd341317a791494f5243e68c7fcedc433d5027b256697cd81c14	f456ec2e4c19532eb6721b7e491e0519d393fac62b9ce754e233c019ffdac9b8	28.000	452	0.879	0.893
1bbbc0a536c5fd341317a791494f5243e68c7fcedc433d5027b256697cd81c14	8c1aff2279391e23fffb8a8df7a4ff691002facb2e0e2d256702864d771c925e	31.100	232	0.451	0.692
1bbbc0a536c5fd341317a791494f5243e68c7fcedc433d5027b256697cd81c14	348ad4e51802a49092f5de2176f29dc5f87eeee95cee1352cb23c193b16701bb	31.100	232	0.451	0.690
1bbbc0a536c5fd341317a791494f5243e68c7fcedc433d5027b256697cd81c14	da20b04d14e590c2622e5706ce178b60e1cd6679c65c5aca94f564e0ea170714	32.000	232	0.451	0.671
1bbbc0a536c5fd341317a791494f5243e68c7fcedc433d5027b256697cd81c14	f4ca33b7e516e2749c528210650738358c279ad6e8ac298c10dccd57c4a1e0de	31.100	232	0.451	0.672
1bbbc0a536c5fd341317a791494f5243e68c7fcedc433d5027b256697cd81c14	ff362f7ab208cdc477dee283d0dca19e9a04a96b6044051198754ff9a1d2d2a6	31.000	229	0.446	0.657
1bbbc0a536c5fd341317a791494f5243e68c7fcedc433d5027b256697cd81c14	d4789a3a17511039ad526bab2736f5b77898448fa675886528ab166f493d2aec	31.100	232	0.451	0.693
1bbbc0a536c5fd341317a791494f5243e68c7fcedc433d5027b256697cd81c14	e6aef1c764702d92d910cdf0fc4255563b7fb844f07c8dcdc8393fac163868a4	31.100	232	0.451	0.691
1bbbc0a536c5fd341317a791494f5243e68c7fcedc433d5027b256697cd81c14	4abe1599ad9b213c419af59fd10cf4da8e983e5465cc18a9a62ed9f13b3042ff	31.100	232	0.451	0.691
1bbbc0a536c5fd341317a791494f5243e68c7fcedc433d5027b256697cd81c14	63437b768d5b349a384a38a08214d2328fc45f91301bed2f4598daf6f10d6ca4	31.100	232	0.451	0.684
1bbbc0a536c5fd341317a791494f5243e68c7fcedc433d5027b256697cd81c14	d74a596bfd08a8d85f856f80bbc934195dda42dada4f28157c02ade4c0119baf	31.100	232	0.451	0.682
1bbbc0a536c5fd341317a791494f5243e68c7fcedc433d5027b256697cd81c14	f8661c824cf11205b99381c96659a28f29d1d4d13fbe8eb48f9ef756888cbebf	30.700	232	0.451	0.661
1bbbc0a536c5fd341317a791494f5243e68c7fcedc433d5027b256697cd81c14	b3cdd5a8c6d98f9615b2b8da19e1b9ec1241712122d22da255e39505eaf08ec3	30.100	229	0.446	0.653
1bbbc0a536c5fd341317a791494f5243e68c7fcedc433d5027b256697cd81c14	b315a01a9768b851b209ecfb2afc829f8be57899f555b44af784e47c3a4aea65	30.100	229	0.446	0.652
7f69aba6b465001d13b7bd7589de4d14647de313773b2cdfa0446b095330ee08	96bc14d3065c18370765770912bf3655de616c458543f8eb0987ae20382cc951	28.400	523	0.848	0.969
7f69aba6b465001d13b7bd7589de4d14647de313773b2cdfa0446b095330ee08	9a69f923b2bf45e20eed3905266ca7b53741b020e6fa203a9eddd813d4676ce3	28.400	523	0.848	0.967
7f69aba6b465001d13b7bd7589de4d14647de313773b2cdfa0446b095330ee08	0fb879da9be1b5029e2f03b78419810db3a9a5372dab75e4e95b7a38eb42fbaf	28.400	523	0.848	0.965
38d3fb10455121e6e2776c9e47b18b6a280de701ba834b0304a08f3619f58616	3805b8d8e9fd29d8c94e7e4515f94d612dae582352e4a11fea6c517de58bd695	100.000	269	0.954	1.000
38d3fb10455121e6e2776c9e47b18b6a280de701ba834b0304a08f3619f58616	a4f14e4720ac3c9c3ac4d66d5a689e067897e0fdaa7eaee04bf94752867d452f	100.000	268	0.950	1.000
38d3fb10455121e6e2776c9e47b18b6a280de701ba834b0304a08f3619f58616	c46a3b0bd0088a414819894d23496cd217e7b493131ad6b26125a2e36ee07e9e	99.600	269	0.954	1.000
38d3fb10455121e6e2776c9e47b18b6a280de701ba834b0304a08f3619f58616	c6004d5d06ff0676a4ab6dbe31def8bdc917217d9a789e094f2f80a98a5e1033	99.600	268	0.950	1.000
38d3fb10455121e6e2776c9e47b18b6a280de701ba834b0304a08f3619f58616	78ce0f4870c0d213f7d4bdd7fb540d6d79ac63ba57c3e50ef0608c4a495fbd18	99.600	268	0.950	1.000
38d3fb10455121e6e2776c9e47b18b6a280de701ba834b0304a08f3619f58616	b3aef72078a63132924ced28a2799e48a09eaeab554d6701aceaac5073f73492	100.000	267	0.947	1.000
38d3fb10455121e6e2776c9e47b18b6a280de701ba834b0304a08f3619f58616	f76968770099abb8449f3d370114e6dfa357cc0ae8d30378814b498af3f80d51	99.600	268	0.950	1.000
38d3fb10455121e6e2776c9e47b18b6a280de701ba834b0304a08f3619f58616	6684bee6f3e014fd764c0aeaa0d598199b8740811d61aa77c116debd75403673	100.000	265	0.940	1.000
38d3fb10455121e6e2776c9e47b18b6a280de701ba834b0304a08f3619f58616	9d47978ff6823cd39c04121e8c31fbab111153cc8248a34bf4b432d2cf50f7fa	100.000	264	0.936	1.000
38d3fb10455121e6e2776c9e47b18b6a280de701ba834b0304a08f3619f58616	0e275b0f6b9614898f407cff6777fbc53e64cf7caafa2efdff492e1880282514	100.000	263	0.933	1.000
38d3fb10455121e6e2776c9e47b18b6a280de701ba834b0304a08f3619f58616	c584bbdca1952d365c675cdc5d72ac8f55e511b85968023b97a899d86d25aba0	100.000	261	0.926	1.000
38d3fb10455121e6e2776c9e47b18b6a280de701ba834b0304a08f3619f58616	0c9e32bb446ae78e4691e406b5879959a9bbaf4ee9ba4232804fec6d2d8c0c70	100.000	261	0.926	1.000
38d3fb10455121e6e2776c9e47b18b6a280de701ba834b0304a08f3619f58616	dc104c829567ff18ff9dedd9bb640c863e0c643b31a0dcdb307f96564dccf850	100.000	261	0.926	1.000
38d3fb10455121e6e2776c9e47b18b6a280de701ba834b0304a08f3619f58616	269accba4965038c328594b542cfb8b2f031af12a0ba27dfd0182d899dbad948	100.000	259	0.918	1.000
38d3fb10455121e6e2776c9e47b18b6a280de701ba834b0304a08f3619f58616	6479a2232921a3be53e745c2928d2910bb1abb9b9f0f9887c7f27ee43660c8d9	100.000	258	0.915	1.000
38d3fb10455121e6e2776c9e47b18b6a280de701ba834b0304a08f3619f58616	d9fc2ceb3c50b49e1485b38fee35240f5f519e074d70d17d5adad0c0bb45f978	100.000	258	0.915	1.000
38d3fb10455121e6e2776c9e47b18b6a280de701ba834b0304a08f3619f58616	bac4dea9b4a0551310c21b43b7864051fabbbe52b361d2e9a0fe298fd92b7a0d	99.600	258	0.915	1.000
38d3fb10455121e6e2776c9e47b18b6a280de701ba834b0304a08f3619f58616	83f04370ef4286d073a2ac8b9200f57742ec24fe05a66505accbb52a0d9f2534	100.000	257	0.911	1.000
38d3fb10455121e6e2776c9e47b18b6a280de701ba834b0304a08f3619f58616	f547859c78edb5646fe7fb628c9aceeb13b175ce60ea2f99a72462072335628d	99.600	257	0.911	1.000
38d3fb10455121e6e2776c9e47b18b6a280de701ba834b0304a08f3619f58616	627c953911c7f05ba0e0ad0f8122e550d0dcd8f12b1856e1b5e061a32389bcdd	99.600	257	0.911	1.000
c1fd6a3590b53159505eb6b17dec8d5d5f5e8fbe40b0c075bea4b0b518dcca11	14f30929c0ed07ada8e2724cfdb31e9584275b5d4e71ab0b2e363d33fddfacb6	99.600	255	0.328	1.000
c1fd6a3590b53159505eb6b17dec8d5d5f5e8fbe40b0c075bea4b0b518dcca11	f1a796803cae72656709c61c14d2da2d5ac7e5f3edf78f92b2063bfe8a382467	99.600	253	0.326	1.000
c1fd6a3590b53159505eb6b17dec8d5d5f5e8fbe40b0c075bea4b0b518dcca11	4e426f7108621bde39d06a6bd5f427457b2b80c723b6abd56d8b5fc836c38430	98.000	250	0.322	1.000
c1fd6a3590b53159505eb6b17dec8d5d5f5e8fbe40b0c075bea4b0b518dcca11	4ec98afa44ced0dc519a699772091dc336553cab11651f319bf51c81342014d3	97.900	249	0.320	1.000
c1fd6a3590b53159505eb6b17dec8d5d5f5e8fbe40b0c075bea4b0b518dcca11	d9545ff40a0f0e226213c264d6a6baafce92e88dcd52365ee465bb0cfb2b299b	97.900	248	0.319	1.000
c1fd6a3590b53159505eb6b17dec8d5d5f5e8fbe40b0c075bea4b0b518dcca11	3a0b3e17f6d9edde9c44607fbd0242b6976c2fd75fb8443ca66ddc9fe5666bd4	96.300	249	0.320	0.992
c1fd6a3590b53159505eb6b17dec8d5d5f5e8fbe40b0c075bea4b0b518dcca11	b8a3e88f1ee70ff90dbcc8ee620543ffaae8d870dd80cef699564ca6a994002a	95.900	247	0.318	1.000
c1fd6a3590b53159505eb6b17dec8d5d5f5e8fbe40b0c075bea4b0b518dcca11	5fe91743a2bcae1bc9410f5426364aa14c8d5f224bf99a4366dd995dd9363e1e	92.700	249	0.320	0.996
c1fd6a3590b53159505eb6b17dec8d5d5f5e8fbe40b0c075bea4b0b518dcca11	75671778977fa4baf46422cfe05dee294479a2ac07e788865c55f40de33502b6	92.700	247	0.318	1.000
c1fd6a3590b53159505eb6b17dec8d5d5f5e8fbe40b0c075bea4b0b518dcca11	098c1ba2c3fed9b4815c9f7596e4a66b2936a3835ae93f2fb1f5434bf2a8a522	78.600	248	0.319	0.996
c1fd6a3590b53159505eb6b17dec8d5d5f5e8fbe40b0c075bea4b0b518dcca11	7f5858c37422bb83dda5aa024d19a71680ee828878ac393a7554f4b43eb5f21f	65.000	245	0.315	0.996
c1fd6a3590b53159505eb6b17dec8d5d5f5e8fbe40b0c075bea4b0b518dcca11	b74a535886d49f8918a02ced8e084f5ad282a6e4e0818badcf2aa35ec706bb8e	64.600	245	0.315	0.996
c1fd6a3590b53159505eb6b17dec8d5d5f5e8fbe40b0c075bea4b0b518dcca11	f105deb7178dfc2d567f44e5a206d365beb89363989e172c949ee545acf179d8	56.500	251	0.322	0.992
c1fd6a3590b53159505eb6b17dec8d5d5f5e8fbe40b0c075bea4b0b518dcca11	eca3495a6d5750ac00ee26f0767e71da79a025a1bb1938829692ca04a82e76f5	54.500	250	0.322	1.000
c1fd6a3590b53159505eb6b17dec8d5d5f5e8fbe40b0c075bea4b0b518dcca11	140eb1dfb55d95f883b543272095dd4b1d81a7644383dc9ad458e4956b71a7f3	53.700	251	0.322	1.000
c1fd6a3590b53159505eb6b17dec8d5d5f5e8fbe40b0c075bea4b0b518dcca11	ab583771e47dee700de7a56c1ab58cb5047af8498f7c3b4514c6fa477a1cb792	54.400	249	0.320	1.000
c1fd6a3590b53159505eb6b17dec8d5d5f5e8fbe40b0c075bea4b0b518dcca11	ea157da15be8c9c9d876b8fa24334bc616318b333e42b1a80c9fd824e18c4720	53.600	250	0.320	1.000
c1fd6a3590b53159505eb6b17dec8d5d5f5e8fbe40b0c075bea4b0b518dcca11	825e711c3e0f1d8ac1db4ed315781fb9fce7132a4cbb5a5da97f7d4eacf486d8	53.800	249	0.319	1.000
c1fd6a3590b53159505eb6b17dec8d5d5f5e8fbe40b0c075bea4b0b518dcca11	6672962f04665dde5a924356363b4146e5dd0142c2cd9042a254f403bed1cf38	52.400	250	0.322	0.996
c1fd6a3590b53159505eb6b17dec8d5d5f5e8fbe40b0c075bea4b0b518dcca11	8b54b9fcd82f4a72f4555a645eacff71824903a10eaefa79a9bafecfdf3e0e18	51.600	250	0.322	1.000
5aef15f6bb81341da8260a405cabd1c1ae00a7a70f723d774c62fd995a35cd57	6adfef6a0104a2f4b1373c959c38c7dfd81312726abc2786218b7e600abf74af	35.700	466	0.975	0.996
5aef15f6bb81341da8260a405cabd1c1ae00a7a70f723d774c62fd995a35cd57	d808596bdf268e522b0a8fbc4c98b083ba6821078569c2b6919e7695cbb74902	31.900	94	0.200	0.178
5aef15f6bb81341da8260a405cabd1c1ae00a7a70f723d774c62fd995a35cd57	f44ff0d85c7a7b9ffe99e69bfb70f5d88384fc0257aec02d7212edf4ad21ca85	31.900	94	0.200	0.178
5aef15f6bb81341da8260a405cabd1c1ae00a7a70f723d774c62fd995a35cd57	949b28eb91ba81df906c3e42a51dade893fea7d823c0cd5967ee76583ca0eeb4	31.900	94	0.200	0.178
5aef15f6bb81341da8260a405cabd1c1ae00a7a70f723d774c62fd995a35cd57	5cdb8ae7d27d6095afafdcdb84a8ec5e016513e6930b1322ecfb7612d2535cc9	31.900	94	0.200	0.178
9ad30b302d829ba44376320f59e0b2fe672666ce3609dacfa60ce0ac848856d4	f20e8b762edb5923b68fd73d52c86578081522a05ffea65eee882e5ec8aa8fa7	100.000	295	0.993	1.000
9ad30b302d829ba44376320f59e0b2fe672666ce3609dacfa60ce0ac848856d4	12f974dd3bea64cba77b2ff8f6fa1a64730eb2916a7a26d7d8ebb708df817882	98.900	295	0.993	1.000
9ad30b302d829ba44376320f59e0b2fe672666ce3609dacfa60ce0ac848856d4	456bcf7f4b732cb0b81eb45c883a736ca0fcd40decdbcf5798d161cf3d7d7f38	61.600	292	0.983	0.993
9ad30b302d829ba44376320f59e0b2fe672666ce3609dacfa60ce0ac848856d4	669b46ad72c195278f9b416a5cedfd42431a6fa58dc088c350de6014a1c9a3b6	61.600	292	0.983	0.986
9ad30b302d829ba44376320f59e0b2fe672666ce3609dacfa60ce0ac848856d4	debe68653d8084ab1a85355dc1aa29a51091d7229c8cec1f6b169dcbc05557ba	61.500	286	0.963	0.989
9ad30b302d829ba44376320f59e0b2fe672666ce3609dacfa60ce0ac848856d4	d333312a77e399c3a4016ba815bf10002f6589d9ec3e0ee4bcc6f88599463478	61.700	285	0.960	0.996
9ad30b302d829ba44376320f59e0b2fe672666ce3609dacfa60ce0ac848856d4	b1f972148e02fa876cf2d49396cbca03c743d836c39c9b2f0e25e3b6782c7d2a	61.700	285	0.960	0.989
9ad30b302d829ba44376320f59e0b2fe672666ce3609dacfa60ce0ac848856d4	ffaac0f2a50ce54321d6b3090a1a34a960ad725bc91049b586d2c73be8330df2	61.700	285	0.960	0.986
9ad30b302d829ba44376320f59e0b2fe672666ce3609dacfa60ce0ac848856d4	46de96c1fe55a8c131c5e0a89d6e1312340d9a2bf8ca3fa06891f565af588e2a	57.700	291	0.980	0.871
9ad30b302d829ba44376320f59e0b2fe672666ce3609dacfa60ce0ac848856d4	3a8fe1c6fa7940e946ec6e146738fed341ee4cb89c9e832eff932508ec2fa2f4	57.700	291	0.980	0.868
9ad30b302d829ba44376320f59e0b2fe672666ce3609dacfa60ce0ac848856d4	deba864c514eb42b99bfb3cacba47a7309b36f9f3ddd8342360206e0195e653c	57.700	291	0.980	0.865
9ad30b302d829ba44376320f59e0b2fe672666ce3609dacfa60ce0ac848856d4	6bee24c384d620bb86b435d139e9cf50bd8efbc5267792b5cbb5c65513f39e0b	57.700	291	0.980	0.863
9ad30b302d829ba44376320f59e0b2fe672666ce3609dacfa60ce0ac848856d4	5118ce7569282a8ade4cb8494b7171dd21f4b9d306c32530bfcfd99bf6db21e6	57.700	289	0.973	0.573
9ad30b302d829ba44376320f59e0b2fe672666ce3609dacfa60ce0ac848856d4	32e9a2fadbd6dceccd6fe5e9d58347610a16c6b4e880583a63588b06df44007d	57.700	289	0.973	0.558
9ad30b302d829ba44376320f59e0b2fe672666ce3609dacfa60ce0ac848856d4	d8278a183153c53bbc88606fcd6734057f45480e99fce04073137dd840e8d795	57.700	289	0.973	0.556
9ad30b302d829ba44376320f59e0b2fe672666ce3609dacfa60ce0ac848856d4	4a2ed76ead43c9dfef7b6d8bb84b95bed9ac88c799fd4c6b5a2b075e4db9061f	57.700	289	0.973	0.555
9ad30b302d829ba44376320f59e0b2fe672666ce3609dacfa60ce0ac848856d4	10db499d2ef742a973f1914598828f95a4041979672e18b359210e34acd0c95e	57.700	289	0.973	0.554
9ad30b302d829ba44376320f59e0b2fe672666ce3609dacfa60ce0ac848856d4	c61ad568e98e58b36228b9c5170e15ea8100813cb16a71c84b7823f38b15eeab	57.700	289	0.973	0.553
9ad30b302d829ba44376320f59e0b2fe672666ce3609dacfa60ce0ac848856d4	9b6e15256002f3fbedf8f3f51bc7e215f1e48572a89f3f5af452fe53a78ec530	57.700	289	0.973	0.553
9ad30b302d829ba44376320f59e0b2fe672666ce3609dacfa60ce0ac848856d4	12379b403a9469cadd2f659b8110b939de40dc379911f34290b7b7b898de4f38	57.700	289	0.973	0.549
b04020d6a298b87e7e20c83b346f59825468dc2001355b699e4b91d67d9bea6c	4e9292ad412832f5ccaeee6eb260bde180ed63effb3ba03b2ead2d7b20f489e6	100.000	216	0.295	1.000
b04020d6a298b87e7e20c83b346f59825468dc2001355b699e4b91d67d9bea6c	5396ccf23117c17082f0a2f18198ad7872a1e2649523efa44cb56f4b9295bb4f	100.000	215	0.294	1.000
b04020d6a298b87e7e20c83b346f59825468dc2001355b699e4b91d67d9bea6c	b9f8bc46697d281c0aa67724994e10899406f8b63876894531507d8942e5e0f9	100.000	215	0.294	1.000
b04020d6a298b87e7e20c83b346f59825468dc2001355b699e4b91d67d9bea6c	d5606f89584f6a160529335ed4a2e325816eba4ba1e83e44dcaacaca5f6fb73b	99.500	214	0.292	1.000
b04020d6a298b87e7e20c83b346f59825468dc2001355b699e4b91d67d9bea6c	c61ab5a26b192ac0273b970ff8312b30237013015a1da16faf1ff83beb47c860	99.500	213	0.291	1.000
b04020d6a298b87e7e20c83b346f59825468dc2001355b699e4b91d67d9bea6c	010a49a267558b57e06db56a18175c5bc59e75f2651569860bde7b353813ffc6	100.000	213	0.291	1.000
b04020d6a298b87e7e20c83b346f59825468dc2001355b699e4b91d67d9bea6c	4e951796a5968dad0789b4ea43dec82d2e370d74620939d3135876a882f25e6e	100.000	210	0.287	1.000
b04020d6a298b87e7e20c83b346f59825468dc2001355b699e4b91d67d9bea6c	dce1bd5c335284cf0b32535d7b22298f763f02fc2df0e14a4894c3264837fc63	99.500	210	0.287	1.000
b04020d6a298b87e7e20c83b346f59825468dc2001355b699e4b91d67d9bea6c	032dccf5f44951f61fc6716e5f802b1cf73cb4dc9f54dcee196256c8e5a23d79	100.000	209	0.286	1.000
b04020d6a298b87e7e20c83b346f59825468dc2001355b699e4b91d67d9bea6c	5a9565370fe3e23bd89ca84a922995c23c422059a114463dc907188e08864e14	100.000	208	0.284	1.000
b04020d6a298b87e7e20c83b346f59825468dc2001355b699e4b91d67d9bea6c	ef40fe8e4581a721d2db11c75138c9355ddf4d5a80716ff16735c21b46a644bb	99.500	208	0.284	1.000
b04020d6a298b87e7e20c83b346f59825468dc2001355b699e4b91d67d9bea6c	21a5f7eee03789e73a5db29d72478666b77d27c70b21c71bf3601162beb83c99	100.000	207	0.283	1.000
b04020d6a298b87e7e20c83b346f59825468dc2001355b699e4b91d67d9bea6c	bb3cd3761f749d6d4a855667c93388207c51777fe743c7fe53da21927016abad	100.000	207	0.283	0.995
b04020d6a298b87e7e20c83b346f59825468dc2001355b699e4b91d67d9bea6c	108d253cabd9c9ac1a6349fc7b692a42e97891da069731ac142aaa1b27219bba	99.500	207	0.283	1.000
b04020d6a298b87e7e20c83b346f59825468dc2001355b699e4b91d67d9bea6c	22839fab6074726316d143e47cf28929c6c8befaa177403abd4991aa61b4310e	92.800	210	0.287	1.000
b04020d6a298b87e7e20c83b346f59825468dc2001355b699e4b91d67d9bea6c	0ed5bf3d8103929ca3f79c3f29204f148348b6deb5e6c7eca1281171d17abfca	79.200	207	0.281	0.972
b04020d6a298b87e7e20c83b346f59825468dc2001355b699e4b91d67d9bea6c	020949a11baacfbc90be1a1e3fe7a417c3ba7ab04cf540573863244fce0fc971	72.800	206	0.281	0.963
b04020d6a298b87e7e20c83b346f59825468dc2001355b699e4b91d67d9bea6c	e189e47927ecf7326975d7cf092ec9b0ea552f8a25a0a3c2823ad454b8de85bf	70.500	214	0.291	0.982
b04020d6a298b87e7e20c83b346f59825468dc2001355b699e4b91d67d9bea6c	05b83fe6821887a22d48182a93025a7cc0f21184a3b67f0a8d4542a34ab56d69	71.200	209	0.284	0.986
b04020d6a298b87e7e20c83b346f59825468dc2001355b699e4b91d67d9bea6c	16f55076de82449947f15d7db0042751fb62819d5f7c2ec9f193c77b2e5f3c05	70.800	209	0.284	0.977
18cfcceb98a9038e6779612d14ace53d0aff6571aa0791edd832fefbcdc5c44b	f3294beb3b960eed5d452c7976b9e74f90cd9ac5a0f1b974111e1c5e7a039c72	37.300	217	0.429	0.973
18cfcceb98a9038e6779612d14ace53d0aff6571aa0791edd832fefbcdc5c44b	849e3cb253b7e1bedb6bc53bdfb3ef8a175d41d6b84451fbeb6e5dd0067df974	37.300	217	0.429	0.968
18cfcceb98a9038e6779612d14ace53d0aff6571aa0791edd832fefbcdc5c44b	b434ce54ad0d019ce103f875572214e0ae46862d1173405ebdf92a6acf326dfa	37.300	217	0.429	0.964
18cfcceb98a9038e6779612d14ace53d0aff6571aa0791edd832fefbcdc5c44b	6807fcbc3ff0c3835541ca16e21ac5d9f1132606472d91dc0e50c75ca9cd33f2	30.600	201	0.397	0.630
18cfcceb98a9038e6779612d14ace53d0aff6571aa0791edd832fefbcdc5c44b	9e85c0a14cb5a00373710f3344664a428ad097a17c17fdaa0084cdbe1a210e9f	26.200	313	0.613	0.960
18cfcceb98a9038e6779612d14ace53d0aff6571aa0791edd832fefbcdc5c44b	3f570edb80ccdc727bcbb52524b7f657ba4f0810fdcf2fed9057bbe772818844	26.200	304	0.591	0.953
18cfcceb98a9038e6779612d14ace53d0aff6571aa0791edd832fefbcdc5c44b	82ecce1f8826e0b2138214e711d7ee20f2cfed36aa9044dc4742c28bd04f87ba	30.500	209	0.413	0.634
18cfcceb98a9038e6779612d14ace53d0aff6571aa0791edd832fefbcdc5c44b	a7d2bb5d9a9422eb4110d45de9fdc7816ae01c87989b22b327ea898e0ad8725e	24.300	277	0.516	0.845
18cfcceb98a9038e6779612d14ace53d0aff6571aa0791edd832fefbcdc5c44b	60aaf0f907d34ec1896a493c0865a40d0426f2a69bcf63369d643820c0e2f111	21.700	287	0.567	0.811
18cfcceb98a9038e6779612d14ace53d0aff6571aa0791edd832fefbcdc5c44b	a9115567dc2419e5fa4e3eac49f98215d4e202e5d6d4dbf6e25c74967a12b750	24.800	161	0.289	0.369
18cfcceb98a9038e6779612d14ace53d0aff6571aa0791edd832fefbcdc5c44b	7d5f0a613cfd7c0781e7d9fdb79bf0d5d8e24ff773d4f8335aeb46aa8992816d	24.800	161	0.289	0.368
18cfcceb98a9038e6779612d14ace53d0aff6571aa0791edd832fefbcdc5c44b	0414df73567116a5614eda5679f0f563675a123e76f8681877886276699eea16	24.800	161	0.289	0.368
18cfcceb98a9038e6779612d14ace53d0aff6571aa0791edd832fefbcdc5c44b	9acc3cc58528b8cfcfd5301a8f2a8ff923cc6dd5c170cc74b874bfcd02af591e	24.800	161	0.289	0.365
18cfcceb98a9038e6779612d14ace53d0aff6571aa0791edd832fefbcdc5c44b	b088b609e5739ae009addf276432427261653ac9e93548d5fe6801dcb442146b	29.600	123	0.237	0.292
18cfcceb98a9038e6779612d14ace53d0aff6571aa0791edd832fefbcdc5c44b	4b7a8277c049e4f0c7da80954a9ebabb9bd557ecd1460168c7d03bdc1c04b821	29.600	126	0.237	0.311
18cfcceb98a9038e6779612d14ace53d0aff6571aa0791edd832fefbcdc5c44b	a59ec7a59d44857a93a5b84f2cef485e76eddb99c08470b488fcc974b007b024	29.600	126	0.237	0.307
18cfcceb98a9038e6779612d14ace53d0aff6571aa0791edd832fefbcdc5c44b	68854512a247da751629358f4574ef59affb32d65a1a6b35566fce28311782b0	29.600	126	0.237	0.306
bc389b758c19f1d32f942839e8c94698ba1429dad6237bc90f8198b164cff6d2	6e4574b0acea26eb25264db6ad92af64ed60692b703311fcc253b888cf6af8dd	100.000	173	0.363	1.000
bc389b758c19f1d32f942839e8c94698ba1429dad6237bc90f8198b164cff6d2	55273506ab6eb28d6e1cdf489bb65288065a4ff77d70206f8437d42d0e793327	100.000	171	0.358	1.000
bc389b758c19f1d32f942839e8c94698ba1429dad6237bc90f8198b164cff6d2	2dae4f3c64e364f9dfd2579f3794bf5ef6c8be1a08a21e6631b7c865231a0935	100.000	169	0.354	1.000
bc389b758c19f1d32f942839e8c94698ba1429dad6237bc90f8198b164cff6d2	97ef3fcbab5f3049136159514fb3ad156b13ed6b4f114f8a0e05e04a6f17ebf0	98.800	173	0.363	1.000
bc389b758c19f1d32f942839e8c94698ba1429dad6237bc90f8198b164cff6d2	db12e65cbbf12e51f3ee0cfecadb69d95ee71d4841b4ef48804fd1459c7d245b	100.000	168	0.352	1.000
bc389b758c19f1d32f942839e8c94698ba1429dad6237bc90f8198b164cff6d2	a329248808ece901adc895d855a6f2658fa0deb5624be43ba447a3a6e642ffc1	100.000	167	0.350	1.000
bc389b758c19f1d32f942839e8c94698ba1429dad6237bc90f8198b164cff6d2	3936e65f211c0e8589914356b979d5e68c14ca4c748e1f0a788d790b7d99e19a	99.300	166	0.348	0.994
bc389b758c19f1d32f942839e8c94698ba1429dad6237bc90f8198b164cff6d2	d23e7e61dd7b762c7f27a79923d7acac93c57d63b33055debfb0a7e6ec0cd4b7	100.000	165	0.346	1.000
bc389b758c19f1d32f942839e8c94698ba1429dad6237bc90f8198b164cff6d2	fd32ea1c9f15d93876013052cab63a79d4369734f802966a9f412df47efe41c8	95.900	173	0.363	1.000
bc389b758c19f1d32f942839e8c94698ba1429dad6237bc90f8198b164cff6d2	3783c3ad341b68c4aa0a0aab421ebab6f3433ecc85b738f56d8c5c88288d71f7	100.000	160	0.335	1.000
bc389b758c19f1d32f942839e8c94698ba1429dad6237bc90f8198b164cff6d2	b7b797219465e6ec24cd61ff45345089401b06973c14aac2348d54aa68ade990	85.600	160	0.335	1.000
bc389b758c19f1d32f942839e8c94698ba1429dad6237bc90f8198b164cff6d2	8ea5620656ae988f447c2a196123c52fa0bf7b32905aecafd2c82f292de576e0	84.900	159	0.333	1.000
bc389b758c19f1d32f942839e8c94698ba1429dad6237bc90f8198b164cff6d2	5d3542edcd59e0acff19140a0ebc02c5a3557bb31f85e65b400816c82b5d4abe	85.400	158	0.331	1.000
bc389b758c19f1d32f942839e8c94698ba1429dad6237bc90f8198b164cff6d2	403bc22a4bac297dd6dce68a8058dc59e85e240f68e408cde6f272a1c191614a	62.000	166	0.348	1.000
bc389b758c19f1d32f942839e8c94698ba1429dad6237bc90f8198b164cff6d2	673cfc0564fdd7527db27b7aecf6d8c3f44ca2fdeb78349d4182f50b66f18dcf	62.000	166	0.348	0.988
bc389b758c19f1d32f942839e8c94698ba1429dad6237bc90f8198b164cff6d2	094989876d910a95d89d30af8dfd09b5c43ffd7c48ff1347580aa6baa7228a65	62.000	166	0.348	0.982
bc389b758c19f1d32f942839e8c94698ba1429dad6237bc90f8198b164cff6d2	0fcc3f3ebb89bd2bf99770c6fe71041434c1fce290cb5ebf1d018308fe4579d1	62.000	166	0.348	1.000
bc389b758c19f1d32f942839e8c94698ba1429dad6237bc90f8198b164cff6d2	5e387ad71fce08b5c952ffb29b48e4ba78be867070307001479762822742e7ae	63.100	163	0.342	0.976
bc389b758c19f1d32f942839e8c94698ba1429dad6237bc90f8198b164cff6d2	146c2e21adb9fa6d321c8ef4c9f2de2b6d48363b40f028d955993f8599d0e38f	62.000	166	0.348	0.994
bc389b758c19f1d32f942839e8c94698ba1429dad6237bc90f8198b164cff6d2	e59ddea590595f787d4b784150f3fe4433da01c00896f9365180bb3bd12f1af7	62.000	166	0.348	0.988
38e97d50880fc5ed6f0b961be3eff31062d9e7c8ddaa271c5384bb59ca0ce846	948b399c41429f143e2a1c05cee35d70456a4675746d9ff526ef7609253f8969	99.700	497	0.927	0.998
38e97d50880fc5ed6f0b961be3eff31062d9e7c8ddaa271c5384bb59ca0ce846	e61ffe3a5b0ca62945cce2ce82bb3534282854a4dff7d389a8d0aacfd25ea691	99.500	497	0.927	0.996
38e97d50880fc5ed6f0b961be3eff31062d9e7c8ddaa271c5384bb59ca0ce846	58cc7cc581bcfe7421a58558a1f5a6a5a399d2c509fbb8f4b05c32d43f2ab4c6	98.900	497	0.927	0.996
38e97d50880fc5ed6f0b961be3eff31062d9e7c8ddaa271c5384bb59ca0ce846	1898d0718454e39c07a63550fc26bc1e9bc2db52a3194396b8d54eb1491039c4	30.700	432	0.806	0.928
94f997e8d7d44225d61d08b97659620e755c3a48269a7711847ad349a9125830	328e638a411108e4961f36b4ea742215b2821b6befbfd1094f81bb1e6f2400d3	31.900	234	0.772	0.800
94f997e8d7d44225d61d08b97659620e755c3a48269a7711847ad349a9125830	51ef49071b00d7a6a46b4542281759edc65979fecde61d1976cecf1b7788a67f	31.900	234	0.772	0.838
94f997e8d7d44225d61d08b97659620e755c3a48269a7711847ad349a9125830	68d263d272df663782771e2727284513a09392e75322585eda09bf6ddc900f1c	31.000	234	0.772	0.801
94f997e8d7d44225d61d08b97659620e755c3a48269a7711847ad349a9125830	85b8dbaf5a7b0abe6681ef70e623d182dbfff360e0f03f47f7ed66e28d132c3d	30.800	234	0.772	0.835
94f997e8d7d44225d61d08b97659620e755c3a48269a7711847ad349a9125830	3c51fd8ce37aae2bc11be90007fc5e8fea0cb798244ef1d8b10f73b3eef069f4	28.600	202	0.667	0.731
94f997e8d7d44225d61d08b97659620e755c3a48269a7711847ad349a9125830	574136d04122b4f76ba4a35fe14358fc550b21feb1e28cbd5c6d3c75e5453140	27.700	216	0.713	0.736
94f997e8d7d44225d61d08b97659620e755c3a48269a7711847ad349a9125830	ae227c5db744050b1d4e017463be97ea7221290db0bc24ddfabdec712960f7dc	27.700	216	0.713	0.731
94f997e8d7d44225d61d08b97659620e755c3a48269a7711847ad349a9125830	a426859c2fdaf6ce556797ba9048d775c7853dfeea9e1be2f544a000e9a7c471	27.700	216	0.713	0.760
94f997e8d7d44225d61d08b97659620e755c3a48269a7711847ad349a9125830	758d865388f9fb3767bd99e055023bdbb10a8511eaa54e1b2a2d077116f8f85e	27.700	216	0.713	0.764
94f997e8d7d44225d61d08b97659620e755c3a48269a7711847ad349a9125830	77ce10b393d7c42ee0cc93f38875a7ed73f6ed58987c97e0201b8f668e125179	27.300	216	0.713	0.758
94f997e8d7d44225d61d08b97659620e755c3a48269a7711847ad349a9125830	b5366aedc0c5463f45d8169155354aff98174536acc94905c952ebde0c831474	26.800	216	0.713	0.760
94f997e8d7d44225d61d08b97659620e755c3a48269a7711847ad349a9125830	491838c637e038b138dac34f5b8b71838602a60419529e159fadf49d2e3af3b5	26.800	216	0.713	0.716
94f997e8d7d44225d61d08b97659620e755c3a48269a7711847ad349a9125830	f8fa617d2196c2e2b556c159f13fa36392d2ec75381cdfd61630428855cd1ebc	26.100	283	0.934	0.923
94f997e8d7d44225d61d08b97659620e755c3a48269a7711847ad349a9125830	4210ad916b05ae2d57914160a5eb05d99281d9eee50fb1b4b161261a25566768	26.300	278	0.917	0.911
94f997e8d7d44225d61d08b97659620e755c3a48269a7711847ad349a9125830	b5c11c0dca4639290f955618958d3b0b3ddee5d571c0bc843f46eb3ec8f9f64d	25.900	216	0.713	0.752
94f997e8d7d44225d61d08b97659620e755c3a48269a7711847ad349a9125830	504882b6ab04a2922ebab11cf63737368af4bb6d32d71bddd1342ee4b5177e06	25.000	281	0.927	0.625
94f997e8d7d44225d61d08b97659620e755c3a48269a7711847ad349a9125830	cd91e735333f21a908e0478b67b21ad3262be7b20dd173ba170933f9ee35e17c	25.000	281	0.927	0.626
94f997e8d7d44225d61d08b97659620e755c3a48269a7711847ad349a9125830	1ba2915bade76ed334209ac2007283753fcac82cd4964238333b80c2d3cb8b78	28.800	211	0.683	0.692
94f997e8d7d44225d61d08b97659620e755c3a48269a7711847ad349a9125830	f80e1775e278cea20cecb990244fc2a7a447c134d61ff83da85fa797e835656c	26.200	208	0.686	0.594
94f997e8d7d44225d61d08b97659620e755c3a48269a7711847ad349a9125830	e059cd0b395629825e28e0e9782d4b5659ff334b13a60e6c08c6e7ec61b98481	28.000	156	0.515	0.660
3c2d3802561decb71d3d3e276208dbb64563156e7053ecddaaad085b65cffc78	0fbd097e87abc42738ef1d0416ca7be3e54eaaa8fdd8ba40d57732a47699ced2	96.600	389	0.838	0.997
3c2d3802561decb71d3d3e276208dbb64563156e7053ecddaaad085b65cffc78	023d65bcf7191cc4a3777d38504b1b59c1b0db8d53baf39d2881085a6a6bd0e8	94.000	389	0.838	0.997
3c2d3802561decb71d3d3e276208dbb64563156e7053ecddaaad085b65cffc78	8571fa1129152e15afd076b8517e4e5c16a96e3aaf7075cd60bc2cfd55454c72	93.800	389	0.838	0.997
3c2d3802561decb71d3d3e276208dbb64563156e7053ecddaaad085b65cffc78	af98aaf717479a5dd737df5f67dbf76c942fb4e699de38d615bebedabf9b0648	93.800	388	0.836	0.997
3c2d3802561decb71d3d3e276208dbb64563156e7053ecddaaad085b65cffc78	ff6b0d0f9a695e17e72d8fe2f5c9c9a8a05e094b8bfdaad725ab9094a79657d3	35.300	351	0.756	0.904
3c2d3802561decb71d3d3e276208dbb64563156e7053ecddaaad085b65cffc78	88e62aec913555929c633a0b09351201cfbb1372b3c33fff79f61b0b1eb3c235	34.500	351	0.756	0.904
3c2d3802561decb71d3d3e276208dbb64563156e7053ecddaaad085b65cffc78	51a76ea7a6d0e0f13c9b93e0f7ab5b3cb8837a063697a1896975b2e3a30aec54	34.200	351	0.756	0.904
3c2d3802561decb71d3d3e276208dbb64563156e7053ecddaaad085b65cffc78	c472d4ad0bb473fc8451e13d1b66d52ac5b42ba8af7f3ec03f9129d7345f397c	34.200	351	0.756	0.904
3c2d3802561decb71d3d3e276208dbb64563156e7053ecddaaad085b65cffc78	c4f2f238b2e481ef7e4cf2da388b7d200f5fa31de42409f1914fc62d38c7675c	35.800	334	0.720	0.860
3c2d3802561decb71d3d3e276208dbb64563156e7053ecddaaad085b65cffc78	996c2786fd259511cd60d35a614a9ef63b102153ef3ca48751f937bab85ef4e4	32.600	334	0.720	0.856
3c2d3802561decb71d3d3e276208dbb64563156e7053ecddaaad085b65cffc78	6f2f4365ac8069c3ca65141e105422297a37f90ebf8a06ec4906fd86bd8f7520	32.600	334	0.720	0.856
3c2d3802561decb71d3d3e276208dbb64563156e7053ecddaaad085b65cffc78	fbf063f860b8eb0f09e93067a125da7b8e1aa0130e5d1b647f9bac768a8dc7cf	31.700	334	0.720	0.856
3c2d3802561decb71d3d3e276208dbb64563156e7053ecddaaad085b65cffc78	9da9cdd3213944b375e896c2e9b9e2d717d47215e265b547b4a7f2d2d304e613	31.600	360	0.776	0.920
3c2d3802561decb71d3d3e276208dbb64563156e7053ecddaaad085b65cffc78	d870e8a874197e607ac16bfc407efbfb6aba97a71e4c03de53cd3a5449cae50e	31.600	360	0.776	0.918
3c2d3802561decb71d3d3e276208dbb64563156e7053ecddaaad085b65cffc78	c44f50fa4477993fe5f5ad34acff88e1990ecccfaa9af1e2984f8d833a5122e6	31.600	360	0.776	0.918
3c2d3802561decb71d3d3e276208dbb64563156e7053ecddaaad085b65cffc78	382d38dced4cb550699f17f9bdcec6af66488200022e2a076336434aec96ea5e	31.300	360	0.776	0.918
3c2d3802561decb71d3d3e276208dbb64563156e7053ecddaaad085b65cffc78	2bfa9ace406c5c02d1b376bcdbb2eb382f46ca1583e590aadcec8dffc07aa172	31.300	360	0.776	0.918
966de76036b828b23b4f7a141190c410f327cfe7f3a24c13b51a0414b7b79962	35a45f41bc4ca54914352efb27656282f6e4777805a28a01ae622d5b76ec2d04	31.400	209	0.744	0.853
966de76036b828b23b4f7a141190c410f327cfe7f3a24c13b51a0414b7b79962	22c3e5444ffdb29bde0be57aa249a85aea20f417a6289c9a99c2d623e9eae6ae	30.500	209	0.744	0.860
966de76036b828b23b4f7a141190c410f327cfe7f3a24c13b51a0414b7b79962	d93e28082eb62ddda0908df59294fa1b7bdc73fb99d72c0cb5923daae67f2d18	30.500	209	0.744	0.852
966de76036b828b23b4f7a141190c410f327cfe7f3a24c13b51a0414b7b79962	ea1b36784bd51aedc01e24ff572c14a52ef0388de8d143e08e86a9e2ea79aa1e	30.500	209	0.744	0.853
966de76036b828b23b4f7a141190c410f327cfe7f3a24c13b51a0414b7b79962	7feaccd07caa3ea6924ecd2d378abd25d2ee312ac9d9df4504aa9b1f508e6f53	28.700	195	0.694	0.793
966de76036b828b23b4f7a141190c410f327cfe7f3a24c13b51a0414b7b79962	605597a9725f386c2108f1ad51cf350ef30a88811de60835d70518c715982f27	27.600	195	0.694	0.786
966de76036b828b23b4f7a141190c410f327cfe7f3a24c13b51a0414b7b79962	6bffefc04d0b2e1c1fc73bf56cccfcfe2cbd34aaf4161bff55386e85eac9f571	27.100	195	0.694	0.788
4793c5b0a3bb8263732fb612f8f21834b21a20617a8ea595843c2ec3fead15e5	7891c4dfb5421e8d58c0a36dcdc52a2f943532cdfc30524bb3128c7ca6b3e7a9	27.800	262	0.270	0.984
4793c5b0a3bb8263732fb612f8f21834b21a20617a8ea595843c2ec3fead15e5	f8d004777be3f7a9256abd52c78a5057d7a57e58a91e824f05fa6127e74abe9b	27.800	262	0.270	0.977
4793c5b0a3bb8263732fb612f8f21834b21a20617a8ea595843c2ec3fead15e5	118561aba19c1bf916bfbf66377cfb9c959fcdd4f79f9a849777e1dd033b3e21	27.400	262	0.270	0.981
4793c5b0a3bb8263732fb612f8f21834b21a20617a8ea595843c2ec3fead15e5	3c51fd8ce37aae2bc11be90007fc5e8fea0cb798244ef1d8b10f73b3eef069f4	27.700	250	0.258	0.932
4793c5b0a3bb8263732fb612f8f21834b21a20617a8ea595843c2ec3fead15e5	a426859c2fdaf6ce556797ba9048d775c7853dfeea9e1be2f544a000e9a7c471	26.800	242	0.249	0.908
4793c5b0a3bb8263732fb612f8f21834b21a20617a8ea595843c2ec3fead15e5	758d865388f9fb3767bd99e055023bdbb10a8511eaa54e1b2a2d077116f8f85e	26.800	242	0.249	0.913
4793c5b0a3bb8263732fb612f8f21834b21a20617a8ea595843c2ec3fead15e5	574136d04122b4f76ba4a35fe14358fc550b21feb1e28cbd5c6d3c75e5453140	26.400	242	0.249	0.881
4793c5b0a3bb8263732fb612f8f21834b21a20617a8ea595843c2ec3fead15e5	ae227c5db744050b1d4e017463be97ea7221290db0bc24ddfabdec712960f7dc	26.400	242	0.249	0.875
4793c5b0a3bb8263732fb612f8f21834b21a20617a8ea595843c2ec3fead15e5	b5366aedc0c5463f45d8169155354aff98174536acc94905c952ebde0c831474	26.400	242	0.249	0.911
4793c5b0a3bb8263732fb612f8f21834b21a20617a8ea595843c2ec3fead15e5	491838c637e038b138dac34f5b8b71838602a60419529e159fadf49d2e3af3b5	26.400	242	0.249	0.860
4793c5b0a3bb8263732fb612f8f21834b21a20617a8ea595843c2ec3fead15e5	77ce10b393d7c42ee0cc93f38875a7ed73f6ed58987c97e0201b8f668e125179	26.000	242	0.249	0.908
4793c5b0a3bb8263732fb612f8f21834b21a20617a8ea595843c2ec3fead15e5	b5c11c0dca4639290f955618958d3b0b3ddee5d571c0bc843f46eb3ec8f9f64d	25.200	242	0.249	0.906
4793c5b0a3bb8263732fb612f8f21834b21a20617a8ea595843c2ec3fead15e5	68d263d272df663782771e2727284513a09392e75322585eda09bf6ddc900f1c	25.200	255	0.263	0.923
4793c5b0a3bb8263732fb612f8f21834b21a20617a8ea595843c2ec3fead15e5	328e638a411108e4961f36b4ea742215b2821b6befbfd1094f81bb1e6f2400d3	25.200	255	0.263	0.922
4793c5b0a3bb8263732fb612f8f21834b21a20617a8ea595843c2ec3fead15e5	51ef49071b00d7a6a46b4542281759edc65979fecde61d1976cecf1b7788a67f	25.900	255	0.263	0.968
4793c5b0a3bb8263732fb612f8f21834b21a20617a8ea595843c2ec3fead15e5	85b8dbaf5a7b0abe6681ef70e623d182dbfff360e0f03f47f7ed66e28d132c3d	25.400	255	0.263	0.968
4793c5b0a3bb8263732fb612f8f21834b21a20617a8ea595843c2ec3fead15e5	f8fa617d2196c2e2b556c159f13fa36392d2ec75381cdfd61630428855cd1ebc	29.200	207	0.201	0.724
4793c5b0a3bb8263732fb612f8f21834b21a20617a8ea595843c2ec3fead15e5	f80e1775e278cea20cecb990244fc2a7a447c134d61ff83da85fa797e835656c	22.300	289	0.265	0.850
4793c5b0a3bb8263732fb612f8f21834b21a20617a8ea595843c2ec3fead15e5	4210ad916b05ae2d57914160a5eb05d99281d9eee50fb1b4b161261a25566768	28.100	208	0.198	0.715
4793c5b0a3bb8263732fb612f8f21834b21a20617a8ea595843c2ec3fead15e5	e059cd0b395629825e28e0e9782d4b5659ff334b13a60e6c08c6e7ec61b98481	22.300	250	0.258	0.916
aeb084522b6d6244eaa9f5c1ca18b575c496205158c37704cb0eb5115f458137	ae4f6a5dd0ae03e430ac1a42a321587e3f0e6a4083458a8e742aa817fce38020	35.400	174	0.952	0.837
aeb084522b6d6244eaa9f5c1ca18b575c496205158c37704cb0eb5115f458137	ef8bd29fba3ecaa5ce47f4d880a04a655d44fc38ee8e53bd702c77c878e308b6	35.800	172	0.940	0.831
040878e3b7f0b996fb4598b1ebf385f48473e7075d7e29eb4e5452a2f8100fe1	040878e3b7f0b996fb4598b1ebf385f48473e7075d7e29eb4e5452a2f8100fe1	100.000	232	1.000	1.000
040878e3b7f0b996fb4598b1ebf385f48473e7075d7e29eb4e5452a2f8100fe1	2d44839d88b2571f1597691ef85487c2406a4d278ee7e91a3f75367d145963eb	100.000	232	1.000	0.991
040878e3b7f0b996fb4598b1ebf385f48473e7075d7e29eb4e5452a2f8100fe1	f0b68edc53031f823ec3cc6e8bff902b93dc96e09b05d4d67483a5ce1a0c1e8b	100.000	232	1.000	0.987
040878e3b7f0b996fb4598b1ebf385f48473e7075d7e29eb4e5452a2f8100fe1	6d2de4db2e047e502f29992975b6279b143575d96c20537d06e01ce6152c0459	99.500	232	1.000	1.000
040878e3b7f0b996fb4598b1ebf385f48473e7075d7e29eb4e5452a2f8100fe1	5ee34d7641d3fb54402af72e8a22758c654d3de4ea7dc82cf667b83d73547324	99.500	232	1.000	0.991
040878e3b7f0b996fb4598b1ebf385f48473e7075d7e29eb4e5452a2f8100fe1	1e1402283e1e828c91e453a59fb1a99f70dcf49af6497042d61d5c607f97144d	99.500	232	1.000	1.000
040878e3b7f0b996fb4598b1ebf385f48473e7075d7e29eb4e5452a2f8100fe1	c6b94bc13c63af9f15c06b477e44d00921e1a308b9a24afacb395085dabfe8e8	99.500	232	1.000	0.987
040878e3b7f0b996fb4598b1ebf385f48473e7075d7e29eb4e5452a2f8100fe1	45ccba2ee54767d248cf787a3a8be0de4c0b2c32279e2adbd9fab36e782699d1	100.000	230	0.991	1.000
040878e3b7f0b996fb4598b1ebf385f48473e7075d7e29eb4e5452a2f8100fe1	abe8c669b28c42907122b6e86dd4678236d7661ab1aebd616dbcb6cb3324160f	98.200	230	0.991	1.000
040878e3b7f0b996fb4598b1ebf385f48473e7075d7e29eb4e5452a2f8100fe1	002daed93871ac4da0cfba4840ec6cf89cd8b18fb6f49e68d770042cd9f487df	54.500	229	0.987	0.996
040878e3b7f0b996fb4598b1ebf385f48473e7075d7e29eb4e5452a2f8100fe1	a37cc0de75d41a6797cc4eb6462ce4d436b380815e074e9d9b25d1817241ef74	49.500	228	0.978	0.987
040878e3b7f0b996fb4598b1ebf385f48473e7075d7e29eb4e5452a2f8100fe1	c7b28f8ba09847a017ee5c8cc3bb629973b08fbd8b7907f6a8236c6b6ec5efa0	41.400	229	0.987	0.996
040878e3b7f0b996fb4598b1ebf385f48473e7075d7e29eb4e5452a2f8100fe1	32659264f58848b618e0a13575a102b5730717bc9678c872d6caa666ebbca46f	27.800	188	0.810	0.717
040878e3b7f0b996fb4598b1ebf385f48473e7075d7e29eb4e5452a2f8100fe1	13224d9a83ea459e19441adb245b067b552e3b1a9a924921f160d2b9d6d7cc91	27.500	172	0.741	0.652
040878e3b7f0b996fb4598b1ebf385f48473e7075d7e29eb4e5452a2f8100fe1	a39cb68ab2941a1c943d805eee048cd256481e45acdff704b377a0d17dd29ab8	27.500	172	0.741	0.649
040878e3b7f0b996fb4598b1ebf385f48473e7075d7e29eb4e5452a2f8100fe1	299cb6b36f000a7633a22fc49c5b048ba1c35cfeb2554d02b2642126032cd414	27.500	172	0.741	0.646
040878e3b7f0b996fb4598b1ebf385f48473e7075d7e29eb4e5452a2f8100fe1	d29483d6f2cd5f283346934ad244505c8e09c3f7aa40ae0ddc7a307ea406a0a7	27.500	172	0.741	0.641
0408b42163a62f5788f1f1a9764f21340d94cd5c24cd9d88b23ec98eeab310ff	0a9edf2dbb3caa4d6d94670f14e31018d8300fe31af3a21607eebf71add530fc	80.300	178	0.860	0.994
0408b42163a62f5788f1f1a9764f21340d94cd5c24cd9d88b23ec98eeab310ff	147cee22d6ab14091f04fc5dedcb24a0688d4fa1a8506aa2b06b9bb19b6fc01d	80.700	166	0.802	1.000
0408b42163a62f5788f1f1a9764f21340d94cd5c24cd9d88b23ec98eeab310ff	e836be04037718da44e6d1240f317c1a23177fea547a0c2daca8f296eda34056	80.100	166	0.802	1.000
09e319e56afa458b716d7f1f12630edb9df9c3bd8278e182bdb0a61b5242d5fe	c5fd763ec3b3da13f167798e734392536dc856cf5b9a852feb4f3d1038356e27	96.900	260	0.985	0.966
09e319e56afa458b716d7f1f12630edb9df9c3bd8278e182bdb0a61b5242d5fe	23af653a502805dd5d6ef600d0c9fa2e3c2c078436cc7937a652ef5fc24762b5	96.900	260	0.985	0.962
09e319e56afa458b716d7f1f12630edb9df9c3bd8278e182bdb0a61b5242d5fe	7768af1fdf6bfcab0959fe491f95cd9edc3439aeab2f8b186043f7fcf845a017	96.800	256	0.970	1.000
09e319e56afa458b716d7f1f12630edb9df9c3bd8278e182bdb0a61b5242d5fe	ab8a0707d1dfd8e59214cc39ea84a5b647a9f620c34806ac8f8328de8c9daedc	96.400	257	0.973	1.000
09e319e56afa458b716d7f1f12630edb9df9c3bd8278e182bdb0a61b5242d5fe	94ba2952b590d85e899ae8b68451a9dfb25ec0495281a70f944d55fce14fe7c9	85.300	259	0.981	0.992
09e319e56afa458b716d7f1f12630edb9df9c3bd8278e182bdb0a61b5242d5fe	c6c98146d0adeab0c5661be2237c5065eaab0ae42df0449b786a7aa7964f6e20	85.900	256	0.970	0.992
09e319e56afa458b716d7f1f12630edb9df9c3bd8278e182bdb0a61b5242d5fe	2c53e0e96d756d901a8a78284ea3e52cbe12f80f37c504e3b5407103a2363b02	85.200	258	0.977	0.996
09e319e56afa458b716d7f1f12630edb9df9c3bd8278e182bdb0a61b5242d5fe	e27c19d5efb04c21cb1a73d93d1d024805e03f8e8fa7784da59a4f4b50b37199	85.800	255	0.966	0.992
09e319e56afa458b716d7f1f12630edb9df9c3bd8278e182bdb0a61b5242d5fe	5a2c07119afd4d5b390da8fa997f5d453dcaf190547804994547a44aac18909f	53.300	255	0.966	0.992
09e319e56afa458b716d7f1f12630edb9df9c3bd8278e182bdb0a61b5242d5fe	f547859c78edb5646fe7fb628c9aceeb13b175ce60ea2f99a72462072335628d	46.600	193	0.723	0.751
09e319e56afa458b716d7f1f12630edb9df9c3bd8278e182bdb0a61b5242d5fe	78ce0f4870c0d213f7d4bdd7fb540d6d79ac63ba57c3e50ef0608c4a495fbd18	46.600	193	0.723	0.720
09e319e56afa458b716d7f1f12630edb9df9c3bd8278e182bdb0a61b5242d5fe	627c953911c7f05ba0e0ad0f8122e550d0dcd8f12b1856e1b5e061a32389bcdd	42.900	221	0.826	0.860
09e319e56afa458b716d7f1f12630edb9df9c3bd8278e182bdb0a61b5242d5fe	269accba4965038c328594b542cfb8b2f031af12a0ba27dfd0182d899dbad948	46.100	193	0.723	0.745
09e319e56afa458b716d7f1f12630edb9df9c3bd8278e182bdb0a61b5242d5fe	dc104c829567ff18ff9dedd9bb640c863e0c643b31a0dcdb307f96564dccf850	46.100	193	0.723	0.739
09e319e56afa458b716d7f1f12630edb9df9c3bd8278e182bdb0a61b5242d5fe	0c9e32bb446ae78e4691e406b5879959a9bbaf4ee9ba4232804fec6d2d8c0c70	46.100	193	0.723	0.739
09e319e56afa458b716d7f1f12630edb9df9c3bd8278e182bdb0a61b5242d5fe	9d47978ff6823cd39c04121e8c31fbab111153cc8248a34bf4b432d2cf50f7fa	46.100	193	0.723	0.731
09e319e56afa458b716d7f1f12630edb9df9c3bd8278e182bdb0a61b5242d5fe	6684bee6f3e014fd764c0aeaa0d598199b8740811d61aa77c116debd75403673	46.100	193	0.723	0.728
09e319e56afa458b716d7f1f12630edb9df9c3bd8278e182bdb0a61b5242d5fe	3805b8d8e9fd29d8c94e7e4515f94d612dae582352e4a11fea6c517de58bd695	46.100	193	0.723	0.717
09e319e56afa458b716d7f1f12630edb9df9c3bd8278e182bdb0a61b5242d5fe	bac4dea9b4a0551310c21b43b7864051fabbbe52b361d2e9a0fe298fd92b7a0d	46.100	193	0.723	0.748
09e319e56afa458b716d7f1f12630edb9df9c3bd8278e182bdb0a61b5242d5fe	c6004d5d06ff0676a4ab6dbe31def8bdc917217d9a789e094f2f80a98a5e1033	46.100	193	0.723	0.720
8158581449677e2a6e85e6dbb7133b970916f3d3a64bbba27dd75500726e398d	cc301940153e292ee7cb450bc370922c3d11654c94b0d445555ebe84d61263a9	95.900	348	0.959	0.997
8158581449677e2a6e85e6dbb7133b970916f3d3a64bbba27dd75500726e398d	73b9a5512e5f37c79290b59f87bafc9ab1dfe34ee90d8de2dc28e9263b6ec4db	95.600	348	0.959	0.997
8158581449677e2a6e85e6dbb7133b970916f3d3a64bbba27dd75500726e398d	45987df6de56181f9ba86f6a7cf698c6621b82f5e92375f94e2bac7c065c6ac1	85.300	348	0.959	0.997
8158581449677e2a6e85e6dbb7133b970916f3d3a64bbba27dd75500726e398d	61db2c60c7f96c4e9b590d3f2292227b9ba105328ba5d31ec89c4a7c7d2fbf63	85.000	348	0.959	0.997
8158581449677e2a6e85e6dbb7133b970916f3d3a64bbba27dd75500726e398d	0500badebb2f98ab3c0e7e7d897d56f650c57fd3e373926d78082e623b5bf0b2	85.000	348	0.959	0.997
8158581449677e2a6e85e6dbb7133b970916f3d3a64bbba27dd75500726e398d	7bd26e2384e9db273867886e270e7e645820f469d7433e665e2639099dcb42d5	85.000	348	0.959	0.997
8158581449677e2a6e85e6dbb7133b970916f3d3a64bbba27dd75500726e398d	88c890e0ca46697bc0f83ec226822181aea932e923334fa78a0bce8ab90c0741	85.000	348	0.959	0.997
8158581449677e2a6e85e6dbb7133b970916f3d3a64bbba27dd75500726e398d	2aa35a429aa0738de7f14aff512a3dde1077204e71afb20a981d650bacfb68ed	28.400	339	0.934	0.911
8158581449677e2a6e85e6dbb7133b970916f3d3a64bbba27dd75500726e398d	28d96e51e4493f3f219ed9a7161a74da21a8cc58961f2a8c9f239fee4dbe93bd	28.400	339	0.934	0.908
a32b1744266e7604dc38bbd1b112d3ec2398eb61fd08aa68720b8db0d00d97bc	7b7cf593a74025dcb1bfb514158fa30f732d5dd55302d2bdb72af4404cf546d1	100.000	333	0.376	0.997
a32b1744266e7604dc38bbd1b112d3ec2398eb61fd08aa68720b8db0d00d97bc	ee3da308060c013c34c41e107cacdb0c2e4cc453a4e39f453b1df0bf07f49ffe	100.000	333	0.376	0.994
a32b1744266e7604dc38bbd1b112d3ec2398eb61fd08aa68720b8db0d00d97bc	ed3c580fedbe07f1d81aa2ebb1a755fc76b06867e8f389a9f46a147a5400d64c	86.000	343	0.387	0.997
a32b1744266e7604dc38bbd1b112d3ec2398eb61fd08aa68720b8db0d00d97bc	4862baf1ed7049ebd2181987971e33f42e0d22c245789328cfb721b4266d0bfa	85.600	334	0.377	1.000
a32b1744266e7604dc38bbd1b112d3ec2398eb61fd08aa68720b8db0d00d97bc	ae06d7f3107e795ecd325ad8f72b179ea7b8f52791dedf97f714d7d0c8dc558a	85.500	333	0.376	1.000
a32b1744266e7604dc38bbd1b112d3ec2398eb61fd08aa68720b8db0d00d97bc	ae80026332d45a9c8e696faf46ce7c0f7d79a8c00643c7f2daa2a785f192d95d	86.600	337	0.380	0.997
a32b1744266e7604dc38bbd1b112d3ec2398eb61fd08aa68720b8db0d00d97bc	22a77df8197636601edd940fea55669e26721f3941e5268fb001fc1f8da3ff07	86.900	336	0.379	0.997
a32b1744266e7604dc38bbd1b112d3ec2398eb61fd08aa68720b8db0d00d97bc	6bad8cbf5df5ffd7e69d6893c2334d3b2c49ec87b5e88980298db83808070eb7	87.300	332	0.375	0.991
a32b1744266e7604dc38bbd1b112d3ec2398eb61fd08aa68720b8db0d00d97bc	f7fc208cba38b6b66657ecb886e073312124e8401d9f944f23243aa2fbc9da82	85.700	329	0.371	0.997
a32b1744266e7604dc38bbd1b112d3ec2398eb61fd08aa68720b8db0d00d97bc	1e57061ce6482514c29782d600cb0d1b90b5b069872d6e55c76691bc7e9cbd68	87.500	330	0.372	0.997
a32b1744266e7604dc38bbd1b112d3ec2398eb61fd08aa68720b8db0d00d97bc	3e660d8acc6e6fd111a880724781643d47b159e36f1c241519d597ee55dbe4a7	85.400	330	0.372	1.000
a32b1744266e7604dc38bbd1b112d3ec2398eb61fd08aa68720b8db0d00d97bc	619f6de7fdfb90759298a09bba1ceb1e76f85193883573d1239747f3721b498c	85.400	329	0.371	1.000
a32b1744266e7604dc38bbd1b112d3ec2398eb61fd08aa68720b8db0d00d97bc	4d0f747c512645b58530f84f9c9893e3566a32eda2b6b3511fe160f8d905c7c3	85.300	328	0.370	1.000
a32b1744266e7604dc38bbd1b112d3ec2398eb61fd08aa68720b8db0d00d97bc	96e2036a1593523aaeda667e5c2f3d731624de6416946d8af3db74559bac0c9e	85.300	327	0.369	1.000
a32b1744266e7604dc38bbd1b112d3ec2398eb61fd08aa68720b8db0d00d97bc	baaee2dfe16899a59ddc90427fdeed1307edac42cdd56fe3dd6b510edd4c884f	85.500	325	0.367	0.997
a32b1744266e7604dc38bbd1b112d3ec2398eb61fd08aa68720b8db0d00d97bc	6aff7d750dd372dbcb480f8b4e5044f23f34f84fafd0a1e7ce217af28279f372	85.200	326	0.368	1.000
a32b1744266e7604dc38bbd1b112d3ec2398eb61fd08aa68720b8db0d00d97bc	a857a7a60d60eae8228fabe9ae9c577f800965a85764eaba56db5fbd38a0f5d1	85.000	327	0.369	1.000
a32b1744266e7604dc38bbd1b112d3ec2398eb61fd08aa68720b8db0d00d97bc	4205f14ad7748af8cdf046f892e45cf164f1a9276e881527289c12fd303562ee	85.500	325	0.367	1.000
a32b1744266e7604dc38bbd1b112d3ec2398eb61fd08aa68720b8db0d00d97bc	c47f32aa3e9f4d217d7d4b81b8c7ea528a0144aaed01ea7cbd6a3271c4f7c58b	88.100	322	0.363	0.997
a32b1744266e7604dc38bbd1b112d3ec2398eb61fd08aa68720b8db0d00d97bc	f767856283fd1385d9ffede8ac50e655e33698ccc44b3050168a196f152573ff	85.200	325	0.367	1.000
a4eae8363ad16eea6c946666e11709ab1e6d518c97bd1b0f03efc90aed738303	28ce99f58ffc9c5bbef1ca4ab95aa76bbf6fb482f7412325d7ac37bb05af607a	99.800	833	0.988	1.000
a4eae8363ad16eea6c946666e11709ab1e6d518c97bd1b0f03efc90aed738303	2e2e6fb8718eb3470ed5ecc5a9120e544901fd9fc89a9f6e554c6c8ba1491579	99.800	831	0.986	1.000
a4eae8363ad16eea6c946666e11709ab1e6d518c97bd1b0f03efc90aed738303	9e17f645c37158bf709b9b55a80c37a8729d4f232f1986b843e449a58522e005	99.800	830	0.985	1.000
a4eae8363ad16eea6c946666e11709ab1e6d518c97bd1b0f03efc90aed738303	e1285092fad028d93ec2ce4c0676a143a99bcb9c7f49a3ed74813a0cd0aecdf6	100.000	829	0.983	1.000
a4eae8363ad16eea6c946666e11709ab1e6d518c97bd1b0f03efc90aed738303	8d3330f13f1a653cc1b986718747db44705da8565dcff2d4649ca22b2065d00e	100.000	828	0.982	1.000
a4eae8363ad16eea6c946666e11709ab1e6d518c97bd1b0f03efc90aed738303	9177f2355c0357d3ca7096676b88caa2a769bcd435a76df1f55cbdf0a2958048	98.900	825	0.979	1.000
a4eae8363ad16eea6c946666e11709ab1e6d518c97bd1b0f03efc90aed738303	fb3483b2f7f5f2f9db4be37d31e6c7965e202d0832eeac927bdb6c8750dc85c7	98.700	826	0.980	1.000
a4eae8363ad16eea6c946666e11709ab1e6d518c97bd1b0f03efc90aed738303	a352bc1eafbc8b263373f11a969c7a278b6af3e262efcbab80372b78fbaa98d4	98.700	825	0.979	1.000
a4eae8363ad16eea6c946666e11709ab1e6d518c97bd1b0f03efc90aed738303	9233f21f60268fc8fcc5aaaf4c80f803330157cba859fb35b14693f2ac097fd7	98.500	825	0.979	1.000
a4eae8363ad16eea6c946666e11709ab1e6d518c97bd1b0f03efc90aed738303	b41b537ee05221c424c9c9d0ff713c0d3eeb052031cc242b46491ba80981005f	97.700	834	0.989	1.000
a4eae8363ad16eea6c946666e11709ab1e6d518c97bd1b0f03efc90aed738303	da7157d827b469c663656d3abdece9a81b3ed01388218c3cf399c0bdb8355f37	97.900	831	0.986	1.000
a4eae8363ad16eea6c946666e11709ab1e6d518c97bd1b0f03efc90aed738303	a27fb4e112456618a4860cb0465f362582c22b1562040be962895f186bab8a15	97.900	831	0.986	1.000
a4eae8363ad16eea6c946666e11709ab1e6d518c97bd1b0f03efc90aed738303	2a18c7d8da7d580ca543ee01fca4095ed1409ee827ba04d9b8bd1c5eed0a6ab0	97.400	834	0.989	1.000
a4eae8363ad16eea6c946666e11709ab1e6d518c97bd1b0f03efc90aed738303	8494e8c858161319985e42b22adce2a9bf303928ad6f64c8528e3db7ee37f700	97.700	831	0.986	1.000
a4eae8363ad16eea6c946666e11709ab1e6d518c97bd1b0f03efc90aed738303	4fa8b3405b0e2c5557aadcb9e4c26aff6a7ac9c61db73681bceaa206e5548ebc	97.500	831	0.986	1.000
a4eae8363ad16eea6c946666e11709ab1e6d518c97bd1b0f03efc90aed738303	15fea430f5048fa549019b2a76b9b8c792cbc85ab4413c0d741a685447c24fcb	97.300	831	0.986	1.000
a4eae8363ad16eea6c946666e11709ab1e6d518c97bd1b0f03efc90aed738303	a35678a868c097bedd52bcffa7e93db521ce8b082d379cc60881140896895060	97.300	829	0.983	1.000
a4eae8363ad16eea6c946666e11709ab1e6d518c97bd1b0f03efc90aed738303	7d0c23006feb75c81014731c8dd359f3ae399729d0db9c172aa4f886a5769ff5	96.900	830	0.985	1.000
a4eae8363ad16eea6c946666e11709ab1e6d518c97bd1b0f03efc90aed738303	f589588863a4a9cc3d2fae666a5290847b2e0bea5f6fa6560408d64e199fa43a	80.900	830	0.985	0.995
a4eae8363ad16eea6c946666e11709ab1e6d518c97bd1b0f03efc90aed738303	72ee56d36046caba3e1c297a50fd69d39df47900502d8831831e52b523e62c03	81.500	808	0.958	1.000
0f99982b545e61cc6fa4ca70be1e2f0f503d3e26f44fdb3067dd3c6905bb2788	758d865388f9fb3767bd99e055023bdbb10a8511eaa54e1b2a2d077116f8f85e	29.300	242	0.701	0.920
0f99982b545e61cc6fa4ca70be1e2f0f503d3e26f44fdb3067dd3c6905bb2788	b5366aedc0c5463f45d8169155354aff98174536acc94905c952ebde0c831474	28.900	241	0.701	0.919
0f99982b545e61cc6fa4ca70be1e2f0f503d3e26f44fdb3067dd3c6905bb2788	a426859c2fdaf6ce556797ba9048d775c7853dfeea9e1be2f544a000e9a7c471	28.300	257	0.747	0.977
0f99982b545e61cc6fa4ca70be1e2f0f503d3e26f44fdb3067dd3c6905bb2788	491838c637e038b138dac34f5b8b71838602a60419529e159fadf49d2e3af3b5	27.800	265	0.770	0.948
0f99982b545e61cc6fa4ca70be1e2f0f503d3e26f44fdb3067dd3c6905bb2788	574136d04122b4f76ba4a35fe14358fc550b21feb1e28cbd5c6d3c75e5453140	28.500	265	0.770	0.970
0f99982b545e61cc6fa4ca70be1e2f0f503d3e26f44fdb3067dd3c6905bb2788	ae227c5db744050b1d4e017463be97ea7221290db0bc24ddfabdec712960f7dc	28.500	265	0.770	0.963
0f99982b545e61cc6fa4ca70be1e2f0f503d3e26f44fdb3067dd3c6905bb2788	51ef49071b00d7a6a46b4542281759edc65979fecde61d1976cecf1b7788a67f	27.300	240	0.698	0.921
0f99982b545e61cc6fa4ca70be1e2f0f503d3e26f44fdb3067dd3c6905bb2788	f80e1775e278cea20cecb990244fc2a7a447c134d61ff83da85fa797e835656c	25.400	289	0.738	0.850
0f99982b545e61cc6fa4ca70be1e2f0f503d3e26f44fdb3067dd3c6905bb2788	77ce10b393d7c42ee0cc93f38875a7ed73f6ed58987c97e0201b8f668e125179	27.900	257	0.747	0.977
0f99982b545e61cc6fa4ca70be1e2f0f503d3e26f44fdb3067dd3c6905bb2788	68d263d272df663782771e2727284513a09392e75322585eda09bf6ddc900f1c	27.400	240	0.698	0.878
0f99982b545e61cc6fa4ca70be1e2f0f503d3e26f44fdb3067dd3c6905bb2788	b5c11c0dca4639290f955618958d3b0b3ddee5d571c0bc843f46eb3ec8f9f64d	27.100	257	0.747	0.976
0f99982b545e61cc6fa4ca70be1e2f0f503d3e26f44fdb3067dd3c6905bb2788	328e638a411108e4961f36b4ea742215b2821b6befbfd1094f81bb1e6f2400d3	27.000	240	0.698	0.878
0f99982b545e61cc6fa4ca70be1e2f0f503d3e26f44fdb3067dd3c6905bb2788	85b8dbaf5a7b0abe6681ef70e623d182dbfff360e0f03f47f7ed66e28d132c3d	26.800	240	0.698	0.920
0f99982b545e61cc6fa4ca70be1e2f0f503d3e26f44fdb3067dd3c6905bb2788	1959ae5adb4a7d1e7ad58239d3f45f722f3332c800dc0a1aa96992cc3e58ac7b	27.700	246	0.715	0.793
0f99982b545e61cc6fa4ca70be1e2f0f503d3e26f44fdb3067dd3c6905bb2788	3c51fd8ce37aae2bc11be90007fc5e8fea0cb798244ef1d8b10f73b3eef069f4	27.800	240	0.698	0.905
0f99982b545e61cc6fa4ca70be1e2f0f503d3e26f44fdb3067dd3c6905bb2788	f8fa617d2196c2e2b556c159f13fa36392d2ec75381cdfd61630428855cd1ebc	27.400	207	0.558	0.724
0f99982b545e61cc6fa4ca70be1e2f0f503d3e26f44fdb3067dd3c6905bb2788	4210ad916b05ae2d57914160a5eb05d99281d9eee50fb1b4b161261a25566768	26.900	193	0.509	0.663
0f99982b545e61cc6fa4ca70be1e2f0f503d3e26f44fdb3067dd3c6905bb2788	504882b6ab04a2922ebab11cf63737368af4bb6d32d71bddd1342ee4b5177e06	24.200	212	0.584	0.537
0f99982b545e61cc6fa4ca70be1e2f0f503d3e26f44fdb3067dd3c6905bb2788	cd91e735333f21a908e0478b67b21ad3262be7b20dd173ba170933f9ee35e17c	24.600	213	0.584	0.538
0f99982b545e61cc6fa4ca70be1e2f0f503d3e26f44fdb3067dd3c6905bb2788	e059cd0b395629825e28e0e9782d4b5659ff334b13a60e6c08c6e7ec61b98481	25.700	192	0.558	0.754
0b0c6a86c2871d2636383b609d9e018159c5301cea991d5b8f3a054e5f97f7e0	506e42b23c1416b1d58b4e80ab5e47a25ab8b9731f48e70d395ffd52ed9b930b	23.300	358	0.916	0.956
0b0c6a86c2871d2636383b609d9e018159c5301cea991d5b8f3a054e5f97f7e0	02536d275857d78976c54cd11ab8f644d2f98cf1e56ebbdac7169bbc376c8b50	22.400	358	0.916	0.989
0b0c6a86c2871d2636383b609d9e018159c5301cea991d5b8f3a054e5f97f7e0	68ec7b19f3f17b23455df7a73b4c3f33cdc948959e74dbb3826be4d99baafdef	22.400	358	0.916	0.982
0b0c6a86c2871d2636383b609d9e018159c5301cea991d5b8f3a054e5f97f7e0	f834ab77e81ed2a3d0c66f0ff386e6a7b5dbce3de56950154a5ca0931464d952	22.400	358	0.916	0.975
0b0c6a86c2871d2636383b609d9e018159c5301cea991d5b8f3a054e5f97f7e0	c37e4d47412e56c5fc8a595627aaf485c676029a8f3c38b5559879b218962a0d	27.600	190	0.473	0.433
0b0c6a86c2871d2636383b609d9e018159c5301cea991d5b8f3a054e5f97f7e0	876db18c23d75b6bdf0fb270aeeb6b6014153c4c6a64ff26ed35a1f645424b43	27.600	190	0.473	0.430
0b0c6a86c2871d2636383b609d9e018159c5301cea991d5b8f3a054e5f97f7e0	5cb3444876d7734f8eae54e395a0d339e26809df903e72f55b0721188a0a390a	21.800	343	0.877	0.970
0b0c6a86c2871d2636383b609d9e018159c5301cea991d5b8f3a054e5f97f7e0	8cfa9b3836dfde436c8a531aa092c35840c6e8966e478130b30e6a1a3919e50d	22.900	345	0.882	0.870
0b0c6a86c2871d2636383b609d9e018159c5301cea991d5b8f3a054e5f97f7e0	cd5d8eaa19bfba958e3500b97e06f0e093d657c02867d4935b3fc8644778ef12	22.700	345	0.882	0.880
a43bba725114d4c16c5b3b5bef27c7b952c8f9b6cb244e89980991f6337bf1e6	51ef49071b00d7a6a46b4542281759edc65979fecde61d1976cecf1b7788a67f	30.500	198	0.416	0.735
a43bba725114d4c16c5b3b5bef27c7b952c8f9b6cb244e89980991f6337bf1e6	328e638a411108e4961f36b4ea742215b2821b6befbfd1094f81bb1e6f2400d3	30.500	198	0.416	0.704
a43bba725114d4c16c5b3b5bef27c7b952c8f9b6cb244e89980991f6337bf1e6	68d263d272df663782771e2727284513a09392e75322585eda09bf6ddc900f1c	31.000	198	0.416	0.705
a43bba725114d4c16c5b3b5bef27c7b952c8f9b6cb244e89980991f6337bf1e6	85b8dbaf5a7b0abe6681ef70e623d182dbfff360e0f03f47f7ed66e28d132c3d	30.700	198	0.416	0.731
a43bba725114d4c16c5b3b5bef27c7b952c8f9b6cb244e89980991f6337bf1e6	3c51fd8ce37aae2bc11be90007fc5e8fea0cb798244ef1d8b10f73b3eef069f4	28.900	198	0.416	0.750
a43bba725114d4c16c5b3b5bef27c7b952c8f9b6cb244e89980991f6337bf1e6	a426859c2fdaf6ce556797ba9048d775c7853dfeea9e1be2f544a000e9a7c471	28.100	245	0.515	0.908
a43bba725114d4c16c5b3b5bef27c7b952c8f9b6cb244e89980991f6337bf1e6	758d865388f9fb3767bd99e055023bdbb10a8511eaa54e1b2a2d077116f8f85e	28.100	245	0.515	0.913
a43bba725114d4c16c5b3b5bef27c7b952c8f9b6cb244e89980991f6337bf1e6	b5366aedc0c5463f45d8169155354aff98174536acc94905c952ebde0c831474	27.700	245	0.515	0.911
a43bba725114d4c16c5b3b5bef27c7b952c8f9b6cb244e89980991f6337bf1e6	574136d04122b4f76ba4a35fe14358fc550b21feb1e28cbd5c6d3c75e5453140	27.700	245	0.515	0.881
a43bba725114d4c16c5b3b5bef27c7b952c8f9b6cb244e89980991f6337bf1e6	ae227c5db744050b1d4e017463be97ea7221290db0bc24ddfabdec712960f7dc	27.700	245	0.515	0.875
a43bba725114d4c16c5b3b5bef27c7b952c8f9b6cb244e89980991f6337bf1e6	491838c637e038b138dac34f5b8b71838602a60419529e159fadf49d2e3af3b5	27.300	245	0.515	0.860
a43bba725114d4c16c5b3b5bef27c7b952c8f9b6cb244e89980991f6337bf1e6	77ce10b393d7c42ee0cc93f38875a7ed73f6ed58987c97e0201b8f668e125179	27.300	245	0.515	0.908
a43bba725114d4c16c5b3b5bef27c7b952c8f9b6cb244e89980991f6337bf1e6	b5c11c0dca4639290f955618958d3b0b3ddee5d571c0bc843f46eb3ec8f9f64d	26.500	245	0.515	0.906
a43bba725114d4c16c5b3b5bef27c7b952c8f9b6cb244e89980991f6337bf1e6	f80e1775e278cea20cecb990244fc2a7a447c134d61ff83da85fa797e835656c	21.400	289	0.546	0.850
a43bba725114d4c16c5b3b5bef27c7b952c8f9b6cb244e89980991f6337bf1e6	e059cd0b395629825e28e0e9782d4b5659ff334b13a60e6c08c6e7ec61b98481	25.400	148	0.311	0.685
a43bba725114d4c16c5b3b5bef27c7b952c8f9b6cb244e89980991f6337bf1e6	c48df3a3b69a9575bf4a900f3905a1771f2e66e7e479b890fbe23c2ccda5c08f	28.100	144	0.303	0.203
a43bba725114d4c16c5b3b5bef27c7b952c8f9b6cb244e89980991f6337bf1e6	5fa8eb3391506fd7ae0f7e88f9e55613d660c21ad459d84c6a88f235038a0789	25.600	258	0.542	0.865
a43bba725114d4c16c5b3b5bef27c7b952c8f9b6cb244e89980991f6337bf1e6	cd91e735333f21a908e0478b67b21ad3262be7b20dd173ba170933f9ee35e17c	29.700	148	0.307	0.374
a43bba725114d4c16c5b3b5bef27c7b952c8f9b6cb244e89980991f6337bf1e6	504882b6ab04a2922ebab11cf63737368af4bb6d32d71bddd1342ee4b5177e06	29.700	147	0.307	0.372
a43bba725114d4c16c5b3b5bef27c7b952c8f9b6cb244e89980991f6337bf1e6	44c347a34540830b3c891da8b1b80b87d9b112189e3eab48527c3a6fc174c606	28.100	144	0.303	0.205
3be5357697ef18007ae0960be61031d7a078005b73410e05fede6d849a7ccb7f	cdd648c2125340e693519da6b043eb7f6033ec6cd246b000d92df7494d1cbbce	43.000	433	0.984	0.988
3be5357697ef18007ae0960be61031d7a078005b73410e05fede6d849a7ccb7f	5decd8b7fd235eaadc1e8dee89e5a720dd2067bcbaf7028fffd04a3a6b14af22	39.200	439	0.984	0.984
3be5357697ef18007ae0960be61031d7a078005b73410e05fede6d849a7ccb7f	7a4396adb7358d3838e59703d94d5b9f26efdde3a4425fdc8e1b6be85eb09079	39.000	439	0.984	0.984
3be5357697ef18007ae0960be61031d7a078005b73410e05fede6d849a7ccb7f	e452cb8235193dfdeb7cf617d3e9aa7123936f8dabb7b11b78f0e063c6c4d4c2	39.000	433	0.984	0.979
82df32bcbbb6ea215e4317531f797de5a01d8f677af7e533876ffeb8126c3ca7	b3fc88c8082d9dca4eb4ddd08f7539508bd3a5111e27746fbb3c1819cc0eaef9	100.000	419	0.293	0.998
82df32bcbbb6ea215e4317531f797de5a01d8f677af7e533876ffeb8126c3ca7	eda3046e67c254fb3cd48aac3db5b723f3f67eba821dc823a031ec352b055695	99.700	435	0.304	1.000
82df32bcbbb6ea215e4317531f797de5a01d8f677af7e533876ffeb8126c3ca7	68313550da8f6b409912454fe0d8a99e98b1128566ddb5046d5aec3ef4811e65	99.200	419	0.293	0.998
82df32bcbbb6ea215e4317531f797de5a01d8f677af7e533876ffeb8126c3ca7	adf9572d8d5a1afa852a8375a8c25b94ddbcb61328603eab38a8c0e933b94842	97.800	420	0.294	1.000
82df32bcbbb6ea215e4317531f797de5a01d8f677af7e533876ffeb8126c3ca7	de170fa7774c94f128c2a3343b0bc714255441690e712fed116b3164d245b4f6	97.600	420	0.294	1.000
82df32bcbbb6ea215e4317531f797de5a01d8f677af7e533876ffeb8126c3ca7	1a183603f8c628a57ccc37b23b558d3b869cd86d6c9e5d17b340f53f9c0d3898	97.600	420	0.294	1.000
82df32bcbbb6ea215e4317531f797de5a01d8f677af7e533876ffeb8126c3ca7	178083369969dbdec0790bf4b0fe16e74421464dcfdb57ebead7fee25351491d	97.300	420	0.294	1.000
82df32bcbbb6ea215e4317531f797de5a01d8f677af7e533876ffeb8126c3ca7	a4cb8e0d678bc54db1896469adfdf85ab28d4659ca6c469f5fa32fb578a05628	97.800	418	0.293	1.000
82df32bcbbb6ea215e4317531f797de5a01d8f677af7e533876ffeb8126c3ca7	f8baf7329b90435c042ee8fc52eb7438a51a4915c37bd2638c1ba641443075d5	97.600	419	0.293	1.000
82df32bcbbb6ea215e4317531f797de5a01d8f677af7e533876ffeb8126c3ca7	0ecf063ef5622beee7b1de1b36a19850daa8b0fca2bb33ad8613d1831fe8d450	97.600	418	0.293	1.000
82df32bcbbb6ea215e4317531f797de5a01d8f677af7e533876ffeb8126c3ca7	a7cd3496e5639fc765ef5643e1b28b05ebc8534a185b9b7a68bfaa9584eae2d7	97.100	418	0.293	1.000
82df32bcbbb6ea215e4317531f797de5a01d8f677af7e533876ffeb8126c3ca7	0c1ec5780722536acf8bf2e0a8cf4e4c2e08e97f411d73b7b0770efae31d5766	97.100	418	0.293	1.000
82df32bcbbb6ea215e4317531f797de5a01d8f677af7e533876ffeb8126c3ca7	6a3f3ba9de90f2f259c38f9e24ccef2aa365da05c3e34c514b6ea866c32a1722	96.800	418	0.293	1.000
82df32bcbbb6ea215e4317531f797de5a01d8f677af7e533876ffeb8126c3ca7	78819a718474f38feee77030818203e01d980d28a15e33a68d5a6a91fa14c808	65.700	420	0.293	1.000
82df32bcbbb6ea215e4317531f797de5a01d8f677af7e533876ffeb8126c3ca7	aa2fa1d25cd2c9ecdd2c816948bee2a5c18d992737ab8fea02193762629d13cb	65.700	420	0.293	0.998
82df32bcbbb6ea215e4317531f797de5a01d8f677af7e533876ffeb8126c3ca7	b7099dd8f3bacd3138341dda9dc7ba7cd602ad16efb7e616f6da4bbdf192e8a7	65.700	420	0.293	0.993
82df32bcbbb6ea215e4317531f797de5a01d8f677af7e533876ffeb8126c3ca7	76816449ab34ce50a131f6de1a200d2bb403a900b82d0ae451dfc90643b4676b	67.100	414	0.290	0.998
82df32bcbbb6ea215e4317531f797de5a01d8f677af7e533876ffeb8126c3ca7	8a451aabb7c9794733acad9716f485da0bbe0a79cd3ae93c8b5b9b4757ebcebf	67.500	413	0.289	1.000
82df32bcbbb6ea215e4317531f797de5a01d8f677af7e533876ffeb8126c3ca7	778543a3e07762250a2356b05f7a28e4636ab2193e60208cee2ea9f0dc36c8cc	66.600	414	0.290	0.995
82df32bcbbb6ea215e4317531f797de5a01d8f677af7e533876ffeb8126c3ca7	b66e414f9c970f1f72754aa3020ef12e315f3c1400fcfe7f0b0953059a1feb71	66.600	414	0.290	0.998
9d0bf140dd3e9610a05d0391d0b3076177bb6c5932d4b003e913cd9bfb378d81	49739dd04b8f79f033fb07b4b3f9ac8023e6cd71436cd8e42894471fb2d5e48f	43.200	342	0.799	0.934
9d0bf140dd3e9610a05d0391d0b3076177bb6c5932d4b003e913cd9bfb378d81	c591cc4bd2c565cd7621edc24cd95e488a38068002f017febed353c17397eb99	43.200	342	0.799	0.934
9d0bf140dd3e9610a05d0391d0b3076177bb6c5932d4b003e913cd9bfb378d81	6b63e853f838a4d367cbbe20a898f37a45fc226fbb197609036452d5bdca036b	43.200	342	0.799	0.929
9d0bf140dd3e9610a05d0391d0b3076177bb6c5932d4b003e913cd9bfb378d81	147b48cb47d84a2d4a4a4aa895f53fa10ac18ec6340143c7fa78015a5c1b44ec	42.900	342	0.799	0.933
9d0bf140dd3e9610a05d0391d0b3076177bb6c5932d4b003e913cd9bfb378d81	e2b3c5b9fbb5fc6726a848a069a1bd1ace3559cc2b23049b5afb28da66e1ecf2	43.200	342	0.799	0.937
9d0bf140dd3e9610a05d0391d0b3076177bb6c5932d4b003e913cd9bfb378d81	e55393f0ac941bfa1920a1865e3cdb65642ca7bf3656ec458eac077155287763	43.100	342	0.799	0.933
9d0bf140dd3e9610a05d0391d0b3076177bb6c5932d4b003e913cd9bfb378d81	9122255256a5381a5b57d44fb28f32803fe9453c3396db3390234c299ed03fb9	42.900	342	0.799	0.935
9d0bf140dd3e9610a05d0391d0b3076177bb6c5932d4b003e913cd9bfb378d81	5810d6056798a6f1dad62d60a81d232d7abeafe23181f00967b2ba9418cb1d3b	42.600	342	0.799	0.933
9d0bf140dd3e9610a05d0391d0b3076177bb6c5932d4b003e913cd9bfb378d81	de94092eca57c6cc35062170c9a8415805788f220aaa0f98d3ca8065f9627dbc	42.600	342	0.799	0.933
9d0bf140dd3e9610a05d0391d0b3076177bb6c5932d4b003e913cd9bfb378d81	54ba81f5274f2a91a83e84e107fed2aa53fd2f2e250f40f5f9633e4e94e290ae	42.900	342	0.799	0.943
9d0bf140dd3e9610a05d0391d0b3076177bb6c5932d4b003e913cd9bfb378d81	a398b1e4e2333dd90591befc4b4b377b3e9c30e5a9672c4c892adc87ff428510	42.900	342	0.799	0.938
9d0bf140dd3e9610a05d0391d0b3076177bb6c5932d4b003e913cd9bfb378d81	c2d9ce9433ecd156761131f7ca6d8ec2956e2f6ed82117a31aac7963ec1d7871	42.900	342	0.799	0.930
9d0bf140dd3e9610a05d0391d0b3076177bb6c5932d4b003e913cd9bfb378d81	71f56cf04394323cf4a77c6f4af0314f51e54cadb3c953419f5c37de935a5c5a	42.900	342	0.799	0.933
9d0bf140dd3e9610a05d0391d0b3076177bb6c5932d4b003e913cd9bfb378d81	95da4882101b4652cefbb2a521a55972a13e9d2318cb5d30823fe55e8c61c646	42.900	342	0.799	0.930
9d0bf140dd3e9610a05d0391d0b3076177bb6c5932d4b003e913cd9bfb378d81	703a90828e33150af043e15088bc0f82d80e4f56aa71d863f7e9d3174a382d22	42.600	342	0.799	0.934
9d0bf140dd3e9610a05d0391d0b3076177bb6c5932d4b003e913cd9bfb378d81	157258a221bab3da29adb3a69636d92a5d197e65dcbf6b20a86df5a7c66b3721	35.700	312	0.729	0.839
9d0bf140dd3e9610a05d0391d0b3076177bb6c5932d4b003e913cd9bfb378d81	42f5db5397e909fa50ae3daed53f71a4dabd344b432e20d315990eadeca22edf	32.300	175	0.386	0.486
9d0bf140dd3e9610a05d0391d0b3076177bb6c5932d4b003e913cd9bfb378d81	2cf50ab220a23fdf34249ada65016ca1132a80bdb63260f55b87cc2b2198d355	32.900	165	0.381	0.457
9d0bf140dd3e9610a05d0391d0b3076177bb6c5932d4b003e913cd9bfb378d81	144be86068ab9e36e348d9f4b6e654a433c396efe75cc944a5d7243356c2bf44	32.900	165	0.381	0.422
9d0bf140dd3e9610a05d0391d0b3076177bb6c5932d4b003e913cd9bfb378d81	bd0308b0b4f1aa44e275fca9f69fd1edfce2f1ee1f174b5ee6eeecb161973fd7	32.900	165	0.381	0.410
4d29fd09ba426cc617b6e576d98a128ec8eacdad5c5c1704381f32f5b0963348	1ac3439a6767235086905afaec2f5fbef1cab41352541f2c13be0165687cedc0	100.000	252	0.448	1.000
4d29fd09ba426cc617b6e576d98a128ec8eacdad5c5c1704381f32f5b0963348	c0573577e1924b07d33d6461d84ce69a6bc095154da25c32d62c2218a0e63cbb	45.400	251	0.447	1.000
4d29fd09ba426cc617b6e576d98a128ec8eacdad5c5c1704381f32f5b0963348	8bd7b16a1ace5f10722980adb3f2a53edf7ce99566e24c8332d82f9b140ddb4c	45.400	249	0.443	0.996
4d29fd09ba426cc617b6e576d98a128ec8eacdad5c5c1704381f32f5b0963348	1869bdc0fbbe550c9ad8aa5db0f98fd67870c85bfec0c8b761a4c3f54b9d4f51	45.800	249	0.443	0.996
4d29fd09ba426cc617b6e576d98a128ec8eacdad5c5c1704381f32f5b0963348	7d358f3d31345f2db8824491d5f9d6e89b20687bc0d8883fadde8a92b6b902da	45.000	251	0.447	0.961
4d29fd09ba426cc617b6e576d98a128ec8eacdad5c5c1704381f32f5b0963348	35870d923c53e9cbcb5becb4690d8743e6758a7f343021ba9217d5cf2a71e84e	45.000	251	0.447	0.957
4d29fd09ba426cc617b6e576d98a128ec8eacdad5c5c1704381f32f5b0963348	e0398654ea484843a8994e427e396f777aeb96ab18d05bea01b65970824af21b	45.000	251	0.447	0.953
4d29fd09ba426cc617b6e576d98a128ec8eacdad5c5c1704381f32f5b0963348	846e00ba580b562a06957d8efeba0b0d324ff2e08c745ac5b1d4980651a0808f	45.000	251	0.447	0.953
4d29fd09ba426cc617b6e576d98a128ec8eacdad5c5c1704381f32f5b0963348	3283d86d0157519097b051f41d37c0d810225e78f466d05edbc69cc44ac72124	45.400	249	0.443	0.996
4d29fd09ba426cc617b6e576d98a128ec8eacdad5c5c1704381f32f5b0963348	0e077c870b9c68ec7174fb20296d23fbe78bb645f12d8e362b74ead9e754603e	45.000	251	0.447	1.000
4d29fd09ba426cc617b6e576d98a128ec8eacdad5c5c1704381f32f5b0963348	c14662d259a953b3f4844da1bcd9213b265dd5003322cce47ec46a3cc643b0f2	45.000	251	0.447	0.992
4d29fd09ba426cc617b6e576d98a128ec8eacdad5c5c1704381f32f5b0963348	b7b5102c40806dac3ba33e7cc49d2429ac73b9916dab058a3811f7f2060be462	45.400	249	0.443	0.996
4d29fd09ba426cc617b6e576d98a128ec8eacdad5c5c1704381f32f5b0963348	93a01f9f0872e4851bc2dc581e9932fc7217b123057fb98138071ed64aaada3c	45.000	251	0.447	0.996
4d29fd09ba426cc617b6e576d98a128ec8eacdad5c5c1704381f32f5b0963348	5962f6dcc6ead3e3904b0822300386046564a29f2f5d54767cc8dc385351fa73	45.400	249	0.443	0.996
4d29fd09ba426cc617b6e576d98a128ec8eacdad5c5c1704381f32f5b0963348	c455c1fd6486e78945cbd732d7e0e25ba6f4b76f10f3785700c30bc817296390	45.000	249	0.443	0.996
4d29fd09ba426cc617b6e576d98a128ec8eacdad5c5c1704381f32f5b0963348	4007b9e0aa7b6b48e7ebb4f4b55fa4d4dcc1fabc66c77dd810e8c1cb8d554bc4	45.000	249	0.443	0.996
4d29fd09ba426cc617b6e576d98a128ec8eacdad5c5c1704381f32f5b0963348	b932f746fb3d34a8f0d0113907a167cd0705ecd080f024838e610b1331d74c32	36.700	246	0.438	0.979
4d29fd09ba426cc617b6e576d98a128ec8eacdad5c5c1704381f32f5b0963348	c2f5134606577fcdfd389f6402b0903808536cf983199f9aa4725858a122683c	35.500	246	0.438	0.975
4d29fd09ba426cc617b6e576d98a128ec8eacdad5c5c1704381f32f5b0963348	216f9904222b47e75080df752a5a158880d8c4ca2360b30b18f5cd1ca842d0f7	35.100	246	0.438	0.979
4d29fd09ba426cc617b6e576d98a128ec8eacdad5c5c1704381f32f5b0963348	006f2d062a0f27c04faa6935723548636a37776f921636e3bba82e0d22865cad	35.100	246	0.438	0.975
654714f03f47edfbd184977a2f92201496944f42467797cceb91016bcea59277	3805b8d8e9fd29d8c94e7e4515f94d612dae582352e4a11fea6c517de58bd695	85.300	267	0.943	0.993
654714f03f47edfbd184977a2f92201496944f42467797cceb91016bcea59277	b3aef72078a63132924ced28a2799e48a09eaeab554d6701aceaac5073f73492	85.700	266	0.940	0.996
654714f03f47edfbd184977a2f92201496944f42467797cceb91016bcea59277	a4f14e4720ac3c9c3ac4d66d5a689e067897e0fdaa7eaee04bf94752867d452f	85.700	266	0.940	0.993
654714f03f47edfbd184977a2f92201496944f42467797cceb91016bcea59277	c6004d5d06ff0676a4ab6dbe31def8bdc917217d9a789e094f2f80a98a5e1033	85.300	266	0.940	0.993
654714f03f47edfbd184977a2f92201496944f42467797cceb91016bcea59277	78ce0f4870c0d213f7d4bdd7fb540d6d79ac63ba57c3e50ef0608c4a495fbd18	85.300	266	0.940	0.993
654714f03f47edfbd184977a2f92201496944f42467797cceb91016bcea59277	f76968770099abb8449f3d370114e6dfa357cc0ae8d30378814b498af3f80d51	85.300	266	0.940	0.993
654714f03f47edfbd184977a2f92201496944f42467797cceb91016bcea59277	c46a3b0bd0088a414819894d23496cd217e7b493131ad6b26125a2e36ee07e9e	85.300	266	0.940	0.989
654714f03f47edfbd184977a2f92201496944f42467797cceb91016bcea59277	6684bee6f3e014fd764c0aeaa0d598199b8740811d61aa77c116debd75403673	85.600	264	0.933	0.996
654714f03f47edfbd184977a2f92201496944f42467797cceb91016bcea59277	0e275b0f6b9614898f407cff6777fbc53e64cf7caafa2efdff492e1880282514	85.800	262	0.926	0.996
654714f03f47edfbd184977a2f92201496944f42467797cceb91016bcea59277	9d47978ff6823cd39c04121e8c31fbab111153cc8248a34bf4b432d2cf50f7fa	85.800	262	0.926	0.992
654714f03f47edfbd184977a2f92201496944f42467797cceb91016bcea59277	dc104c829567ff18ff9dedd9bb640c863e0c643b31a0dcdb307f96564dccf850	86.100	259	0.915	0.992
654714f03f47edfbd184977a2f92201496944f42467797cceb91016bcea59277	0c9e32bb446ae78e4691e406b5879959a9bbaf4ee9ba4232804fec6d2d8c0c70	86.100	259	0.915	0.992
654714f03f47edfbd184977a2f92201496944f42467797cceb91016bcea59277	c584bbdca1952d365c675cdc5d72ac8f55e511b85968023b97a899d86d25aba0	86.000	258	0.912	0.989
654714f03f47edfbd184977a2f92201496944f42467797cceb91016bcea59277	d9fc2ceb3c50b49e1485b38fee35240f5f519e074d70d17d5adad0c0bb45f978	85.900	257	0.908	0.996
654714f03f47edfbd184977a2f92201496944f42467797cceb91016bcea59277	269accba4965038c328594b542cfb8b2f031af12a0ba27dfd0182d899dbad948	85.900	257	0.908	0.992
654714f03f47edfbd184977a2f92201496944f42467797cceb91016bcea59277	83f04370ef4286d073a2ac8b9200f57742ec24fe05a66505accbb52a0d9f2534	85.900	256	0.905	0.996
654714f03f47edfbd184977a2f92201496944f42467797cceb91016bcea59277	6479a2232921a3be53e745c2928d2910bb1abb9b9f0f9887c7f27ee43660c8d9	85.900	256	0.905	0.992
654714f03f47edfbd184977a2f92201496944f42467797cceb91016bcea59277	f547859c78edb5646fe7fb628c9aceeb13b175ce60ea2f99a72462072335628d	85.500	256	0.905	0.996
654714f03f47edfbd184977a2f92201496944f42467797cceb91016bcea59277	bac4dea9b4a0551310c21b43b7864051fabbbe52b361d2e9a0fe298fd92b7a0d	85.500	256	0.905	0.992
654714f03f47edfbd184977a2f92201496944f42467797cceb91016bcea59277	627c953911c7f05ba0e0ad0f8122e550d0dcd8f12b1856e1b5e061a32389bcdd	85.500	256	0.905	0.996
b790cb3d6182c74bc1627d8d5e176189d44ddc290bc7a43632062e6e0440be4c	537e4ad2ba3d76cf4702247c2a1b82b8a2f10d8934afc5ae8dddd214e1f66bb5	33.900	893	0.927	0.988
b790cb3d6182c74bc1627d8d5e176189d44ddc290bc7a43632062e6e0440be4c	f69cfae99658080776d0a488cf13537fa0f38e4794fe0a646768787d9d743708	25.000	495	0.514	0.547
b790cb3d6182c74bc1627d8d5e176189d44ddc290bc7a43632062e6e0440be4c	7a0565aacaf6d26d1de38ffc13a2bf4d3eb8fcf5fe4de1c17715b3b41f5ee0c6	27.800	322	0.334	0.508
b790cb3d6182c74bc1627d8d5e176189d44ddc290bc7a43632062e6e0440be4c	a5172673401402a2a4f210e41c3dd72edd6782f03db8a7ae337125dc04497430	27.800	322	0.334	0.511
b790cb3d6182c74bc1627d8d5e176189d44ddc290bc7a43632062e6e0440be4c	62e358e2062caaa49024f340bdde06ff55163a30e270b3b51a8a897acd7be03d	27.800	322	0.334	0.508
b790cb3d6182c74bc1627d8d5e176189d44ddc290bc7a43632062e6e0440be4c	8064e81c8a5e9c66d2abf42ee4d949dd2de51252b59217cc856448daec46ce11	25.600	341	0.353	0.544
b790cb3d6182c74bc1627d8d5e176189d44ddc290bc7a43632062e6e0440be4c	32cb61758b26eec385e534535b5813e326a050f28d5f20f6d835111d4ace1b8f	26.100	340	0.353	0.542
b790cb3d6182c74bc1627d8d5e176189d44ddc290bc7a43632062e6e0440be4c	fa2ab07d0444fcad6fc031d2db9aa8f27ba057de3a257b37cc32788f85350b70	25.000	278	0.289	0.307
b790cb3d6182c74bc1627d8d5e176189d44ddc290bc7a43632062e6e0440be4c	86165851087cbb06f93c7a7ac2e45a468e8c23d20e9dff28d954ea128754824f	25.000	278	0.289	0.307
92962676f214e5a64a684dcb0daea96f595b5c4ccf2e8db1315ae9d36623e43b	c79bc7845ff2f07ea82069fe9672cbc51c6172bede8d9671224fc8770db3faef	100.000	513	0.973	1.000
92962676f214e5a64a684dcb0daea96f595b5c4ccf2e8db1315ae9d36623e43b	d1413a332921993ad8243affa1005687f4fa912180dcc50744853b3ec9e3dbdc	99.800	513	0.973	1.000
92962676f214e5a64a684dcb0daea96f595b5c4ccf2e8db1315ae9d36623e43b	f43d950f19787188da6afc6ab386ad7c583d75055a9f2d06a02951b6b7808ec7	73.900	495	0.939	0.992
92962676f214e5a64a684dcb0daea96f595b5c4ccf2e8db1315ae9d36623e43b	91f4101cf96abe151bc308295a5102e2899391efe707f8feb60da47357144c62	74.100	491	0.932	0.994
92962676f214e5a64a684dcb0daea96f595b5c4ccf2e8db1315ae9d36623e43b	daa50a53b8af1b5059f2efe4fffffd35a0df0bc91a47f63a5b137ab757975c0c	31.200	446	0.846	0.982
92962676f214e5a64a684dcb0daea96f595b5c4ccf2e8db1315ae9d36623e43b	288e001aac0505c8cff8700239abf9af1386aa692b50e771e018395bd3264181	31.000	446	0.846	0.984
92962676f214e5a64a684dcb0daea96f595b5c4ccf2e8db1315ae9d36623e43b	99d6c2af9a3d73c57c1c73ced45c20c3746b19eb65ca797ee83fabf141be3ac7	30.800	446	0.846	0.982
92962676f214e5a64a684dcb0daea96f595b5c4ccf2e8db1315ae9d36623e43b	91392e5b4565fc86dfb32802847aae055294d549edd9fdfe6cb8e21a61d2efb7	30.500	446	0.846	0.984
92962676f214e5a64a684dcb0daea96f595b5c4ccf2e8db1315ae9d36623e43b	dc971adfa6d6201ceb09a2f326a71fb23f905bebe37db463c8d9157821d98a26	30.500	446	0.846	0.982
92962676f214e5a64a684dcb0daea96f595b5c4ccf2e8db1315ae9d36623e43b	dfef77df21de38f5e335d353bd3327261871f293d276b351c56a140d75ba7881	20.400	521	0.846	0.822
92962676f214e5a64a684dcb0daea96f595b5c4ccf2e8db1315ae9d36623e43b	dd8106487d56616323ea1a824d069b7ba39dfd82886f038717c52d13450410f8	20.100	529	0.846	0.824
92962676f214e5a64a684dcb0daea96f595b5c4ccf2e8db1315ae9d36623e43b	681c5139a22e0994a0b62a279aba5ef9d65abcd70cf0633189cca38bac844d0f	20.100	530	0.846	0.824
92962676f214e5a64a684dcb0daea96f595b5c4ccf2e8db1315ae9d36623e43b	46adf5b97134dd753fa4d70faa07d3e6eee564be1d4be256290dfd32b4514db1	19.800	534	0.846	0.825
92962676f214e5a64a684dcb0daea96f595b5c4ccf2e8db1315ae9d36623e43b	053f8a76d8298b0cb94780bbbd0ce385b3f160c61816429ce4150b12374b3542	20.200	530	0.846	0.819
92962676f214e5a64a684dcb0daea96f595b5c4ccf2e8db1315ae9d36623e43b	be589419405415ea3cbfd491ef944f9bf190460e84f4a5e90ec5dcca5d534e99	19.400	551	0.846	0.822
92962676f214e5a64a684dcb0daea96f595b5c4ccf2e8db1315ae9d36623e43b	2de0f94264f5f99f7b26b5d2e70d801073c0d91818536dd5e119ce186b942864	19.400	547	0.846	0.824
92962676f214e5a64a684dcb0daea96f595b5c4ccf2e8db1315ae9d36623e43b	1d2b1a74e4d753cfc24c23399e293670dbfb8c299534594ed059c358e0dc27af	19.400	547	0.846	0.823
92962676f214e5a64a684dcb0daea96f595b5c4ccf2e8db1315ae9d36623e43b	493006f7f1920041ad9c1b33e1c28785ec928a5756ed96d9672ab22e47a2a0f3	19.400	547	0.846	0.823
92962676f214e5a64a684dcb0daea96f595b5c4ccf2e8db1315ae9d36623e43b	53d132d2a5f6041896859c29f7a7ea3c2718d6bf08e376dadded96c2fcaff1a5	19.400	547	0.846	0.821
92962676f214e5a64a684dcb0daea96f595b5c4ccf2e8db1315ae9d36623e43b	e874ff62c51de20ace1d7f19430bd0028e9122012e23ea3f69a17f655cc489c7	22.100	445	0.843	0.921
672f4fb72c856de2b17c3aa33eb50c5bdb3a176418c806d18d8d51eb4be9da01	b0e130c681a71d1b79420682d3f189ff27815879d464796194db6338e0f8513d	100.000	482	0.998	1.000
672f4fb72c856de2b17c3aa33eb50c5bdb3a176418c806d18d8d51eb4be9da01	5bcf28126368071ef790e1b637b64806f6e801fee835084833baf6a165ed0d13	100.000	471	0.975	1.000
672f4fb72c856de2b17c3aa33eb50c5bdb3a176418c806d18d8d51eb4be9da01	bf1c4328b48ce5f926f9fee5ddc4ad9548bc69bce0db093393b9ffcb6b935d33	94.500	473	0.979	1.000
672f4fb72c856de2b17c3aa33eb50c5bdb3a176418c806d18d8d51eb4be9da01	bbd36ab9347916518f93184d62acedd71e97863cf6653c9f07583bcd24dc3bf8	65.100	474	0.967	0.996
672f4fb72c856de2b17c3aa33eb50c5bdb3a176418c806d18d8d51eb4be9da01	1002d9c7af7bcd15f64b8b2c7484c0218ea8ab4c6d2081579f206a80373d0d59	57.400	469	0.971	0.994
672f4fb72c856de2b17c3aa33eb50c5bdb3a176418c806d18d8d51eb4be9da01	b6c2af6994091e77407293eab82f15ef8ad6def54d93f9d19bb6ec8698cd7bb1	57.400	469	0.971	0.992
672f4fb72c856de2b17c3aa33eb50c5bdb3a176418c806d18d8d51eb4be9da01	59bd85433a82bb376784ccae186fcf422b293337060b1b02adb9b4d7b5785418	57.300	468	0.969	0.998
672f4fb72c856de2b17c3aa33eb50c5bdb3a176418c806d18d8d51eb4be9da01	d11d83ba14aff2df9200572f97e0b6b8d3587f96f369b965526b550829ea3de4	57.300	468	0.969	0.996
672f4fb72c856de2b17c3aa33eb50c5bdb3a176418c806d18d8d51eb4be9da01	b578cb1f9b37e59afa413dce8ae897d4f7c76c0895e2fd17b73b608bf61167cf	56.200	469	0.971	0.998
672f4fb72c856de2b17c3aa33eb50c5bdb3a176418c806d18d8d51eb4be9da01	a66eef9a54a7cd1e48bd1263a891e75ed2b6e2d0ce9eebbb2de57ee4e1252175	56.200	469	0.971	0.996
672f4fb72c856de2b17c3aa33eb50c5bdb3a176418c806d18d8d51eb4be9da01	a6b4029aa382e7f1c903b15a5a228d4af34f0c21d7a782e1e145f3d2706f6478	56.200	469	0.971	0.996
672f4fb72c856de2b17c3aa33eb50c5bdb3a176418c806d18d8d51eb4be9da01	e07cca9f56ff2f13f5d45ca433f4b65734a018a128750d378178467d53d83ac9	56.200	469	0.971	0.994
672f4fb72c856de2b17c3aa33eb50c5bdb3a176418c806d18d8d51eb4be9da01	4a434c6c18934858660ef9a78425d2e124a7ed30888bf4886638d1bcd999567a	56.100	468	0.969	0.998
672f4fb72c856de2b17c3aa33eb50c5bdb3a176418c806d18d8d51eb4be9da01	0407319d7f56a46867791a042b562360720fe493bd012b16abe7cd93c3bfe1fc	56.000	469	0.971	0.994
672f4fb72c856de2b17c3aa33eb50c5bdb3a176418c806d18d8d51eb4be9da01	1999851476a919b5d0792fbff4db38d3a8d60382bc4dbaabdc7a0d1bf63cc6ac	54.000	468	0.969	0.996
672f4fb72c856de2b17c3aa33eb50c5bdb3a176418c806d18d8d51eb4be9da01	70e0306975d131842402352e6e1813071b76c46dcbc1e51ecf45b96723bf9ebe	54.000	468	0.969	1.000
672f4fb72c856de2b17c3aa33eb50c5bdb3a176418c806d18d8d51eb4be9da01	5b5b91a99f3a287f916150107b3a0f3ce9f4a795cca544d5d6316346a2d502b5	54.000	468	0.969	0.998
672f4fb72c856de2b17c3aa33eb50c5bdb3a176418c806d18d8d51eb4be9da01	db031435dc1b60bb1afde1e3b0387484e857d77e63b21f67a082b050e245994b	54.500	464	0.961	0.994
082ef6cfa8a9d5c17782cc036623a4c0ece915fc6a420e54678ff55dab70b98e	449df808ff5fab94b29a2c3aaa6176cd9db6eca2fb525144af2bf7c59bbe07be	99.600	253	0.312	1.000
082ef6cfa8a9d5c17782cc036623a4c0ece915fc6a420e54678ff55dab70b98e	e2352108b1bb4471674cc27b40058771825e913fc1c046fb19255a6351b7b9e4	35.800	231	0.275	0.975
082ef6cfa8a9d5c17782cc036623a4c0ece915fc6a420e54678ff55dab70b98e	920e7144690959c54b8595b3e428fb6081ac12b3c4c6cbce8b88040ae9281b26	35.800	231	0.275	0.975
082ef6cfa8a9d5c17782cc036623a4c0ece915fc6a420e54678ff55dab70b98e	10b0ebd18733b984a91bfcd3e5408d1d6a56585844abe509b6d8be6dd7c4caea	35.400	231	0.275	0.971
082ef6cfa8a9d5c17782cc036623a4c0ece915fc6a420e54678ff55dab70b98e	846e00ba580b562a06957d8efeba0b0d324ff2e08c745ac5b1d4980651a0808f	35.400	251	0.295	0.973
082ef6cfa8a9d5c17782cc036623a4c0ece915fc6a420e54678ff55dab70b98e	8bd7b16a1ace5f10722980adb3f2a53edf7ce99566e24c8332d82f9b140ddb4c	36.500	241	0.275	0.984
082ef6cfa8a9d5c17782cc036623a4c0ece915fc6a420e54678ff55dab70b98e	7d358f3d31345f2db8824491d5f9d6e89b20687bc0d8883fadde8a92b6b902da	35.200	249	0.293	0.973
082ef6cfa8a9d5c17782cc036623a4c0ece915fc6a420e54678ff55dab70b98e	35870d923c53e9cbcb5becb4690d8743e6758a7f343021ba9217d5cf2a71e84e	35.000	249	0.295	0.969
082ef6cfa8a9d5c17782cc036623a4c0ece915fc6a420e54678ff55dab70b98e	e0398654ea484843a8994e427e396f777aeb96ab18d05bea01b65970824af21b	35.000	249	0.295	0.965
082ef6cfa8a9d5c17782cc036623a4c0ece915fc6a420e54678ff55dab70b98e	3283d86d0157519097b051f41d37c0d810225e78f466d05edbc69cc44ac72124	36.000	241	0.275	0.984
082ef6cfa8a9d5c17782cc036623a4c0ece915fc6a420e54678ff55dab70b98e	b7b5102c40806dac3ba33e7cc49d2429ac73b9916dab058a3811f7f2060be462	36.000	241	0.275	0.984
082ef6cfa8a9d5c17782cc036623a4c0ece915fc6a420e54678ff55dab70b98e	0e077c870b9c68ec7174fb20296d23fbe78bb645f12d8e362b74ead9e754603e	36.000	241	0.275	0.980
082ef6cfa8a9d5c17782cc036623a4c0ece915fc6a420e54678ff55dab70b98e	c14662d259a953b3f4844da1bcd9213b265dd5003322cce47ec46a3cc643b0f2	36.000	241	0.275	0.972
082ef6cfa8a9d5c17782cc036623a4c0ece915fc6a420e54678ff55dab70b98e	c455c1fd6486e78945cbd732d7e0e25ba6f4b76f10f3785700c30bc817296390	35.100	241	0.275	0.984
082ef6cfa8a9d5c17782cc036623a4c0ece915fc6a420e54678ff55dab70b98e	1869bdc0fbbe550c9ad8aa5db0f98fd67870c85bfec0c8b761a4c3f54b9d4f51	35.600	241	0.275	0.984
082ef6cfa8a9d5c17782cc036623a4c0ece915fc6a420e54678ff55dab70b98e	5962f6dcc6ead3e3904b0822300386046564a29f2f5d54767cc8dc385351fa73	36.000	241	0.275	0.984
082ef6cfa8a9d5c17782cc036623a4c0ece915fc6a420e54678ff55dab70b98e	93a01f9f0872e4851bc2dc581e9932fc7217b123057fb98138071ed64aaada3c	36.000	241	0.275	0.976
082ef6cfa8a9d5c17782cc036623a4c0ece915fc6a420e54678ff55dab70b98e	4007b9e0aa7b6b48e7ebb4f4b55fa4d4dcc1fabc66c77dd810e8c1cb8d554bc4	34.600	241	0.275	0.984
082ef6cfa8a9d5c17782cc036623a4c0ece915fc6a420e54678ff55dab70b98e	e6db6533256601dd2198c3326367160e25fbba0e74ad988c0a6fd331d1e3055c	41.000	148	0.181	0.851
082ef6cfa8a9d5c17782cc036623a4c0ece915fc6a420e54678ff55dab70b98e	cbf2c2afaa2dd7a5608cd620d9b2cc3c78b72aa20c7d8e8c25df70a4261b2934	41.000	148	0.181	0.841
f6a56ef8a577d7c87c479645aab5129a83387f6eded8c3f36a8f79cdb780b484	d6a830845addd7c6b6fd2dd6be51ffdce79a65ad29518f71c7b35f7269251eb8	39.600	257	0.831	1.000
f6a56ef8a577d7c87c479645aab5129a83387f6eded8c3f36a8f79cdb780b484	986e1a4a22c1a606c74ca61f39688b21f55b20cc6ca2c237dbd683d473a6fc90	39.600	257	0.831	0.992
f6a56ef8a577d7c87c479645aab5129a83387f6eded8c3f36a8f79cdb780b484	6f25f5a86b44ecdbdd92fe990d0d80fe4f7da7bd15a3813316d098dfac341cfa	39.100	258	0.831	0.996
f6a56ef8a577d7c87c479645aab5129a83387f6eded8c3f36a8f79cdb780b484	e5c905228cb39bcc415c86347b68d7fed610433e580678744433ed4ff4f3e814	39.100	258	0.831	0.992
f6a56ef8a577d7c87c479645aab5129a83387f6eded8c3f36a8f79cdb780b484	8046237a234f355b0b0dd103cecd6d5e7010a46f10e883440ccc95f3cc2619c4	35.600	256	0.831	0.992
f6a56ef8a577d7c87c479645aab5129a83387f6eded8c3f36a8f79cdb780b484	c8065dce43d773eb40784ca2cdd2032a399123b7bab62a15605dc3c90a8ee0bb	35.200	256	0.831	1.000
f6a56ef8a577d7c87c479645aab5129a83387f6eded8c3f36a8f79cdb780b484	201e9b71ee9cd1d6393fab8b87bb85e3a80debaf706d51e68d00e6434773b0e1	35.200	256	0.831	0.996
f6a56ef8a577d7c87c479645aab5129a83387f6eded8c3f36a8f79cdb780b484	f2ff887d6e010fbda310b8115fb06e73b0d87044e3302f118d676f374f55b0f9	35.200	256	0.831	0.996
f6a56ef8a577d7c87c479645aab5129a83387f6eded8c3f36a8f79cdb780b484	79bf34944dab41970269ca97ff35e83c37ec0319e95e2aefa8d6c19c9853f68e	35.200	256	0.831	0.992
f6a56ef8a577d7c87c479645aab5129a83387f6eded8c3f36a8f79cdb780b484	b4a59934163d13dd02737a5f6606eb5c71b7b456679890113aa99a87050c10cd	35.200	256	0.831	0.988
f6a56ef8a577d7c87c479645aab5129a83387f6eded8c3f36a8f79cdb780b484	c9aca97d4ce14b8a2831cb1de8ca5c26abe7f616fee11227965355133c4af3fe	35.200	256	0.831	0.996
f6a56ef8a577d7c87c479645aab5129a83387f6eded8c3f36a8f79cdb780b484	44e11502a5ead9ba0f39c25c884c56037b4d00044c2b9ea5cb839a95508d9770	34.800	256	0.831	0.992
f6a56ef8a577d7c87c479645aab5129a83387f6eded8c3f36a8f79cdb780b484	b1532736daad2f022a5e5d48f41d8951823719b6aac760b018079ee62ebe00c8	34.800	256	0.831	1.000
f6a56ef8a577d7c87c479645aab5129a83387f6eded8c3f36a8f79cdb780b484	c5d659964ec3d5ac1dc1b58c5c1b2d842d521eb24a4d8131df11064d2f206981	35.200	256	0.831	0.988
f6a56ef8a577d7c87c479645aab5129a83387f6eded8c3f36a8f79cdb780b484	97d5a6773ebf1e9f038dbaefa00fc05a091ea69f7fd18404d9e2f00ef98c45ca	34.800	256	0.831	0.996
f6a56ef8a577d7c87c479645aab5129a83387f6eded8c3f36a8f79cdb780b484	ac462f0270d841afc5a87624a64a7e67e0714b31945af0f9d776391c0db5ead3	34.800	256	0.831	1.000
f6a56ef8a577d7c87c479645aab5129a83387f6eded8c3f36a8f79cdb780b484	efd6ca3e8cff103c9921ddc092ab648268cc0ffe9ab98e82aae1e5965b6ee3bc	34.800	256	0.831	0.992
f6a56ef8a577d7c87c479645aab5129a83387f6eded8c3f36a8f79cdb780b484	c35e2f2f613049607361eb599f7d2226f741245ef00a9bac5dc5d40c3318ed86	34.800	256	0.831	0.996
f6a56ef8a577d7c87c479645aab5129a83387f6eded8c3f36a8f79cdb780b484	14146435c9b8d2bfab5c515c65c610be844d635c3e6b384fb1c0d0016f334548	34.800	256	0.831	0.988
f6a56ef8a577d7c87c479645aab5129a83387f6eded8c3f36a8f79cdb780b484	7fcf95605fc55a40c50b6e2e37877ebd09f6f75f46b08deb031f83e25c41e002	35.100	245	0.795	0.950
81df22d3c31e42da3cc7ca499fdcf69f47c4595fd9a06578bcb26c5505de7364	64e2217d2a4d49a85df0b10251aa823ebb07eac443e0eceab163caf99b7c828c	27.200	152	0.734	0.903
81df22d3c31e42da3cc7ca499fdcf69f47c4595fd9a06578bcb26c5505de7364	45fb57f04674301a0bc6ee8bc63ca10cc38d695c34661feb2be81ad547eb3077	27.600	150	0.725	0.873
81df22d3c31e42da3cc7ca499fdcf69f47c4595fd9a06578bcb26c5505de7364	12dc03d3157ec9d2590dd85b5b62c33ec8d9df94e41caaf89fed457a9e0ab2cd	27.600	150	0.725	0.817
9e7d7130805f2344b7b71e407fd84a697a46542d63709677256480f1658ae226	3fdb0ecddf682ea329409cbd65f1023ab86b89d3649887fc5fd63ee07a63f307	100.000	124	0.827	1.000
9e7d7130805f2344b7b71e407fd84a697a46542d63709677256480f1658ae226	c6fb6bcbe4b5831505678638e34f0fe9ba66e675590e23483c6a315b15ad233d	97.500	124	0.827	1.000
9e7d7130805f2344b7b71e407fd84a697a46542d63709677256480f1658ae226	742437897c5db8ebd3eb20a4d5694cd58711a33756c42867093f7c8776ad1ed7	96.700	124	0.827	1.000
9e7d7130805f2344b7b71e407fd84a697a46542d63709677256480f1658ae226	caa8dfb3568e9afcd9bb19099cba6dc30511a4919a0e8b0baef0d6b447acc1dd	81.400	124	0.827	1.000
9e7d7130805f2344b7b71e407fd84a697a46542d63709677256480f1658ae226	eaae55daae153d10f3ad28bd9ae9f115251feb31a2362d529c981498f38f4ee0	79.800	124	0.827	1.000
9e7d7130805f2344b7b71e407fd84a697a46542d63709677256480f1658ae226	ad0622ce24576543e994baf2ef9fb8980fb385f8c64dea0e95f0eb3bcf59f2d1	45.200	115	0.767	0.933
9e7d7130805f2344b7b71e407fd84a697a46542d63709677256480f1658ae226	423d0de22fdf9006eb45c5a1b3277545bed070df4ec198d9fd3363b36b015663	34.100	117	0.780	0.910
794da9c880663fe823556f716d98f9ff4594f63a962262b882fc23787f1ec82e	c67448e241d053e0d5d3a965795aa26977fd75f93d3c26c74238382952705cfb	35.100	197	0.357	0.912
f01679b357e85183133b6e765b5bbb10fb34aac343f1185d3cae27b684632907	602d22b0dcd4c84b2e5a137c4f20bd6c713b8fa1ce9718d0d7da89f7ccfa90ed	100.000	186	0.995	1.000
f01679b357e85183133b6e765b5bbb10fb34aac343f1185d3cae27b684632907	8153366d711a53d137c78c3a89d600f0c2341d650f9b7ebd4192ede0a39b8c9d	99.400	186	0.995	1.000
f01679b357e85183133b6e765b5bbb10fb34aac343f1185d3cae27b684632907	eb534e0cf3d91519dc7637afe6214d2e57b9b755015dca9e4388d98d94a7901d	99.400	186	0.995	1.000
f01679b357e85183133b6e765b5bbb10fb34aac343f1185d3cae27b684632907	80da00b92abba4b270f6232ebbdef93ae045bda83a9c386b10cb8d5998c48eb3	100.000	185	0.989	1.000
f01679b357e85183133b6e765b5bbb10fb34aac343f1185d3cae27b684632907	1457078b897714546573481ecaeb447bde6b9177279a902873379a4bf4c17e5e	99.400	186	0.995	1.000
f01679b357e85183133b6e765b5bbb10fb34aac343f1185d3cae27b684632907	1019cc8766227bfe1cc526c19608ca397fae0f9d9e83534f90655848aa5f098d	99.400	186	0.995	1.000
f01679b357e85183133b6e765b5bbb10fb34aac343f1185d3cae27b684632907	b6eb74d4adedfb4ff246fb28d55b43616a69fae21438b264725ccaa9aea1b889	99.400	186	0.995	1.000
f01679b357e85183133b6e765b5bbb10fb34aac343f1185d3cae27b684632907	3ac51743ce696deda5bfe34c207348f96354b86686125baa688c2160f5d4be4c	100.000	184	0.984	1.000
f01679b357e85183133b6e765b5bbb10fb34aac343f1185d3cae27b684632907	bb65d64b652c7674c6435512ad465c7737025d5877972eac2d04ea16a85bf66e	99.400	186	0.995	1.000
f01679b357e85183133b6e765b5bbb10fb34aac343f1185d3cae27b684632907	837f3d80f4d19450b3104c4a8684d99cf9cdbb6551d4d553201daefd2029ef07	98.900	186	0.995	1.000
f01679b357e85183133b6e765b5bbb10fb34aac343f1185d3cae27b684632907	161d09df270a4b602d4fa410ccb2f46da549a290f2c1a4ad9541803c20313b57	98.900	186	0.995	1.000
f01679b357e85183133b6e765b5bbb10fb34aac343f1185d3cae27b684632907	dc94413b1831f5697512edc759b9c65cd6614acbec55c73262a9436bd2cb66fc	98.900	186	0.995	1.000
f01679b357e85183133b6e765b5bbb10fb34aac343f1185d3cae27b684632907	5f85b26b980b2355c1c20f37d1c67d04ce1a1123536c5941c201f3b20fa06703	98.900	186	0.995	1.000
f01679b357e85183133b6e765b5bbb10fb34aac343f1185d3cae27b684632907	82f39a91d4dd1ec1a12b9a3095c3ff6a3e1f510b681269a7e036d0d6379935c8	100.000	182	0.973	1.000
f01679b357e85183133b6e765b5bbb10fb34aac343f1185d3cae27b684632907	af13a638c0c860c9fb74bcd17c6e2efb522427a3915e0a71345a9ccc8822b7f7	90.700	183	0.979	0.984
f01679b357e85183133b6e765b5bbb10fb34aac343f1185d3cae27b684632907	6b8b6f7a24a89cb96c0d0624cd88208823aedbc5edb0598d0e6f9f349ad0e747	90.100	183	0.979	0.984
f01679b357e85183133b6e765b5bbb10fb34aac343f1185d3cae27b684632907	dcf2acde944daa90d2ae50d63f7fb19141f01d20c49376d3bcc39ac453cac374	75.100	185	0.989	0.995
f01679b357e85183133b6e765b5bbb10fb34aac343f1185d3cae27b684632907	a219c2b8a425ecfd55ed2b3dfddd30de99fafcdd5c584683763177e1fdc06604	42.500	152	0.786	0.738
f01679b357e85183133b6e765b5bbb10fb34aac343f1185d3cae27b684632907	4c13b0767913a97edb42ba34605d3572160a72f331b257c16f622f80c855c713	40.600	155	0.797	0.689
f01679b357e85183133b6e765b5bbb10fb34aac343f1185d3cae27b684632907	b4a03421ad84d21f7b920b15ac0b5681eb7ea01156fead3fcf814ef1ebfbb8c3	36.200	143	0.765	0.745
a18a61244f5cc7f3fed7e918f9a0e8b26112254177fc9089fc7f8dfc6be469c1	cf16a4fd0c9a49823ef475c26c7646a90db6cc04a25479162601bef8acb1769a	100.000	95	0.714	1.000
a18a61244f5cc7f3fed7e918f9a0e8b26112254177fc9089fc7f8dfc6be469c1	7d0881c8f91f7ca9a9027a3590d91b6bb3baffcf5baf0388ed04368d2fe46b5e	100.000	90	0.677	1.000
a18a61244f5cc7f3fed7e918f9a0e8b26112254177fc9089fc7f8dfc6be469c1	bcc8b3b2ad6813f93649069bee9966ecc630da3e28bdfaf34e2c11e5d1f9947a	56.300	94	0.707	0.868
a18a61244f5cc7f3fed7e918f9a0e8b26112254177fc9089fc7f8dfc6be469c1	6a6dd5b9428faedc42d718f66b5c062cdca3b1fc302462e458ee0f9f59d5a257	54.900	91	0.684	0.927
71376b3a50a1cc063e09d51d93e09c4aacc3b77edd60a922db188157a62b0de4	71376b3a50a1cc063e09d51d93e09c4aacc3b77edd60a922db188157a62b0de4	100.000	165	1.000	1.000
71376b3a50a1cc063e09d51d93e09c4aacc3b77edd60a922db188157a62b0de4	11667023dc361f6059a18bcc6338a39027f0a05b5fc8c877ccdb0599e8fe0c13	100.000	164	0.994	1.000
71376b3a50a1cc063e09d51d93e09c4aacc3b77edd60a922db188157a62b0de4	03e17613cca09d9e7569198f4ed199777b747dca1598f3013ae56c881a261455	67.400	172	1.000	1.000
9413c76d3d6f9cfc34a43bc74828513c034ad5064f7dd447b8b2b6ab48e234f6	9c0c24637836a29a4baaccdd66496da7cdefaa5cce2ee6cf58bacc9d6735e418	19.100	289	0.691	0.782
9413c76d3d6f9cfc34a43bc74828513c034ad5064f7dd447b8b2b6ab48e234f6	506e42b23c1416b1d58b4e80ab5e47a25ab8b9731f48e70d395ffd52ed9b930b	24.500	292	0.699	0.899
9413c76d3d6f9cfc34a43bc74828513c034ad5064f7dd447b8b2b6ab48e234f6	5cb3444876d7734f8eae54e395a0d339e26809df903e72f55b0721188a0a390a	23.800	292	0.699	0.958
9413c76d3d6f9cfc34a43bc74828513c034ad5064f7dd447b8b2b6ab48e234f6	02536d275857d78976c54cd11ab8f644d2f98cf1e56ebbdac7169bbc376c8b50	23.800	292	0.699	0.926
9413c76d3d6f9cfc34a43bc74828513c034ad5064f7dd447b8b2b6ab48e234f6	68ec7b19f3f17b23455df7a73b4c3f33cdc948959e74dbb3826be4d99baafdef	23.800	292	0.699	0.920
9413c76d3d6f9cfc34a43bc74828513c034ad5064f7dd447b8b2b6ab48e234f6	f834ab77e81ed2a3d0c66f0ff386e6a7b5dbce3de56950154a5ca0931464d952	23.800	292	0.699	0.913
6cafcb7b73cd4a888a56672f7918414880d65496ffaf95ec385ae03d299e5862	506e42b23c1416b1d58b4e80ab5e47a25ab8b9731f48e70d395ffd52ed9b930b	27.900	401	0.868	0.963
6cafcb7b73cd4a888a56672f7918414880d65496ffaf95ec385ae03d299e5862	02536d275857d78976c54cd11ab8f644d2f98cf1e56ebbdac7169bbc376c8b50	26.700	401	0.868	0.996
6cafcb7b73cd4a888a56672f7918414880d65496ffaf95ec385ae03d299e5862	68ec7b19f3f17b23455df7a73b4c3f33cdc948959e74dbb3826be4d99baafdef	26.700	401	0.868	0.989
6cafcb7b73cd4a888a56672f7918414880d65496ffaf95ec385ae03d299e5862	f834ab77e81ed2a3d0c66f0ff386e6a7b5dbce3de56950154a5ca0931464d952	26.700	401	0.868	0.982
6cafcb7b73cd4a888a56672f7918414880d65496ffaf95ec385ae03d299e5862	876db18c23d75b6bdf0fb270aeeb6b6014153c4c6a64ff26ed35a1f645424b43	35.300	195	0.407	0.441
6cafcb7b73cd4a888a56672f7918414880d65496ffaf95ec385ae03d299e5862	c37e4d47412e56c5fc8a595627aaf485c676029a8f3c38b5559879b218962a0d	35.300	195	0.407	0.444
6cafcb7b73cd4a888a56672f7918414880d65496ffaf95ec385ae03d299e5862	5cb3444876d7734f8eae54e395a0d339e26809df903e72f55b0721188a0a390a	37.800	198	0.413	0.753
6cafcb7b73cd4a888a56672f7918414880d65496ffaf95ec385ae03d299e5862	8cfa9b3836dfde436c8a531aa092c35840c6e8966e478130b30e6a1a3919e50d	31.000	197	0.400	0.625
6cafcb7b73cd4a888a56672f7918414880d65496ffaf95ec385ae03d299e5862	cd5d8eaa19bfba958e3500b97e06f0e093d657c02867d4935b3fc8644778ef12	31.500	194	0.394	0.628
6cafcb7b73cd4a888a56672f7918414880d65496ffaf95ec385ae03d299e5862	9c0c24637836a29a4baaccdd66496da7cdefaa5cce2ee6cf58bacc9d6735e418	21.600	192	0.400	0.589
d195ee4029e80e71159ac797fc03232c0ddf74d2f865f939179acd0fc14d81a6	506e42b23c1416b1d58b4e80ab5e47a25ab8b9731f48e70d395ffd52ed9b930b	41.000	316	0.709	0.943
d195ee4029e80e71159ac797fc03232c0ddf74d2f865f939179acd0fc14d81a6	02536d275857d78976c54cd11ab8f644d2f98cf1e56ebbdac7169bbc376c8b50	39.700	316	0.709	0.974
d195ee4029e80e71159ac797fc03232c0ddf74d2f865f939179acd0fc14d81a6	68ec7b19f3f17b23455df7a73b4c3f33cdc948959e74dbb3826be4d99baafdef	39.700	316	0.709	0.967
d195ee4029e80e71159ac797fc03232c0ddf74d2f865f939179acd0fc14d81a6	f834ab77e81ed2a3d0c66f0ff386e6a7b5dbce3de56950154a5ca0931464d952	39.700	316	0.709	0.960
d195ee4029e80e71159ac797fc03232c0ddf74d2f865f939179acd0fc14d81a6	5cb3444876d7734f8eae54e395a0d339e26809df903e72f55b0721188a0a390a	38.900	302	0.677	0.954
d195ee4029e80e71159ac797fc03232c0ddf74d2f865f939179acd0fc14d81a6	c37e4d47412e56c5fc8a595627aaf485c676029a8f3c38b5559879b218962a0d	27.700	429	0.709	0.977
d195ee4029e80e71159ac797fc03232c0ddf74d2f865f939179acd0fc14d81a6	876db18c23d75b6bdf0fb270aeeb6b6014153c4c6a64ff26ed35a1f645424b43	27.700	429	0.709	0.971
d195ee4029e80e71159ac797fc03232c0ddf74d2f865f939179acd0fc14d81a6	cd5d8eaa19bfba958e3500b97e06f0e093d657c02867d4935b3fc8644778ef12	28.600	308	0.691	0.883
d195ee4029e80e71159ac797fc03232c0ddf74d2f865f939179acd0fc14d81a6	8cfa9b3836dfde436c8a531aa092c35840c6e8966e478130b30e6a1a3919e50d	27.900	308	0.691	0.873
5882afba176ac8a5bcacbdc1af582ec9522a98bc595b3f165bf6323a9944f050	f80e1775e278cea20cecb990244fc2a7a447c134d61ff83da85fa797e835656c	23.200	326	0.177	0.959
5882afba176ac8a5bcacbdc1af582ec9522a98bc595b3f165bf6323a9944f050	51ef49071b00d7a6a46b4542281759edc65979fecde61d1976cecf1b7788a67f	27.000	205	0.118	0.739
5882afba176ac8a5bcacbdc1af582ec9522a98bc595b3f165bf6323a9944f050	7891c4dfb5421e8d58c0a36dcdc52a2f943532cdfc30524bb3128c7ca6b3e7a9	29.500	266	0.154	0.949
5882afba176ac8a5bcacbdc1af582ec9522a98bc595b3f165bf6323a9944f050	f8d004777be3f7a9256abd52c78a5057d7a57e58a91e824f05fa6127e74abe9b	29.500	266	0.154	0.942
5882afba176ac8a5bcacbdc1af582ec9522a98bc595b3f165bf6323a9944f050	328e638a411108e4961f36b4ea742215b2821b6befbfd1094f81bb1e6f2400d3	26.100	205	0.118	0.707
5882afba176ac8a5bcacbdc1af582ec9522a98bc595b3f165bf6323a9944f050	68d263d272df663782771e2727284513a09392e75322585eda09bf6ddc900f1c	26.100	205	0.118	0.708
5882afba176ac8a5bcacbdc1af582ec9522a98bc595b3f165bf6323a9944f050	85b8dbaf5a7b0abe6681ef70e623d182dbfff360e0f03f47f7ed66e28d132c3d	25.300	205	0.118	0.735
5882afba176ac8a5bcacbdc1af582ec9522a98bc595b3f165bf6323a9944f050	cf21b3a148aa287f48e547ec940578d8eb14976524a93e8790ec07c4af82419c	27.000	230	0.128	0.757
5882afba176ac8a5bcacbdc1af582ec9522a98bc595b3f165bf6323a9944f050	57df43953904755f5a350fc97816b43bdaec909640887589f271752710e6cc4b	27.900	211	0.119	0.685
5882afba176ac8a5bcacbdc1af582ec9522a98bc595b3f165bf6323a9944f050	31e39ead8b2e7b20cf091e11b90364d6d67005e32f11cba89df79681175cb54b	27.900	211	0.119	0.678
5882afba176ac8a5bcacbdc1af582ec9522a98bc595b3f165bf6323a9944f050	758d865388f9fb3767bd99e055023bdbb10a8511eaa54e1b2a2d077116f8f85e	27.600	216	0.125	0.779
5882afba176ac8a5bcacbdc1af582ec9522a98bc595b3f165bf6323a9944f050	a426859c2fdaf6ce556797ba9048d775c7853dfeea9e1be2f544a000e9a7c471	27.600	216	0.125	0.775
5882afba176ac8a5bcacbdc1af582ec9522a98bc595b3f165bf6323a9944f050	f8fa617d2196c2e2b556c159f13fa36392d2ec75381cdfd61630428855cd1ebc	25.400	217	0.122	0.759
5882afba176ac8a5bcacbdc1af582ec9522a98bc595b3f165bf6323a9944f050	b5366aedc0c5463f45d8169155354aff98174536acc94905c952ebde0c831474	27.100	216	0.125	0.775
5882afba176ac8a5bcacbdc1af582ec9522a98bc595b3f165bf6323a9944f050	77ce10b393d7c42ee0cc93f38875a7ed73f6ed58987c97e0201b8f668e125179	26.700	216	0.125	0.773
5882afba176ac8a5bcacbdc1af582ec9522a98bc595b3f165bf6323a9944f050	574136d04122b4f76ba4a35fe14358fc550b21feb1e28cbd5c6d3c75e5453140	26.700	216	0.125	0.751
5882afba176ac8a5bcacbdc1af582ec9522a98bc595b3f165bf6323a9944f050	ae227c5db744050b1d4e017463be97ea7221290db0bc24ddfabdec712960f7dc	26.700	216	0.125	0.745
5882afba176ac8a5bcacbdc1af582ec9522a98bc595b3f165bf6323a9944f050	4210ad916b05ae2d57914160a5eb05d99281d9eee50fb1b4b161261a25566768	26.200	207	0.114	0.711
5882afba176ac8a5bcacbdc1af582ec9522a98bc595b3f165bf6323a9944f050	491838c637e038b138dac34f5b8b71838602a60419529e159fadf49d2e3af3b5	26.100	214	0.124	0.723
5882afba176ac8a5bcacbdc1af582ec9522a98bc595b3f165bf6323a9944f050	b5c11c0dca4639290f955618958d3b0b3ddee5d571c0bc843f46eb3ec8f9f64d	25.800	216	0.125	0.768
38b744de5edfc4e7cfa442c1843069c99b929d0482f3b37c998946afa6fb29f6	328e638a411108e4961f36b4ea742215b2821b6befbfd1094f81bb1e6f2400d3	26.600	246	0.719	0.889
38b744de5edfc4e7cfa442c1843069c99b929d0482f3b37c998946afa6fb29f6	68d263d272df663782771e2727284513a09392e75322585eda09bf6ddc900f1c	26.200	246	0.719	0.889
38b744de5edfc4e7cfa442c1843069c99b929d0482f3b37c998946afa6fb29f6	f80e1775e278cea20cecb990244fc2a7a447c134d61ff83da85fa797e835656c	24.000	290	0.769	0.853
38b744de5edfc4e7cfa442c1843069c99b929d0482f3b37c998946afa6fb29f6	3c51fd8ce37aae2bc11be90007fc5e8fea0cb798244ef1d8b10f73b3eef069f4	27.900	243	0.711	0.905
38b744de5edfc4e7cfa442c1843069c99b929d0482f3b37c998946afa6fb29f6	758d865388f9fb3767bd99e055023bdbb10a8511eaa54e1b2a2d077116f8f85e	25.000	264	0.772	0.989
38b744de5edfc4e7cfa442c1843069c99b929d0482f3b37c998946afa6fb29f6	a426859c2fdaf6ce556797ba9048d775c7853dfeea9e1be2f544a000e9a7c471	24.300	264	0.772	0.985
38b744de5edfc4e7cfa442c1843069c99b929d0482f3b37c998946afa6fb29f6	b5366aedc0c5463f45d8169155354aff98174536acc94905c952ebde0c831474	24.300	264	0.772	0.988
38b744de5edfc4e7cfa442c1843069c99b929d0482f3b37c998946afa6fb29f6	574136d04122b4f76ba4a35fe14358fc550b21feb1e28cbd5c6d3c75e5453140	24.000	264	0.772	0.955
38b744de5edfc4e7cfa442c1843069c99b929d0482f3b37c998946afa6fb29f6	ae227c5db744050b1d4e017463be97ea7221290db0bc24ddfabdec712960f7dc	24.000	264	0.772	0.948
38b744de5edfc4e7cfa442c1843069c99b929d0482f3b37c998946afa6fb29f6	77ce10b393d7c42ee0cc93f38875a7ed73f6ed58987c97e0201b8f668e125179	23.600	264	0.772	0.985
38b744de5edfc4e7cfa442c1843069c99b929d0482f3b37c998946afa6fb29f6	491838c637e038b138dac34f5b8b71838602a60419529e159fadf49d2e3af3b5	23.600	264	0.772	0.934
38b744de5edfc4e7cfa442c1843069c99b929d0482f3b37c998946afa6fb29f6	b5c11c0dca4639290f955618958d3b0b3ddee5d571c0bc843f46eb3ec8f9f64d	23.200	264	0.772	0.984
38b744de5edfc4e7cfa442c1843069c99b929d0482f3b37c998946afa6fb29f6	4210ad916b05ae2d57914160a5eb05d99281d9eee50fb1b4b161261a25566768	23.900	266	0.728	0.914
38b744de5edfc4e7cfa442c1843069c99b929d0482f3b37c998946afa6fb29f6	f67440d144eccf45ba283ad06b97d82d895bc1791d687baf2e8228463e340c3d	21.200	292	0.702	0.832
38b744de5edfc4e7cfa442c1843069c99b929d0482f3b37c998946afa6fb29f6	f8ff22990451036197f5072d6a17a7641c8b10a02bbf51a5015fa3168f97368b	21.700	221	0.602	0.624
38b744de5edfc4e7cfa442c1843069c99b929d0482f3b37c998946afa6fb29f6	7dcadc45b2de1f948d1595ffcdb99a6150477360ba979cd03a7c83e7448de9ef	23.200	228	0.643	0.752
38b744de5edfc4e7cfa442c1843069c99b929d0482f3b37c998946afa6fb29f6	7f0a7c60c3375e371b98f3dda13fe19ecfe1249b443e09eec174e5b5a167f534	21.400	228	0.602	0.632
38b744de5edfc4e7cfa442c1843069c99b929d0482f3b37c998946afa6fb29f6	e4f7aea1725d4040ca2172f4c00f8ed833d31dc662f78c2f365dc48e107f3347	21.400	228	0.602	0.626
38b744de5edfc4e7cfa442c1843069c99b929d0482f3b37c998946afa6fb29f6	cc52571bcdce3e9aee5a62f8e273dbd49936dac3829048bf08bc11c65a6091b8	25.200	116	0.310	0.325
0bc8c4af6f71c06551d42d9e55f83b97dcc2d26f51beb15e8c7e1cf1607d5db7	506e42b23c1416b1d58b4e80ab5e47a25ab8b9731f48e70d395ffd52ed9b930b	34.200	343	0.879	0.990
0bc8c4af6f71c06551d42d9e55f83b97dcc2d26f51beb15e8c7e1cf1607d5db7	f834ab77e81ed2a3d0c66f0ff386e6a7b5dbce3de56950154a5ca0931464d952	33.200	339	0.869	0.996
0bc8c4af6f71c06551d42d9e55f83b97dcc2d26f51beb15e8c7e1cf1607d5db7	68ec7b19f3f17b23455df7a73b4c3f33cdc948959e74dbb3826be4d99baafdef	33.100	337	0.864	0.996
0bc8c4af6f71c06551d42d9e55f83b97dcc2d26f51beb15e8c7e1cf1607d5db7	02536d275857d78976c54cd11ab8f644d2f98cf1e56ebbdac7169bbc376c8b50	33.400	331	0.849	0.982
0bc8c4af6f71c06551d42d9e55f83b97dcc2d26f51beb15e8c7e1cf1607d5db7	5cb3444876d7734f8eae54e395a0d339e26809df903e72f55b0721188a0a390a	32.800	325	0.833	0.996
0bc8c4af6f71c06551d42d9e55f83b97dcc2d26f51beb15e8c7e1cf1607d5db7	c37e4d47412e56c5fc8a595627aaf485c676029a8f3c38b5559879b218962a0d	27.000	437	0.864	0.995
0bc8c4af6f71c06551d42d9e55f83b97dcc2d26f51beb15e8c7e1cf1607d5db7	876db18c23d75b6bdf0fb270aeeb6b6014153c4c6a64ff26ed35a1f645424b43	27.000	437	0.864	0.989
0bc8c4af6f71c06551d42d9e55f83b97dcc2d26f51beb15e8c7e1cf1607d5db7	8cfa9b3836dfde436c8a531aa092c35840c6e8966e478130b30e6a1a3919e50d	26.100	321	0.823	0.873
0bc8c4af6f71c06551d42d9e55f83b97dcc2d26f51beb15e8c7e1cf1607d5db7	cd5d8eaa19bfba958e3500b97e06f0e093d657c02867d4935b3fc8644778ef12	26.400	321	0.823	0.883
0bc8c4af6f71c06551d42d9e55f83b97dcc2d26f51beb15e8c7e1cf1607d5db7	9c0c24637836a29a4baaccdd66496da7cdefaa5cce2ee6cf58bacc9d6735e418	21.100	363	0.931	0.948
59cbe9aa0b9a749e727ba67691872f5fe2e29fcd1e603ea60509c9dd6eb00eb5	d2379ccda15020769f4cd07ff078d8c97a76cfdc2337601a1aa2f292977dc55a	100.000	415	0.998	1.000
59cbe9aa0b9a749e727ba67691872f5fe2e29fcd1e603ea60509c9dd6eb00eb5	8d1634e95aa689ea9e64f112aab617b1a6d0b9369a9890e33f7c1d706ece3a9d	99.700	415	0.998	1.000
59cbe9aa0b9a749e727ba67691872f5fe2e29fcd1e603ea60509c9dd6eb00eb5	5b98e2ba7b538ff925d2714b4b7c122a87197214751bea4e85551d8b0800e72d	41.700	405	0.962	0.985
59cbe9aa0b9a749e727ba67691872f5fe2e29fcd1e603ea60509c9dd6eb00eb5	b664560455a9725b735c2e8560d1824de2ae5dd3ee43c9329bfad0bc9cd3f39a	41.700	405	0.962	0.985
59cbe9aa0b9a749e727ba67691872f5fe2e29fcd1e603ea60509c9dd6eb00eb5	46bf5cf78e8d2a7dde9313ef7b9ebabef569d657b5f4e8096f239641a5bec751	33.900	397	0.954	0.980
59cbe9aa0b9a749e727ba67691872f5fe2e29fcd1e603ea60509c9dd6eb00eb5	3e22e1e823ebcb60b33d26d746e27608c3bd019f4b3536d2499b99fc3c0b3c4d	33.900	397	0.954	0.978
59cbe9aa0b9a749e727ba67691872f5fe2e29fcd1e603ea60509c9dd6eb00eb5	d0d2457e190628fd47b11a408360147210927e4e99aec69739370c9f9f1f8e50	33.900	397	0.954	0.975
29f6146e62fd3b9d389f772f230db1234465152abdbf6154f97ddfec8c87a3ab	e1a931b383aac3eee8d451af51cd9da07eac0c651c79fb656c4fe68e979db199	28.200	469	0.923	0.982
29f6146e62fd3b9d389f772f230db1234465152abdbf6154f97ddfec8c87a3ab	d19caaaa84e8546da85db2f88bd02077f221c857d4fa3d481dbe6ab879392b43	28.500	469	0.923	0.967
29f6146e62fd3b9d389f772f230db1234465152abdbf6154f97ddfec8c87a3ab	c224348e42f133710c0e3e8881032b7681787a72803f5502d0391821652d3610	27.600	469	0.923	0.967
29f6146e62fd3b9d389f772f230db1234465152abdbf6154f97ddfec8c87a3ab	7dfc230828d7b7531078e9e5f494448c3e5c38284c47c1b9e15eaa5052b7220a	28.100	469	0.923	0.982
29f6146e62fd3b9d389f772f230db1234465152abdbf6154f97ddfec8c87a3ab	bbacaadd16eba82b64f703ec60249882617b5023cfc51dc71e7ea86362bd5ff5	28.100	469	0.923	0.978
29f6146e62fd3b9d389f772f230db1234465152abdbf6154f97ddfec8c87a3ab	02420138b550828c0a4476f45794c3cd5415c770a8873c752800a0b526b71b54	27.900	469	0.923	0.967
29f6146e62fd3b9d389f772f230db1234465152abdbf6154f97ddfec8c87a3ab	0e7b7f7a42951cbac775b2fbb1c153a662af268f14de4529c8d901b72159fdd0	27.700	469	0.923	0.980
29f6146e62fd3b9d389f772f230db1234465152abdbf6154f97ddfec8c87a3ab	a93f8463471a9563ec1f1ad54e13e7ff373f5269bf10a63f0c99de9953ae5bba	28.200	469	0.923	0.973
29f6146e62fd3b9d389f772f230db1234465152abdbf6154f97ddfec8c87a3ab	6bf2e65be0389a299cf2547ab5c9bc53e6846da6a9e7230c42a0280796a50b32	31.600	176	0.346	0.420
29f6146e62fd3b9d389f772f230db1234465152abdbf6154f97ddfec8c87a3ab	3d004cc943520e947bb7b7c58eba18d72944ca226fb806ebb2c517673c42daa3	31.600	176	0.346	0.418
29f6146e62fd3b9d389f772f230db1234465152abdbf6154f97ddfec8c87a3ab	008a9d14c85ca4796c52c846b3b564175306a73e15a9cd4761a734c4a05307c0	31.600	176	0.346	0.418
29f6146e62fd3b9d389f772f230db1234465152abdbf6154f97ddfec8c87a3ab	7851a66683a075fac7b6ba909a48dc5936f511659a278ef9cae0b54e0121209f	31.600	176	0.346	0.415
29f6146e62fd3b9d389f772f230db1234465152abdbf6154f97ddfec8c87a3ab	52750f456fe439c109069938c9d652f90bb08d2ead51a73138471b92ba6c10c0	31.600	176	0.346	0.410
29f6146e62fd3b9d389f772f230db1234465152abdbf6154f97ddfec8c87a3ab	f0e6b3a7d3bb6e941e1c1f08135b960d9fdc02e5cc378957c4894e50f6c0a7b2	31.600	176	0.346	0.406
29f6146e62fd3b9d389f772f230db1234465152abdbf6154f97ddfec8c87a3ab	be44e9cc1b510a306286afff9c6412968a81c69dd30639f43ad6d53d8ee957c8	31.600	176	0.346	0.400
29f6146e62fd3b9d389f772f230db1234465152abdbf6154f97ddfec8c87a3ab	f8c587ab291787b7bb5276dc124906a4d44c44dde63c4f0016d2d74579443547	27.600	280	0.551	0.630
29f6146e62fd3b9d389f772f230db1234465152abdbf6154f97ddfec8c87a3ab	5d8fcf6b5a8c9c1e146f35b3d170662d8a5a87ce0a97874ab753870c2ad6c607	28.400	172	0.339	0.380
29f6146e62fd3b9d389f772f230db1234465152abdbf6154f97ddfec8c87a3ab	3f949318c80e1be6f68cc2adce0a915ed6c3bf64c6ab817cc0218e6568fb250f	28.400	172	0.339	0.376
29f6146e62fd3b9d389f772f230db1234465152abdbf6154f97ddfec8c87a3ab	da63a23c28662c7b49431d220d5f377e3b11096e2c88a4de4d4a09a70ca44b9c	28.400	172	0.339	0.374
29f6146e62fd3b9d389f772f230db1234465152abdbf6154f97ddfec8c87a3ab	d73ad26375251518e4bed69e250e37470089c1bd870b7759acc10844fce46508	28.700	167	0.329	0.370
8612f9c80e351cfe2dc6adbde253dc7f46362329f14c080ea6e0bd050910298f	200442f31d5766ae2833a6f29d81b0091e5002d9a5eb95c32148fc112557c7bf	89.000	146	0.993	1.000
8612f9c80e351cfe2dc6adbde253dc7f46362329f14c080ea6e0bd050910298f	fa3e2137a15003651236edc4eda2688c4f71233020f12022f6b92063df220105	86.300	146	0.993	1.000
8612f9c80e351cfe2dc6adbde253dc7f46362329f14c080ea6e0bd050910298f	2b7f8e2530216e207958fc72945dad3f55c6fcbd6e3a7adaf137328fef3a7c86	84.900	146	0.993	1.000
8612f9c80e351cfe2dc6adbde253dc7f46362329f14c080ea6e0bd050910298f	0fe6f27606904885746c431296e602761ac2a00c9e8beabc2ea23e96fb5230b5	84.200	146	0.993	1.000
11d6b3478ec42d70a2a80c0a35663da688c8687d0157294a98ff446f0f9d6f16	68d263d272df663782771e2727284513a09392e75322585eda09bf6ddc900f1c	29.400	261	0.748	0.937
11d6b3478ec42d70a2a80c0a35663da688c8687d0157294a98ff446f0f9d6f16	328e638a411108e4961f36b4ea742215b2821b6befbfd1094f81bb1e6f2400d3	29.400	261	0.748	0.937
11d6b3478ec42d70a2a80c0a35663da688c8687d0157294a98ff446f0f9d6f16	85b8dbaf5a7b0abe6681ef70e623d182dbfff360e0f03f47f7ed66e28d132c3d	29.200	258	0.739	0.972
11d6b3478ec42d70a2a80c0a35663da688c8687d0157294a98ff446f0f9d6f16	51ef49071b00d7a6a46b4542281759edc65979fecde61d1976cecf1b7788a67f	29.300	258	0.739	0.972
11d6b3478ec42d70a2a80c0a35663da688c8687d0157294a98ff446f0f9d6f16	118561aba19c1bf916bfbf66377cfb9c959fcdd4f79f9a849777e1dd033b3e21	28.100	255	0.731	0.950
11d6b3478ec42d70a2a80c0a35663da688c8687d0157294a98ff446f0f9d6f16	758d865388f9fb3767bd99e055023bdbb10a8511eaa54e1b2a2d077116f8f85e	26.500	250	0.716	0.939
11d6b3478ec42d70a2a80c0a35663da688c8687d0157294a98ff446f0f9d6f16	a426859c2fdaf6ce556797ba9048d775c7853dfeea9e1be2f544a000e9a7c471	26.500	250	0.716	0.935
11d6b3478ec42d70a2a80c0a35663da688c8687d0157294a98ff446f0f9d6f16	7891c4dfb5421e8d58c0a36dcdc52a2f943532cdfc30524bb3128c7ca6b3e7a9	27.700	255	0.731	0.953
11d6b3478ec42d70a2a80c0a35663da688c8687d0157294a98ff446f0f9d6f16	f8d004777be3f7a9256abd52c78a5057d7a57e58a91e824f05fa6127e74abe9b	27.700	255	0.731	0.946
11d6b3478ec42d70a2a80c0a35663da688c8687d0157294a98ff446f0f9d6f16	574136d04122b4f76ba4a35fe14358fc550b21feb1e28cbd5c6d3c75e5453140	26.100	250	0.716	0.907
11d6b3478ec42d70a2a80c0a35663da688c8687d0157294a98ff446f0f9d6f16	ae227c5db744050b1d4e017463be97ea7221290db0bc24ddfabdec712960f7dc	26.100	250	0.716	0.900
11d6b3478ec42d70a2a80c0a35663da688c8687d0157294a98ff446f0f9d6f16	b5366aedc0c5463f45d8169155354aff98174536acc94905c952ebde0c831474	26.200	250	0.716	0.938
11d6b3478ec42d70a2a80c0a35663da688c8687d0157294a98ff446f0f9d6f16	77ce10b393d7c42ee0cc93f38875a7ed73f6ed58987c97e0201b8f668e125179	25.700	250	0.716	0.935
11d6b3478ec42d70a2a80c0a35663da688c8687d0157294a98ff446f0f9d6f16	491838c637e038b138dac34f5b8b71838602a60419529e159fadf49d2e3af3b5	26.100	250	0.716	0.886
11d6b3478ec42d70a2a80c0a35663da688c8687d0157294a98ff446f0f9d6f16	cd91e735333f21a908e0478b67b21ad3262be7b20dd173ba170933f9ee35e17c	28.600	272	0.768	0.687
11d6b3478ec42d70a2a80c0a35663da688c8687d0157294a98ff446f0f9d6f16	3c51fd8ce37aae2bc11be90007fc5e8fea0cb798244ef1d8b10f73b3eef069f4	27.100	253	0.725	0.936
11d6b3478ec42d70a2a80c0a35663da688c8687d0157294a98ff446f0f9d6f16	b5c11c0dca4639290f955618958d3b0b3ddee5d571c0bc843f46eb3ec8f9f64d	25.300	250	0.716	0.933
11d6b3478ec42d70a2a80c0a35663da688c8687d0157294a98ff446f0f9d6f16	504882b6ab04a2922ebab11cf63737368af4bb6d32d71bddd1342ee4b5177e06	28.300	271	0.768	0.686
11d6b3478ec42d70a2a80c0a35663da688c8687d0157294a98ff446f0f9d6f16	c48df3a3b69a9575bf4a900f3905a1771f2e66e7e479b890fbe23c2ccda5c08f	26.600	273	0.782	0.391
11d6b3478ec42d70a2a80c0a35663da688c8687d0157294a98ff446f0f9d6f16	44c347a34540830b3c891da8b1b80b87d9b112189e3eab48527c3a6fc174c606	26.200	273	0.782	0.396
4bc37e873a119418b1c915dcfcbc6cc483e3c641a511a9203a50ff1614c7b6b1	01ee221f596e31bb44279014f3ca0a54b7c29e58fa8f29e7e758045a5b723ea3	100.000	393	0.784	0.995
4bc37e873a119418b1c915dcfcbc6cc483e3c641a511a9203a50ff1614c7b6b1	d815f90ccc8d6546447dd25fa5d74bd91c652395d8578986deac80002f2866d3	100.000	390	0.778	1.000
4bc37e873a119418b1c915dcfcbc6cc483e3c641a511a9203a50ff1614c7b6b1	b15998206d34826cfe82e9759f37c7b8f39b14674cb4f0b170cd7256c023433a	100.000	389	0.776	1.000
4bc37e873a119418b1c915dcfcbc6cc483e3c641a511a9203a50ff1614c7b6b1	c2dbd664afdbc677c06578131fa4609bacfec55c57c2eb6c7432e45becd46e65	98.900	388	0.774	1.000
4bc37e873a119418b1c915dcfcbc6cc483e3c641a511a9203a50ff1614c7b6b1	691435e6699bad196f5324d85e91fcb1f63ebf6edb78d4e94a5cfa3f20987071	98.900	385	0.768	1.000
4bc37e873a119418b1c915dcfcbc6cc483e3c641a511a9203a50ff1614c7b6b1	f0732a1291123349bb481b1ee13655275dc0259cbe93ee0e79e1eb2d205acaff	98.100	388	0.774	1.000
4bc37e873a119418b1c915dcfcbc6cc483e3c641a511a9203a50ff1614c7b6b1	48f881d90103ae2ea6ee2fdbf80feadd5ac3d19f6408a07084bbc1f16994768b	97.100	388	0.774	1.000
4bc37e873a119418b1c915dcfcbc6cc483e3c641a511a9203a50ff1614c7b6b1	c16b36f0ff9cd3d913f77d5a656a07ee43bcf3a551573340ed56cdf5c959e329	96.400	391	0.780	1.000
4bc37e873a119418b1c915dcfcbc6cc483e3c641a511a9203a50ff1614c7b6b1	45f6d80ca79beb943439dbbd388e36c06e05ff574b3c3cd7503874bce43d4e9d	96.100	391	0.780	1.000
4bc37e873a119418b1c915dcfcbc6cc483e3c641a511a9203a50ff1614c7b6b1	c3c51905b4056e3d7f218aced696c2f5ff5e5752598be013d1f1685f75f5e828	96.600	388	0.774	1.000
4bc37e873a119418b1c915dcfcbc6cc483e3c641a511a9203a50ff1614c7b6b1	b23066d0566728c155d098fcbb102087ae95d1b2853497a7c2fc165db1a8728e	96.400	389	0.776	1.000
4bc37e873a119418b1c915dcfcbc6cc483e3c641a511a9203a50ff1614c7b6b1	9cbcf7e2ea9122993bd27770cf9b42d2a6dcaaf15cae2e770df59f2a3c98d6d7	96.100	388	0.774	1.000
4bc37e873a119418b1c915dcfcbc6cc483e3c641a511a9203a50ff1614c7b6b1	03b17cbf1db29297622d4bb077f193b2e2454c4aab2b858472f7d01dd3e45369	95.600	390	0.778	1.000
4bc37e873a119418b1c915dcfcbc6cc483e3c641a511a9203a50ff1614c7b6b1	930906d4bc70e65f15d113bf71c69c0053367a52114f3ce658fb2811a5b8c00c	95.800	389	0.776	1.000
4bc37e873a119418b1c915dcfcbc6cc483e3c641a511a9203a50ff1614c7b6b1	a1f1c35b1ea3d703598fecdc44fb9f701e9ea9fdeb3802f8ba4c36c77b1351a2	95.600	389	0.776	1.000
4bc37e873a119418b1c915dcfcbc6cc483e3c641a511a9203a50ff1614c7b6b1	c994f63d2a8c0c2ba0692def509c380972e5c85d9c588e47123e0eebb7095069	94.800	391	0.780	1.000
4bc37e873a119418b1c915dcfcbc6cc483e3c641a511a9203a50ff1614c7b6b1	70687f70332fa48ea3bf8c0cc3224699300a8127247bc92763488b39645e4f3c	95.600	388	0.774	1.000
4bc37e873a119418b1c915dcfcbc6cc483e3c641a511a9203a50ff1614c7b6b1	182c93bdea635b141b202de09a07294bdbd816bf37b48e3f6ce86b496cf2272b	94.800	389	0.776	1.000
4bc37e873a119418b1c915dcfcbc6cc483e3c641a511a9203a50ff1614c7b6b1	066c9bdcdd69354fca3baaa025402a6da283c55ff1c509db0c2696ea69b0c29e	94.800	389	0.776	1.000
4bc37e873a119418b1c915dcfcbc6cc483e3c641a511a9203a50ff1614c7b6b1	787262acc269b1de9aff1f2e3b475e45ce032186c3a9844a8e1e00b10d7e6359	94.300	386	0.770	1.000
f135555aae65ebbab1ed02b1f55526f3796306f0f1dff0c9d14e5af2e6056446	b1136c560ab9e18195864001923afa9eae8e5d178670baba8158dd103e377b54	28.900	291	0.895	0.841
f135555aae65ebbab1ed02b1f55526f3796306f0f1dff0c9d14e5af2e6056446	24389eab93ea50c32d8d15178bece8f3e245abe093005c630e2b47f8c6f9b579	28.900	291	0.895	0.836
f135555aae65ebbab1ed02b1f55526f3796306f0f1dff0c9d14e5af2e6056446	53815067a1a5515969ab1c6f88aae624bbca7b989b2854e11ac07b39675c5bbc	28.900	291	0.895	0.834
f135555aae65ebbab1ed02b1f55526f3796306f0f1dff0c9d14e5af2e6056446	42919e1df69a32c5961b48ee47277048d9c86acba490fb27a7fd456475068f9d	23.500	315	0.924	0.984
f135555aae65ebbab1ed02b1f55526f3796306f0f1dff0c9d14e5af2e6056446	e368c69d2a8e9798e7db07b8ce788308a5c76c1823607951eba7180b3d151288	23.500	315	0.924	0.981
f135555aae65ebbab1ed02b1f55526f3796306f0f1dff0c9d14e5af2e6056446	e2c400e99db0bfcf3fbfbd01c5cbaf44495949776123ea499581d8c6498f27c4	23.500	315	0.924	0.963
f135555aae65ebbab1ed02b1f55526f3796306f0f1dff0c9d14e5af2e6056446	5369d0d631956323785ef4f54847a269c6fde9b6a411a4537bd0867b3a0f1a04	23.500	315	0.924	0.960
f135555aae65ebbab1ed02b1f55526f3796306f0f1dff0c9d14e5af2e6056446	8de9f569bb53e2c1f15dfa03895f2809d291d9c4b7742f604c67e4515ea47cf7	23.500	315	0.924	0.957
caec8f73127280a9205c0d0be55ca0f1e3373b750e680fbb0f46eb1ad7b3b82e	cb1cf6878634c3ea03cb6fe31ef35cb6b9da317eea0da863278e151c2575b50e	100.000	301	0.043	0.997
caec8f73127280a9205c0d0be55ca0f1e3373b750e680fbb0f46eb1ad7b3b82e	c7676fedf8d0c8bf337ab5f124555fde3d4a70c011bd3caaec359a3035078c0f	99.600	301	0.043	1.000
caec8f73127280a9205c0d0be55ca0f1e3373b750e680fbb0f46eb1ad7b3b82e	dd2754dd151a57ebdd70708241fb62f38bd4ee895a0e2c92b39f42f3db4ca427	99.300	301	0.043	1.000
caec8f73127280a9205c0d0be55ca0f1e3373b750e680fbb0f46eb1ad7b3b82e	1cecdf6825c55a50c194494a3be40932ca1508f6a921a5540a86f688e3742980	98.900	290	0.041	1.000
caec8f73127280a9205c0d0be55ca0f1e3373b750e680fbb0f46eb1ad7b3b82e	f26287e75650ab07e70a0d3f1a23fc885ed9358d55c95bfe2182bfd3c6fae9d2	98.600	290	0.041	1.000
caec8f73127280a9205c0d0be55ca0f1e3373b750e680fbb0f46eb1ad7b3b82e	afb44f95b6606971a94c4ba1f8b34825a3a1ba9a27f2ccd25a4379c3264d49f2	97.900	291	0.041	1.000
caec8f73127280a9205c0d0be55ca0f1e3373b750e680fbb0f46eb1ad7b3b82e	ecc0347e83b08ab38df151443eba57f7c622b37659e064a864cf59a789f85df3	100.000	171	0.024	1.000
caec8f73127280a9205c0d0be55ca0f1e3373b750e680fbb0f46eb1ad7b3b82e	bab66d7558b1af346c6aa536b08b4de18b7edd19dbf1f62edbd8005ee07b75e5	36.300	146	0.021	0.856
caec8f73127280a9205c0d0be55ca0f1e3373b750e680fbb0f46eb1ad7b3b82e	ad8f4e335df0d7e0ba171b7f1c55b989f60960bfcf3ac0832fa1df8cc94a3372	31.200	125	0.018	0.744
caec8f73127280a9205c0d0be55ca0f1e3373b750e680fbb0f46eb1ad7b3b82e	a4d04ac1259582ecf37a85b33e0db6436ae4f864b00d7397378009320462d43d	31.200	125	0.018	0.706
fba248e3cb7b656f4bca1da9c542ce690cb77e8c0fe676ad4903ae4ac0e0b1cf	81af9eebcfc26b32123b994a43d67dd0fbdf629d4a420cbc8d7d85564f453d98	56.300	126	0.933	0.962
fba248e3cb7b656f4bca1da9c542ce690cb77e8c0fe676ad4903ae4ac0e0b1cf	e749f7a2bb2009229c2835edfe4156d68827d7d0431f386a9a7e3ce29c7f8703	54.700	126	0.933	0.962
fba248e3cb7b656f4bca1da9c542ce690cb77e8c0fe676ad4903ae4ac0e0b1cf	6ad60b5a0d9d4c9e643c71b896c56a6459efe081dcb9ba829dd38c01fa06a7e3	52.800	125	0.926	0.954
fba248e3cb7b656f4bca1da9c542ce690cb77e8c0fe676ad4903ae4ac0e0b1cf	abbc540fd00df986863128718825f14045a40af9f75dd691433002ad105dcbde	52.800	125	0.926	0.954
fba248e3cb7b656f4bca1da9c542ce690cb77e8c0fe676ad4903ae4ac0e0b1cf	8167dd665db7a995c7f2faed5717a61085c58d66db6a1bd10c652226f1630ea3	52.800	125	0.926	0.954
fba248e3cb7b656f4bca1da9c542ce690cb77e8c0fe676ad4903ae4ac0e0b1cf	bc3cc2f8e0397edccdfcfe9d59838d1c1322d76064182ec35d0af9cc798d7cf9	52.800	125	0.926	0.947
fba248e3cb7b656f4bca1da9c542ce690cb77e8c0fe676ad4903ae4ac0e0b1cf	4b01007149e4390f3887136c7ffd34d90ec82f21de1a11ae28dad38ad9406ce5	52.800	125	0.926	0.899
fba248e3cb7b656f4bca1da9c542ce690cb77e8c0fe676ad4903ae4ac0e0b1cf	9470bc4b9fb447a2cfc0ba037f1b66fd0fb518b542f9efbc54f6d4f7f074647f	49.600	125	0.926	0.954
fba248e3cb7b656f4bca1da9c542ce690cb77e8c0fe676ad4903ae4ac0e0b1cf	b6e5474b800cf2834c54e1b3d92c052f575d1947fd55e133c0d937d9b3efb748	45.500	123	0.911	0.939
fba248e3cb7b656f4bca1da9c542ce690cb77e8c0fe676ad4903ae4ac0e0b1cf	ba896fb10d7ac4349f60cb29493be3dc650a51b181d848ef7d002c252e9b5efa	35.400	127	0.933	0.955
fba248e3cb7b656f4bca1da9c542ce690cb77e8c0fe676ad4903ae4ac0e0b1cf	5c265dbc56afaf44a5faf7420b4da9c0e13acd8feafd9c424be09754b225feae	33.800	130	0.911	0.949
fba248e3cb7b656f4bca1da9c542ce690cb77e8c0fe676ad4903ae4ac0e0b1cf	018f8fea17e181c25b66043134233496e5e77ccfffe9fa3737978f99a2c8ffbc	35.600	129	0.911	0.949
fba248e3cb7b656f4bca1da9c542ce690cb77e8c0fe676ad4903ae4ac0e0b1cf	a9ba7bf1fdba215b18c56212b166b2d7ed617831b2c8f8022b26c19b31554837	32.300	130	0.911	0.949
fba248e3cb7b656f4bca1da9c542ce690cb77e8c0fe676ad4903ae4ac0e0b1cf	5a0540673587f881a56ac9418f84912b6d74b3414e15dcde0eed146a2aa6a6c1	34.300	126	0.926	0.933
fba248e3cb7b656f4bca1da9c542ce690cb77e8c0fe676ad4903ae4ac0e0b1cf	78590ae4d0d591df21bd7afdca6aad48c41432951d428f3b99cf88db8a0e0a1d	30.700	130	0.911	0.949
fba248e3cb7b656f4bca1da9c542ce690cb77e8c0fe676ad4903ae4ac0e0b1cf	61f3556f72a88f21874e23630be0189cd34b2595860b9006f0889e1064c75865	29.600	128	0.933	0.955
a9936b86d8a59be62d664cfeb611dab89d9ce67708793bc080c31e16a27f6c76	077540a958fcb4303b309159e76821208a13734e69378666bccd8ec573814375	25.200	548	0.909	0.522
a9936b86d8a59be62d664cfeb611dab89d9ce67708793bc080c31e16a27f6c76	03b7ce47eee3b037c6005b32c5d637e455202e8854877bdf91e36b6047f6be19	25.200	548	0.909	0.522
a9936b86d8a59be62d664cfeb611dab89d9ce67708793bc080c31e16a27f6c76	97fadd033cc5f8550d5cedc6d2fae5aa63bc40f08035efe01ee5047e923d0f27	25.200	548	0.909	0.522
a9936b86d8a59be62d664cfeb611dab89d9ce67708793bc080c31e16a27f6c76	8c06bbafb16def1d9ba8e0c091d7979acd8204072d1d2f14acd13b42a4ee1166	25.200	548	0.909	0.522
a9936b86d8a59be62d664cfeb611dab89d9ce67708793bc080c31e16a27f6c76	c0a43cb55c81b80225c7c4c92902b40a3db51a78e793c34333e2165d522e8218	26.700	440	0.723	0.435
1071fbd3caaaaf97c0e106135d87f642c2b996e7a7798f2736239d3d62e99955	c69326ad83679f1afe596335a876ae076648bb1d0a87733e07c012fa19ebd549	69.300	297	0.706	1.000
1071fbd3caaaaf97c0e106135d87f642c2b996e7a7798f2736239d3d62e99955	8a236b5f157257a69560536111429cbd3a8e90495c77fb95a1ad1feb94e923fb	69.300	297	0.706	0.997
1071fbd3caaaaf97c0e106135d87f642c2b996e7a7798f2736239d3d62e99955	f539b62d64c8ae249a04c20a16565d4cfd9e1730ae4a929577a3bb879fef975a	69.300	297	0.706	0.993
1071fbd3caaaaf97c0e106135d87f642c2b996e7a7798f2736239d3d62e99955	9ca1bb8f0af972cf3b40432244f9f8412f92056b84ce838924b3423d742fa314	69.200	296	0.704	0.997
1071fbd3caaaaf97c0e106135d87f642c2b996e7a7798f2736239d3d62e99955	7aedc90e290a9c34dde8ebc8c89840bf77c8c5b6dd39299b30b9e038ba85fa32	69.200	296	0.704	1.000
1071fbd3caaaaf97c0e106135d87f642c2b996e7a7798f2736239d3d62e99955	e950d160c0ee8a9c27577815d19771aa93c009dae257e31aae30b96af011fac9	69.200	296	0.704	0.997
1071fbd3caaaaf97c0e106135d87f642c2b996e7a7798f2736239d3d62e99955	86df30f155b6a487d66c27d0419a9542518c56dcaf62619058e3ad6ddf0e2b10	68.900	296	0.704	0.997
1071fbd3caaaaf97c0e106135d87f642c2b996e7a7798f2736239d3d62e99955	60a9d04d05bbb4ffdf0496981d86bdc93d8c6c52a7b68c011f86f6d765d84da9	68.900	296	0.704	0.997
1071fbd3caaaaf97c0e106135d87f642c2b996e7a7798f2736239d3d62e99955	f4affee53602e5957d8bf89bfe91782b30e0db83f218d5dd10c979fa3c46d618	69.100	295	0.701	0.993
1071fbd3caaaaf97c0e106135d87f642c2b996e7a7798f2736239d3d62e99955	87d3d6e329992728b74863525c4f38731519065721268c2ead4bb6dc8c766180	68.900	296	0.704	0.997
1071fbd3caaaaf97c0e106135d87f642c2b996e7a7798f2736239d3d62e99955	3627a964f640198e88441a0582f159fae2ac93f360a977606f7a26b8906d994e	67.500	296	0.704	1.000
1071fbd3caaaaf97c0e106135d87f642c2b996e7a7798f2736239d3d62e99955	567aaa8996c0c01f58b85b3e9a837094ab0aab59f02fa664dadbaa23be68be76	67.900	292	0.704	0.993
1071fbd3caaaaf97c0e106135d87f642c2b996e7a7798f2736239d3d62e99955	ba14772925e50efefceb82b1af2c34efbaa02cfefd48fb64b98f4307baaaab3a	69.200	283	0.672	0.979
1071fbd3caaaaf97c0e106135d87f642c2b996e7a7798f2736239d3d62e99955	8031ae95cbb25e3bde880983c04e082cfdf61d9e2605424499fc823370fdcbb1	69.000	281	0.667	0.996
1071fbd3caaaaf97c0e106135d87f642c2b996e7a7798f2736239d3d62e99955	dc83109485c2a17b688e9bc870b0ef0426656da1444b7da8549b11ec8061c23c	69.000	281	0.667	0.979
1071fbd3caaaaf97c0e106135d87f642c2b996e7a7798f2736239d3d62e99955	843b8c68c081bf7a679dcb6ee5afcc86bb8333baffac6b54ca751c3ce4e521f7	69.100	279	0.663	0.993
1071fbd3caaaaf97c0e106135d87f642c2b996e7a7798f2736239d3d62e99955	2f1cbadd23eff16b2c763a0129955da7d1b9a1a9fa79c3aaad5def9f07cac71d	69.100	279	0.663	0.989
1071fbd3caaaaf97c0e106135d87f642c2b996e7a7798f2736239d3d62e99955	ed5835544479fe355052daf3117c43869dbb96f8578e3dea1d94292a4b0b69f5	69.300	277	0.658	0.972
1071fbd3caaaaf97c0e106135d87f642c2b996e7a7798f2736239d3d62e99955	7d8609113c248ccac9bbb71480ee87118233587415889a0b284458366d132a53	69.300	277	0.658	0.969
1071fbd3caaaaf97c0e106135d87f642c2b996e7a7798f2736239d3d62e99955	e3b939487fa9f59862a4fa9975a343ed7d8ec81cce68c545f19f08f2622cfc4c	68.300	281	0.667	0.993
3e8a7a60df2fda686b05a3c5456a1a69380f20b250c2eb6291acee7fbe504822	b3fc88c8082d9dca4eb4ddd08f7539508bd3a5111e27746fbb3c1819cc0eaef9	99.500	419	0.431	0.998
3e8a7a60df2fda686b05a3c5456a1a69380f20b250c2eb6291acee7fbe504822	68313550da8f6b409912454fe0d8a99e98b1128566ddb5046d5aec3ef4811e65	98.800	419	0.431	0.998
3e8a7a60df2fda686b05a3c5456a1a69380f20b250c2eb6291acee7fbe504822	178083369969dbdec0790bf4b0fe16e74421464dcfdb57ebead7fee25351491d	97.800	420	0.432	1.000
3e8a7a60df2fda686b05a3c5456a1a69380f20b250c2eb6291acee7fbe504822	adf9572d8d5a1afa852a8375a8c25b94ddbcb61328603eab38a8c0e933b94842	97.300	420	0.432	1.000
3e8a7a60df2fda686b05a3c5456a1a69380f20b250c2eb6291acee7fbe504822	f8baf7329b90435c042ee8fc52eb7438a51a4915c37bd2638c1ba641443075d5	97.600	419	0.431	1.000
3e8a7a60df2fda686b05a3c5456a1a69380f20b250c2eb6291acee7fbe504822	de170fa7774c94f128c2a3343b0bc714255441690e712fed116b3164d245b4f6	97.100	420	0.432	1.000
3e8a7a60df2fda686b05a3c5456a1a69380f20b250c2eb6291acee7fbe504822	1a183603f8c628a57ccc37b23b558d3b869cd86d6c9e5d17b340f53f9c0d3898	97.100	420	0.432	1.000
3e8a7a60df2fda686b05a3c5456a1a69380f20b250c2eb6291acee7fbe504822	a4cb8e0d678bc54db1896469adfdf85ab28d4659ca6c469f5fa32fb578a05628	97.300	418	0.430	1.000
3e8a7a60df2fda686b05a3c5456a1a69380f20b250c2eb6291acee7fbe504822	6a3f3ba9de90f2f259c38f9e24ccef2aa365da05c3e34c514b6ea866c32a1722	97.300	418	0.430	1.000
3e8a7a60df2fda686b05a3c5456a1a69380f20b250c2eb6291acee7fbe504822	a7cd3496e5639fc765ef5643e1b28b05ebc8534a185b9b7a68bfaa9584eae2d7	97.100	418	0.430	1.000
3e8a7a60df2fda686b05a3c5456a1a69380f20b250c2eb6291acee7fbe504822	0ecf063ef5622beee7b1de1b36a19850daa8b0fca2bb33ad8613d1831fe8d450	97.100	418	0.430	1.000
3e8a7a60df2fda686b05a3c5456a1a69380f20b250c2eb6291acee7fbe504822	0c1ec5780722536acf8bf2e0a8cf4e4c2e08e97f411d73b7b0770efae31d5766	96.600	418	0.430	1.000
3e8a7a60df2fda686b05a3c5456a1a69380f20b250c2eb6291acee7fbe504822	aa2fa1d25cd2c9ecdd2c816948bee2a5c18d992737ab8fea02193762629d13cb	65.200	420	0.431	0.998
3e8a7a60df2fda686b05a3c5456a1a69380f20b250c2eb6291acee7fbe504822	b7099dd8f3bacd3138341dda9dc7ba7cd602ad16efb7e616f6da4bbdf192e8a7	65.200	420	0.431	0.993
3e8a7a60df2fda686b05a3c5456a1a69380f20b250c2eb6291acee7fbe504822	778543a3e07762250a2356b05f7a28e4636ab2193e60208cee2ea9f0dc36c8cc	67.100	414	0.425	0.995
3e8a7a60df2fda686b05a3c5456a1a69380f20b250c2eb6291acee7fbe504822	9c3650926c9e63756c5ee75ae12abc10e4a24d83c02b81b2d1434843e57db8e6	67.300	413	0.424	1.000
3e8a7a60df2fda686b05a3c5456a1a69380f20b250c2eb6291acee7fbe504822	b66e414f9c970f1f72754aa3020ef12e315f3c1400fcfe7f0b0953059a1feb71	67.100	414	0.425	0.998
3e8a7a60df2fda686b05a3c5456a1a69380f20b250c2eb6291acee7fbe504822	edb6510cc4e7e5dc308458a1440dd1e9708d542c56686b03c4a5e8041d333d34	67.500	413	0.424	1.000
3e8a7a60df2fda686b05a3c5456a1a69380f20b250c2eb6291acee7fbe504822	76816449ab34ce50a131f6de1a200d2bb403a900b82d0ae451dfc90643b4676b	66.600	414	0.425	0.998
3e8a7a60df2fda686b05a3c5456a1a69380f20b250c2eb6291acee7fbe504822	8a451aabb7c9794733acad9716f485da0bbe0a79cd3ae93c8b5b9b4757ebcebf	67.000	413	0.424	1.000
430105fda0f3959453bc2e627d140061ace59225b816d501e3de9202cd7d5a52	920e7144690959c54b8595b3e428fb6081ac12b3c4c6cbce8b88040ae9281b26	40.500	231	0.910	0.975
430105fda0f3959453bc2e627d140061ace59225b816d501e3de9202cd7d5a52	e2352108b1bb4471674cc27b40058771825e913fc1c046fb19255a6351b7b9e4	40.500	231	0.910	0.975
430105fda0f3959453bc2e627d140061ace59225b816d501e3de9202cd7d5a52	10b0ebd18733b984a91bfcd3e5408d1d6a56585844abe509b6d8be6dd7c4caea	40.000	231	0.910	0.971
430105fda0f3959453bc2e627d140061ace59225b816d501e3de9202cd7d5a52	c2f5134606577fcdfd389f6402b0903808536cf983199f9aa4725858a122683c	39.200	237	0.910	0.975
430105fda0f3959453bc2e627d140061ace59225b816d501e3de9202cd7d5a52	216f9904222b47e75080df752a5a158880d8c4ca2360b30b18f5cd1ca842d0f7	39.200	237	0.910	0.979
430105fda0f3959453bc2e627d140061ace59225b816d501e3de9202cd7d5a52	006f2d062a0f27c04faa6935723548636a37776f921636e3bba82e0d22865cad	39.200	237	0.910	0.975
430105fda0f3959453bc2e627d140061ace59225b816d501e3de9202cd7d5a52	b932f746fb3d34a8f0d0113907a167cd0705ecd080f024838e610b1331d74c32	38.300	237	0.910	0.979
430105fda0f3959453bc2e627d140061ace59225b816d501e3de9202cd7d5a52	6dff929d041f4c869b2ab193faf1e22fc9fc5ea38d7a9ca31162e51b62e2138e	36.500	237	0.918	0.983
430105fda0f3959453bc2e627d140061ace59225b816d501e3de9202cd7d5a52	7d358f3d31345f2db8824491d5f9d6e89b20687bc0d8883fadde8a92b6b902da	31.100	250	0.976	0.977
430105fda0f3959453bc2e627d140061ace59225b816d501e3de9202cd7d5a52	8bd7b16a1ace5f10722980adb3f2a53edf7ce99566e24c8332d82f9b140ddb4c	32.600	242	0.914	0.988
430105fda0f3959453bc2e627d140061ace59225b816d501e3de9202cd7d5a52	3283d86d0157519097b051f41d37c0d810225e78f466d05edbc69cc44ac72124	32.600	242	0.914	0.988
430105fda0f3959453bc2e627d140061ace59225b816d501e3de9202cd7d5a52	35870d923c53e9cbcb5becb4690d8743e6758a7f343021ba9217d5cf2a71e84e	32.600	242	0.914	0.942
430105fda0f3959453bc2e627d140061ace59225b816d501e3de9202cd7d5a52	e0398654ea484843a8994e427e396f777aeb96ab18d05bea01b65970824af21b	32.600	242	0.914	0.938
430105fda0f3959453bc2e627d140061ace59225b816d501e3de9202cd7d5a52	b7b5102c40806dac3ba33e7cc49d2429ac73b9916dab058a3811f7f2060be462	32.600	242	0.914	0.988
430105fda0f3959453bc2e627d140061ace59225b816d501e3de9202cd7d5a52	0e077c870b9c68ec7174fb20296d23fbe78bb645f12d8e362b74ead9e754603e	32.600	242	0.914	0.984
430105fda0f3959453bc2e627d140061ace59225b816d501e3de9202cd7d5a52	c14662d259a953b3f4844da1bcd9213b265dd5003322cce47ec46a3cc643b0f2	32.600	242	0.914	0.976
430105fda0f3959453bc2e627d140061ace59225b816d501e3de9202cd7d5a52	5962f6dcc6ead3e3904b0822300386046564a29f2f5d54767cc8dc385351fa73	32.600	242	0.914	0.988
430105fda0f3959453bc2e627d140061ace59225b816d501e3de9202cd7d5a52	93a01f9f0872e4851bc2dc581e9932fc7217b123057fb98138071ed64aaada3c	32.600	242	0.914	0.980
430105fda0f3959453bc2e627d140061ace59225b816d501e3de9202cd7d5a52	4007b9e0aa7b6b48e7ebb4f4b55fa4d4dcc1fabc66c77dd810e8c1cb8d554bc4	32.200	242	0.914	0.988
430105fda0f3959453bc2e627d140061ace59225b816d501e3de9202cd7d5a52	1ac3439a6767235086905afaec2f5fbef1cab41352541f2c13be0165687cedc0	33.300	240	0.886	0.952
3501ff1a2c34e139907d0b8726e0ce2d830cfc7304472a862525f3428a6a534c	986e1a4a22c1a606c74ca61f39688b21f55b20cc6ca2c237dbd683d473a6fc90	44.200	258	0.547	0.996
3501ff1a2c34e139907d0b8726e0ce2d830cfc7304472a862525f3428a6a534c	d6a830845addd7c6b6fd2dd6be51ffdce79a65ad29518f71c7b35f7269251eb8	44.700	246	0.527	0.957
3501ff1a2c34e139907d0b8726e0ce2d830cfc7304472a862525f3428a6a534c	6f25f5a86b44ecdbdd92fe990d0d80fe4f7da7bd15a3813316d098dfac341cfa	39.600	258	0.545	0.996
3501ff1a2c34e139907d0b8726e0ce2d830cfc7304472a862525f3428a6a534c	e5c905228cb39bcc415c86347b68d7fed610433e580678744433ed4ff4f3e814	39.600	258	0.545	0.992
3501ff1a2c34e139907d0b8726e0ce2d830cfc7304472a862525f3428a6a534c	8046237a234f355b0b0dd103cecd6d5e7010a46f10e883440ccc95f3cc2619c4	35.600	256	0.547	0.996
3501ff1a2c34e139907d0b8726e0ce2d830cfc7304472a862525f3428a6a534c	c5d659964ec3d5ac1dc1b58c5c1b2d842d521eb24a4d8131df11064d2f206981	35.200	256	0.547	0.992
3501ff1a2c34e139907d0b8726e0ce2d830cfc7304472a862525f3428a6a534c	f2ff887d6e010fbda310b8115fb06e73b0d87044e3302f118d676f374f55b0f9	34.800	256	0.547	1.000
3501ff1a2c34e139907d0b8726e0ce2d830cfc7304472a862525f3428a6a534c	79bf34944dab41970269ca97ff35e83c37ec0319e95e2aefa8d6c19c9853f68e	34.800	256	0.547	0.996
3501ff1a2c34e139907d0b8726e0ce2d830cfc7304472a862525f3428a6a534c	b4a59934163d13dd02737a5f6606eb5c71b7b456679890113aa99a87050c10cd	34.800	256	0.547	0.992
3501ff1a2c34e139907d0b8726e0ce2d830cfc7304472a862525f3428a6a534c	44e11502a5ead9ba0f39c25c884c56037b4d00044c2b9ea5cb839a95508d9770	34.400	256	0.547	0.996
3501ff1a2c34e139907d0b8726e0ce2d830cfc7304472a862525f3428a6a534c	c9aca97d4ce14b8a2831cb1de8ca5c26abe7f616fee11227965355133c4af3fe	34.400	256	0.547	1.000
3501ff1a2c34e139907d0b8726e0ce2d830cfc7304472a862525f3428a6a534c	97d5a6773ebf1e9f038dbaefa00fc05a091ea69f7fd18404d9e2f00ef98c45ca	34.400	256	0.547	1.000
3501ff1a2c34e139907d0b8726e0ce2d830cfc7304472a862525f3428a6a534c	efd6ca3e8cff103c9921ddc092ab648268cc0ffe9ab98e82aae1e5965b6ee3bc	34.400	256	0.547	0.996
3501ff1a2c34e139907d0b8726e0ce2d830cfc7304472a862525f3428a6a534c	c8065dce43d773eb40784ca2cdd2032a399123b7bab62a15605dc3c90a8ee0bb	34.600	255	0.545	1.000
3501ff1a2c34e139907d0b8726e0ce2d830cfc7304472a862525f3428a6a534c	201e9b71ee9cd1d6393fab8b87bb85e3a80debaf706d51e68d00e6434773b0e1	34.600	255	0.545	0.996
3501ff1a2c34e139907d0b8726e0ce2d830cfc7304472a862525f3428a6a534c	14146435c9b8d2bfab5c515c65c610be844d635c3e6b384fb1c0d0016f334548	34.400	256	0.547	0.992
3501ff1a2c34e139907d0b8726e0ce2d830cfc7304472a862525f3428a6a534c	b1532736daad2f022a5e5d48f41d8951823719b6aac760b018079ee62ebe00c8	34.200	255	0.545	1.000
3501ff1a2c34e139907d0b8726e0ce2d830cfc7304472a862525f3428a6a534c	ac462f0270d841afc5a87624a64a7e67e0714b31945af0f9d776391c0db5ead3	34.200	255	0.545	1.000
3501ff1a2c34e139907d0b8726e0ce2d830cfc7304472a862525f3428a6a534c	c35e2f2f613049607361eb599f7d2226f741245ef00a9bac5dc5d40c3318ed86	34.200	255	0.545	0.996
3501ff1a2c34e139907d0b8726e0ce2d830cfc7304472a862525f3428a6a534c	7fcf95605fc55a40c50b6e2e37877ebd09f6f75f46b08deb031f83e25c41e002	33.500	251	0.542	0.973
a22d74520f1eb1b63ae30e06e8c00630ea7a8247b60817808c3cd9285df9253f	f70393d05f3589365be165871f0ec760041a053b8e7cc2ec8f3d33be16ba6614	99.500	221	0.969	1.000
a22d74520f1eb1b63ae30e06e8c00630ea7a8247b60817808c3cd9285df9253f	a9af411f5b4757c1904fc6f1e438bea93ac4d2129bb19919aac22b7c72af74ff	99.000	220	0.965	0.932
a22d74520f1eb1b63ae30e06e8c00630ea7a8247b60817808c3cd9285df9253f	3aaa62e51ffcb6fda8dbd0fa4ed00a8690c143317a91e7655367453843cd6c57	99.000	220	0.965	0.921
a22d74520f1eb1b63ae30e06e8c00630ea7a8247b60817808c3cd9285df9253f	829d5d666ea69c86debdcfceb9e934c906bf3aca746132b795061783099720c3	99.500	218	0.956	1.000
a22d74520f1eb1b63ae30e06e8c00630ea7a8247b60817808c3cd9285df9253f	7afade4b7165d7ce559b92e7d3578ee7eb709c98ee7e93a738a3627d8440875a	98.600	220	0.965	0.936
a22d74520f1eb1b63ae30e06e8c00630ea7a8247b60817808c3cd9285df9253f	e5d4f8e35edfbab0dc5d5ed93c8b93434e03fc61e0657aa440d402c679b6b6cd	98.600	220	0.965	0.928
a22d74520f1eb1b63ae30e06e8c00630ea7a8247b60817808c3cd9285df9253f	09e9010982195b05b5a4571da0b7f596c2acc7abb43a1da73f9397604b58673c	99.500	217	0.952	1.000
a22d74520f1eb1b63ae30e06e8c00630ea7a8247b60817808c3cd9285df9253f	cddde6d66b74ae8c1081ed98401a3d3be32efcace80431b63407b96ad3eee682	99.000	218	0.956	1.000
a22d74520f1eb1b63ae30e06e8c00630ea7a8247b60817808c3cd9285df9253f	cb78d2ff7d963c2e408b4118b8d91252f10b0fcdf86b5ffc3fa993e6d3412403	99.500	216	0.947	1.000
a22d74520f1eb1b63ae30e06e8c00630ea7a8247b60817808c3cd9285df9253f	31cb0e481968faee1830a54201560b9f4145f5f628bd3ee24b32e8af62bb87e4	99.000	217	0.952	1.000
a22d74520f1eb1b63ae30e06e8c00630ea7a8247b60817808c3cd9285df9253f	bcfceb0a0f1e5bc2a5b7f08267a671ebcabdddfd8ed19f730379727f8b96c690	99.500	215	0.943	1.000
a22d74520f1eb1b63ae30e06e8c00630ea7a8247b60817808c3cd9285df9253f	816b23f8513e7740ffe6e31f8b2c11a066e0b84bf4bcdf9c6a1a0d7eb87f0821	99.500	214	0.939	1.000
a22d74520f1eb1b63ae30e06e8c00630ea7a8247b60817808c3cd9285df9253f	99a2a18e581036c09e11802d80daa3535813988d38699981ae29b136a2762cf1	99.000	215	0.943	1.000
a22d74520f1eb1b63ae30e06e8c00630ea7a8247b60817808c3cd9285df9253f	4cfa86e19c1c602b78eff47c5b54697b037c44e69460791f9ea762734a333045	99.000	214	0.939	1.000
a22d74520f1eb1b63ae30e06e8c00630ea7a8247b60817808c3cd9285df9253f	0dd9b5075c8a2140f4e8e967ccac9ce0588f4b983e6acf0734a2a2a8279ad7d7	99.500	212	0.930	1.000
a22d74520f1eb1b63ae30e06e8c00630ea7a8247b60817808c3cd9285df9253f	3163f12e798796b1a0c75c41f2324db38fba612bd13e7d091b8f0835e0c1e009	99.500	211	0.925	1.000
a22d74520f1eb1b63ae30e06e8c00630ea7a8247b60817808c3cd9285df9253f	9f0d8cc894fedbc8067ae2dc367079e9788fdd1bc40dc603b5f8c58fdc7cbb43	99.000	212	0.930	1.000
a22d74520f1eb1b63ae30e06e8c00630ea7a8247b60817808c3cd9285df9253f	e0beb03218c72f936c8a6370af658ae85dc50071d5dd85971afc03de1f46222d	99.000	212	0.930	1.000
a22d74520f1eb1b63ae30e06e8c00630ea7a8247b60817808c3cd9285df9253f	3dac15b0261332f42a26ba908a1ac13098b321c4bcc82ce9125c1cbe5bbb2e59	99.000	212	0.930	1.000
a22d74520f1eb1b63ae30e06e8c00630ea7a8247b60817808c3cd9285df9253f	370a0315578f5dfd2f2f11cd8afa16875bda38e6ca3208b99d9eef4f89ec333c	99.000	212	0.930	1.000
bb9db8666b49f193af7dce0eaf94ddea507477b5b8645fdbe04534f4113bd165	87c36b8fd5302c6b564bbbe6dacc0fa19e546331d9387171280235c4b8b553a9	93.800	534	0.945	1.000
bb9db8666b49f193af7dce0eaf94ddea507477b5b8645fdbe04534f4113bd165	c068876dd83ef290741546cef1d5a769ab3f9d9e2f0c87c8a9d916fb0a2fdd07	82.100	532	0.942	1.000
bb9db8666b49f193af7dce0eaf94ddea507477b5b8645fdbe04534f4113bd165	c2afb60b6ee2b153434669ee44589d07631fc1573fbf30bb1f4133099b0492d6	82.100	532	0.942	0.998
bb9db8666b49f193af7dce0eaf94ddea507477b5b8645fdbe04534f4113bd165	a89521ce08530b8f97f2d1db8f1240efae12a8ae3df1c19c7b8a0666b41ae267	82.200	530	0.938	0.998
bb9db8666b49f193af7dce0eaf94ddea507477b5b8645fdbe04534f4113bd165	1022c07004d578e442bfe1322a8cc452edfa3514d361a8d0a4ca0718f71acac5	31.500	524	0.927	0.976
bb9db8666b49f193af7dce0eaf94ddea507477b5b8645fdbe04534f4113bd165	8b29fd074744a8f8668df38ba7d4b9272f662cea9d7738d0651df52e5b955c4d	31.700	524	0.927	0.981
bb9db8666b49f193af7dce0eaf94ddea507477b5b8645fdbe04534f4113bd165	4071f595d4ec8cd616c516d2848b1a0b4e9fd927ac084d3cfc3b18f21f61bc61	31.700	524	0.927	0.976
bb9db8666b49f193af7dce0eaf94ddea507477b5b8645fdbe04534f4113bd165	76e283a10aaf081ec593f57f2b1c038d9b93c8e7b8eeba2e0222a96cb47a79af	31.700	524	0.927	0.972
bb9db8666b49f193af7dce0eaf94ddea507477b5b8645fdbe04534f4113bd165	91a9c9a00bf19d3b1730600410521fae94d84f27d2e4dd4493130229368e6d65	31.700	524	0.927	0.970
bb9db8666b49f193af7dce0eaf94ddea507477b5b8645fdbe04534f4113bd165	0683327e5f5b15c7f3e2279cee9c776e76fecec45c13722acc6ec4eb049eab9d	31.500	524	0.927	0.974
bb9db8666b49f193af7dce0eaf94ddea507477b5b8645fdbe04534f4113bd165	122932ce41f21a1017038b5966bed20a311c44f2060982be589fc016cd46c527	31.300	527	0.927	0.976
bb9db8666b49f193af7dce0eaf94ddea507477b5b8645fdbe04534f4113bd165	7aa76899b830ecbc59fd3e27aa89c863c1f64bb2953ddcd2a1f8fe92231b9c1f	31.700	524	0.927	0.979
bb9db8666b49f193af7dce0eaf94ddea507477b5b8645fdbe04534f4113bd165	c9a0313f02c540cc47a768d6d0cfd8e988fd159b8c230bcdf633fa34a42a17d9	31.700	524	0.927	0.977
bb9db8666b49f193af7dce0eaf94ddea507477b5b8645fdbe04534f4113bd165	508ded4ba40cba7cc7fb42a6a2717e4e7e8d49ccad1eba838a44eb2449d25d0f	31.600	524	0.927	0.981
bb9db8666b49f193af7dce0eaf94ddea507477b5b8645fdbe04534f4113bd165	4387e1be0e8f9f10772bf86fa851d754090f5cd72928c48260bab755d8175fca	31.500	524	0.927	0.970
bb9db8666b49f193af7dce0eaf94ddea507477b5b8645fdbe04534f4113bd165	72ea4a816a41068509b449b0f70600e24986e8df67c8c22e733b557da1cb16fd	31.500	524	0.927	0.970
bb9db8666b49f193af7dce0eaf94ddea507477b5b8645fdbe04534f4113bd165	e6636c0acbf00ea8803801357426a207dab7a583e4fd1e34dfbcc9d009483e99	31.500	524	0.927	0.974
bb9db8666b49f193af7dce0eaf94ddea507477b5b8645fdbe04534f4113bd165	d7405c3c4a88a77ed251d79b2f6b5b867d65581890e30d7979201599fbff0d91	31.500	524	0.927	0.972
bb9db8666b49f193af7dce0eaf94ddea507477b5b8645fdbe04534f4113bd165	30699a827243dfafe71350420e7311cb2dba1a363fe56290424b1ea2e79868c6	30.900	525	0.929	0.979
bb9db8666b49f193af7dce0eaf94ddea507477b5b8645fdbe04534f4113bd165	4524e75314962a6d829cbaf8bc3c659319f35c3f899409f17a4510bd74a50567	31.400	525	0.927	0.976
93d61060d4871f80bdfecfdf749566c1bf837f198c48fc96592f3d32593fa07d	fe1cf83891331b67e75d3d9a2ea8fae9e8c2f6547cd7e654b721796c85d5a8aa	96.600	500	0.899	1.000
93d61060d4871f80bdfecfdf749566c1bf837f198c48fc96592f3d32593fa07d	f595c5bd3838eb909bb00860af52824589d7eca9a8b47a546c02577c8622b4cb	96.500	499	0.897	1.000
93d61060d4871f80bdfecfdf749566c1bf837f198c48fc96592f3d32593fa07d	60c905b3434c0add5f47bb5310bc4f3e1c37f81e801b6cd9bff2d5a081ab3ee7	96.300	498	0.896	1.000
93d61060d4871f80bdfecfdf749566c1bf837f198c48fc96592f3d32593fa07d	b4f4c1c75400c38071a327b48030cc7778fe6def72430c7d19f8284b1d37020d	100.000	237	0.426	1.000
93d61060d4871f80bdfecfdf749566c1bf837f198c48fc96592f3d32593fa07d	c65e79b85f8566830406c974ca473aba9bb913cabda66042d55dfca54f5d97c3	100.000	190	0.342	1.000
93d61060d4871f80bdfecfdf749566c1bf837f198c48fc96592f3d32593fa07d	af8c88eb328afb6720822c140c6272f27b4bfe150afba3b572f40fce645371cc	27.100	393	0.691	0.788
93d61060d4871f80bdfecfdf749566c1bf837f198c48fc96592f3d32593fa07d	28b6a1970ca8cd5be68745c16f834dd1d018595ac4f7cafdedb3a40798802067	26.900	393	0.691	0.788
93d61060d4871f80bdfecfdf749566c1bf837f198c48fc96592f3d32593fa07d	bbdbaa19480f0afec5b4f0af58336fa2074d3a06961e7bf7077eb00cc6e2f629	26.900	393	0.691	0.788
93d61060d4871f80bdfecfdf749566c1bf837f198c48fc96592f3d32593fa07d	d27d50bd65077d947142caa092144bd7a6ce34464a803203d9cbf64959386d86	25.600	194	0.315	0.564
0eea428f8633719530522ad20c0f7427959e058e97531e7479418c91766ff0f8	7891c4dfb5421e8d58c0a36dcdc52a2f943532cdfc30524bb3128c7ca6b3e7a9	28.900	256	0.823	0.957
0eea428f8633719530522ad20c0f7427959e058e97531e7479418c91766ff0f8	f8d004777be3f7a9256abd52c78a5057d7a57e58a91e824f05fa6127e74abe9b	28.900	256	0.823	0.949
0eea428f8633719530522ad20c0f7427959e058e97531e7479418c91766ff0f8	118561aba19c1bf916bfbf66377cfb9c959fcdd4f79f9a849777e1dd033b3e21	28.500	256	0.823	0.954
0eea428f8633719530522ad20c0f7427959e058e97531e7479418c91766ff0f8	758d865388f9fb3767bd99e055023bdbb10a8511eaa54e1b2a2d077116f8f85e	27.900	243	0.781	0.913
0eea428f8633719530522ad20c0f7427959e058e97531e7479418c91766ff0f8	a426859c2fdaf6ce556797ba9048d775c7853dfeea9e1be2f544a000e9a7c471	27.500	243	0.781	0.908
0eea428f8633719530522ad20c0f7427959e058e97531e7479418c91766ff0f8	b5366aedc0c5463f45d8169155354aff98174536acc94905c952ebde0c831474	27.500	243	0.781	0.911
0eea428f8633719530522ad20c0f7427959e058e97531e7479418c91766ff0f8	491838c637e038b138dac34f5b8b71838602a60419529e159fadf49d2e3af3b5	27.500	243	0.781	0.860
0eea428f8633719530522ad20c0f7427959e058e97531e7479418c91766ff0f8	574136d04122b4f76ba4a35fe14358fc550b21feb1e28cbd5c6d3c75e5453140	27.200	243	0.781	0.881
0eea428f8633719530522ad20c0f7427959e058e97531e7479418c91766ff0f8	ae227c5db744050b1d4e017463be97ea7221290db0bc24ddfabdec712960f7dc	27.200	243	0.781	0.875
0eea428f8633719530522ad20c0f7427959e058e97531e7479418c91766ff0f8	f80e1775e278cea20cecb990244fc2a7a447c134d61ff83da85fa797e835656c	33.300	107	0.341	0.315
0eea428f8633719530522ad20c0f7427959e058e97531e7479418c91766ff0f8	77ce10b393d7c42ee0cc93f38875a7ed73f6ed58987c97e0201b8f668e125179	26.800	243	0.781	0.908
0eea428f8633719530522ad20c0f7427959e058e97531e7479418c91766ff0f8	b5c11c0dca4639290f955618958d3b0b3ddee5d571c0bc843f46eb3ec8f9f64d	26.400	243	0.781	0.906
0eea428f8633719530522ad20c0f7427959e058e97531e7479418c91766ff0f8	328e638a411108e4961f36b4ea742215b2821b6befbfd1094f81bb1e6f2400d3	23.900	265	0.852	0.956
0eea428f8633719530522ad20c0f7427959e058e97531e7479418c91766ff0f8	51ef49071b00d7a6a46b4542281759edc65979fecde61d1976cecf1b7788a67f	24.300	259	0.833	0.980
0eea428f8633719530522ad20c0f7427959e058e97531e7479418c91766ff0f8	68d263d272df663782771e2727284513a09392e75322585eda09bf6ddc900f1c	24.300	265	0.852	0.956
0eea428f8633719530522ad20c0f7427959e058e97531e7479418c91766ff0f8	85b8dbaf5a7b0abe6681ef70e623d182dbfff360e0f03f47f7ed66e28d132c3d	24.100	259	0.833	0.980
0eea428f8633719530522ad20c0f7427959e058e97531e7479418c91766ff0f8	1959ae5adb4a7d1e7ad58239d3f45f722f3332c800dc0a1aa96992cc3e58ac7b	24.700	251	0.807	0.797
0eea428f8633719530522ad20c0f7427959e058e97531e7479418c91766ff0f8	31e39ead8b2e7b20cf091e11b90364d6d67005e32f11cba89df79681175cb54b	25.600	144	0.434	0.463
0eea428f8633719530522ad20c0f7427959e058e97531e7479418c91766ff0f8	504882b6ab04a2922ebab11cf63737368af4bb6d32d71bddd1342ee4b5177e06	28.100	135	0.434	0.289
0eea428f8633719530522ad20c0f7427959e058e97531e7479418c91766ff0f8	cd91e735333f21a908e0478b67b21ad3262be7b20dd173ba170933f9ee35e17c	28.600	135	0.434	0.290
839bdd6d36bcfbefd0f6dc9e11684246ae72111529469bea2d21913371b3c6d3	0af2a56de318791b9742a12d461d7c2413ee8abfff4382805545e94dda4f8978	100.000	307	0.733	1.000
839bdd6d36bcfbefd0f6dc9e11684246ae72111529469bea2d21913371b3c6d3	9239f878646038b94eef17c941050176e9350f01b17fe5c3a3908a858e0a6ffb	97.700	307	0.733	1.000
839bdd6d36bcfbefd0f6dc9e11684246ae72111529469bea2d21913371b3c6d3	58f85c639ac061b23af46df5884160ef0e8d218ad7fc22083cb23e9040e47d93	81.400	307	0.733	0.997
839bdd6d36bcfbefd0f6dc9e11684246ae72111529469bea2d21913371b3c6d3	fea0540fa740084435cae197124c29ec3210afa2f1ce47ac0d06108a64a24bf5	46.600	302	0.718	0.993
839bdd6d36bcfbefd0f6dc9e11684246ae72111529469bea2d21913371b3c6d3	478adf3b9ecfb6ff53a02c16029c6d6c5846439ccb52878a448dfa9205237c81	46.600	302	0.718	0.990
839bdd6d36bcfbefd0f6dc9e11684246ae72111529469bea2d21913371b3c6d3	ce7d057d2e12ee43fa4f02bdcee05b05ef61fafbb17452d854971ca7bc049c5f	46.500	301	0.716	0.990
0fad3d47c22ab0845616461ac6e6b21c93febaf1a3d91a543d85ec997b142f86	66b547b2dccb6eb076ff1e12a93691c833d7029949220b869368797736df9a87	27.400	203	0.324	0.948
0fad3d47c22ab0845616461ac6e6b21c93febaf1a3d91a543d85ec997b142f86	f494b451754f8b7d079d4fececc4278039dcafaabab0f0f661a9dcfea8c267ba	27.400	203	0.324	0.944
0fad3d47c22ab0845616461ac6e6b21c93febaf1a3d91a543d85ec997b142f86	254347d54068bf739e80d9bc3dd42ca9f12ad1c8bad02bb7cdee2025b724ffac	28.000	199	0.317	0.956
0fad3d47c22ab0845616461ac6e6b21c93febaf1a3d91a543d85ec997b142f86	2f56ce70a2267a63c9cf6b503aaeeac8712245e5c9ebb9689eabf46c90c6c569	28.000	199	0.317	0.947
0fad3d47c22ab0845616461ac6e6b21c93febaf1a3d91a543d85ec997b142f86	5b62d81be472aaecd195c9de7e69dc0ada05879ec9314d797cfbc148d683e467	27.700	201	0.321	0.948
0fad3d47c22ab0845616461ac6e6b21c93febaf1a3d91a543d85ec997b142f86	4cf14deebb45f19ff60afbbb6c41951a48d57bb95579b9b10f0adf0658d6b2b6	27.900	203	0.324	0.948
0fad3d47c22ab0845616461ac6e6b21c93febaf1a3d91a543d85ec997b142f86	5292660937d86c9337e23c88a1885621c8d8e84966ce5c6d574b92233b01e508	27.900	203	0.324	0.939
0fad3d47c22ab0845616461ac6e6b21c93febaf1a3d91a543d85ec997b142f86	89571773fd4d78c4cd089df28af7757abdb9a7c06a645b7160997431e3d854dc	29.500	195	0.311	0.922
0fad3d47c22ab0845616461ac6e6b21c93febaf1a3d91a543d85ec997b142f86	847942c636b128fe77fd1b34271486b58a1c83e1d9319c9c4e79c1f40c69a5fe	27.300	203	0.324	0.953
0fad3d47c22ab0845616461ac6e6b21c93febaf1a3d91a543d85ec997b142f86	65d51f7e3d68ef6ec8810e77f0f642520a0f9fb7a958f756d045e87a8e048c38	27.300	203	0.324	0.944
0fad3d47c22ab0845616461ac6e6b21c93febaf1a3d91a543d85ec997b142f86	c4ee341c5aea2512b02bfc4b47efb15f57daac44515491d6d39686472d0cb9b5	29.000	195	0.311	0.932
0fad3d47c22ab0845616461ac6e6b21c93febaf1a3d91a543d85ec997b142f86	dc6202552194a8082861fab2a45d488c308013bfdccc8f673053bddd2112965d	27.400	203	0.324	0.947
0fad3d47c22ab0845616461ac6e6b21c93febaf1a3d91a543d85ec997b142f86	885b15da5e87f09addf84748af1897f67df0331f3b1370b8499fc0fa4156072e	29.000	195	0.311	0.914
0fad3d47c22ab0845616461ac6e6b21c93febaf1a3d91a543d85ec997b142f86	eb22c4e8269e10da8fb1b74f827583acb652def7ed052c2c048fb4491d8efc9d	29.000	195	0.311	0.910
0fad3d47c22ab0845616461ac6e6b21c93febaf1a3d91a543d85ec997b142f86	afa4a844f2542215dbca15366ab19cc47c2eeb524979a0cd267f59deedeb2d62	27.400	203	0.324	0.938
0fad3d47c22ab0845616461ac6e6b21c93febaf1a3d91a543d85ec997b142f86	e5a8927f209306e4098e76150fb3fead0b64d4144b66cd4fc37d543e4ef8d5b3	29.000	195	0.311	0.905
0fad3d47c22ab0845616461ac6e6b21c93febaf1a3d91a543d85ec997b142f86	1e0e9f97e91cf3619f8f5e7a74948c35440d52ba2748ca6901379d6725f82106	27.700	201	0.321	0.951
0fad3d47c22ab0845616461ac6e6b21c93febaf1a3d91a543d85ec997b142f86	39250106823cb9dfe6374900803cd98a3cf71f30d504a57300dcc5d7b8599ea1	29.500	195	0.311	0.923
0fad3d47c22ab0845616461ac6e6b21c93febaf1a3d91a543d85ec997b142f86	58a591cc40653a022a14a9809224464d1df18a7fc07f2fde4dbc2fcf591dc134	28.000	199	0.317	0.946
0fad3d47c22ab0845616461ac6e6b21c93febaf1a3d91a543d85ec997b142f86	33b0aa42c8a45cc932f556fceb64ec0ff895f27ac7409455655a02a8e8d717a1	29.700	174	0.278	0.847
ed2f8f55fa8bacf20a8294cc9cc12989848d04afcd70d6056e4f9b89ffe9bbfa	70b5730f55329c488a8dba63c054afe95be07cdf5b2291b1b091f6b1c3abfdb2	88.800	36	1.000	0.074
ed2f8f55fa8bacf20a8294cc9cc12989848d04afcd70d6056e4f9b89ffe9bbfa	78498baca835a16c433b824579edb50c5640002e2428fe5b914be17dbf0ee62e	88.800	36	1.000	0.074
4cf523e4f20641bd9bbbe1036fb5a523dba1b2bf3127cd5b69b0a6d2e2cc6314	506e42b23c1416b1d58b4e80ab5e47a25ab8b9731f48e70d395ffd52ed9b930b	27.200	211	0.447	0.677
4cf523e4f20641bd9bbbe1036fb5a523dba1b2bf3127cd5b69b0a6d2e2cc6314	8cfa9b3836dfde436c8a531aa092c35840c6e8966e478130b30e6a1a3919e50d	27.600	299	0.633	0.905
4cf523e4f20641bd9bbbe1036fb5a523dba1b2bf3127cd5b69b0a6d2e2cc6314	cd5d8eaa19bfba958e3500b97e06f0e093d657c02867d4935b3fc8644778ef12	27.800	299	0.633	0.916
4cf523e4f20641bd9bbbe1036fb5a523dba1b2bf3127cd5b69b0a6d2e2cc6314	02536d275857d78976c54cd11ab8f644d2f98cf1e56ebbdac7169bbc376c8b50	26.700	211	0.447	0.684
4cf523e4f20641bd9bbbe1036fb5a523dba1b2bf3127cd5b69b0a6d2e2cc6314	68ec7b19f3f17b23455df7a73b4c3f33cdc948959e74dbb3826be4d99baafdef	26.700	211	0.447	0.679
4cf523e4f20641bd9bbbe1036fb5a523dba1b2bf3127cd5b69b0a6d2e2cc6314	f834ab77e81ed2a3d0c66f0ff386e6a7b5dbce3de56950154a5ca0931464d952	26.700	211	0.447	0.674
4cf523e4f20641bd9bbbe1036fb5a523dba1b2bf3127cd5b69b0a6d2e2cc6314	5cb3444876d7734f8eae54e395a0d339e26809df903e72f55b0721188a0a390a	25.700	197	0.417	0.658
4cf523e4f20641bd9bbbe1036fb5a523dba1b2bf3127cd5b69b0a6d2e2cc6314	c37e4d47412e56c5fc8a595627aaf485c676029a8f3c38b5559879b218962a0d	28.900	149	0.297	0.339
4cf523e4f20641bd9bbbe1036fb5a523dba1b2bf3127cd5b69b0a6d2e2cc6314	876db18c23d75b6bdf0fb270aeeb6b6014153c4c6a64ff26ed35a1f645424b43	28.900	149	0.297	0.337
2e8dbcaee122b2172ace996cbdd3510a635e8d860b101a72e0966c00c7d9685b	6dff929d041f4c869b2ab193faf1e22fc9fc5ea38d7a9ca31162e51b62e2138e	44.700	237	0.286	0.983
2e8dbcaee122b2172ace996cbdd3510a635e8d860b101a72e0966c00c7d9685b	5b6ff9b694050278d448a3afb464531c466e61a41e553018db54b2ccf717835b	46.100	230	0.284	0.974
2e8dbcaee122b2172ace996cbdd3510a635e8d860b101a72e0966c00c7d9685b	920e7144690959c54b8595b3e428fb6081ac12b3c4c6cbce8b88040ae9281b26	40.100	231	0.284	0.975
2e8dbcaee122b2172ace996cbdd3510a635e8d860b101a72e0966c00c7d9685b	e2352108b1bb4471674cc27b40058771825e913fc1c046fb19255a6351b7b9e4	41.100	231	0.284	0.975
2e8dbcaee122b2172ace996cbdd3510a635e8d860b101a72e0966c00c7d9685b	39f78435c028e60c97d04e3135e78189602d99c60a6aba54d68a9a7683d8f12a	41.100	235	0.289	0.951
2e8dbcaee122b2172ace996cbdd3510a635e8d860b101a72e0966c00c7d9685b	36514696e3f525e5a93568e5d835d0106421870ce3deb7b0c42f1368e42a56d0	41.100	235	0.289	0.948
2e8dbcaee122b2172ace996cbdd3510a635e8d860b101a72e0966c00c7d9685b	10b0ebd18733b984a91bfcd3e5408d1d6a56585844abe509b6d8be6dd7c4caea	39.700	231	0.284	0.971
2e8dbcaee122b2172ace996cbdd3510a635e8d860b101a72e0966c00c7d9685b	c2f5134606577fcdfd389f6402b0903808536cf983199f9aa4725858a122683c	39.900	241	0.289	0.992
2e8dbcaee122b2172ace996cbdd3510a635e8d860b101a72e0966c00c7d9685b	216f9904222b47e75080df752a5a158880d8c4ca2360b30b18f5cd1ca842d0f7	39.500	241	0.289	0.996
2e8dbcaee122b2172ace996cbdd3510a635e8d860b101a72e0966c00c7d9685b	b932f746fb3d34a8f0d0113907a167cd0705ecd080f024838e610b1331d74c32	40.300	241	0.289	0.996
2e8dbcaee122b2172ace996cbdd3510a635e8d860b101a72e0966c00c7d9685b	19c62e6fdf1ca9aac04cf8dd824e5d747fecefb2debbf5564da10794b11a7ef9	38.200	234	0.289	0.987
2e8dbcaee122b2172ace996cbdd3510a635e8d860b101a72e0966c00c7d9685b	51fa8f59cfd17d4a3e76eae4f52f2c85ff7afa9a28c2dfa4d5dd01d912b074b7	39.100	235	0.287	0.936
2e8dbcaee122b2172ace996cbdd3510a635e8d860b101a72e0966c00c7d9685b	2c778f8dc99cafab8c5c4caa9ca87bc8b07f0cf2a0f0c313bd86c5b12d1f2aab	38.200	234	0.289	0.987
2e8dbcaee122b2172ace996cbdd3510a635e8d860b101a72e0966c00c7d9685b	1a984f34322f1fa7a7d0644aa8279a2efb874cc599e6afbd477a09b28786f41f	37.600	233	0.287	0.935
2e8dbcaee122b2172ace996cbdd3510a635e8d860b101a72e0966c00c7d9685b	687b2f31634f491ee83f98cfc61791bf7bf1e6b5886f5c6ebd7819bcb026628a	33.400	232	0.286	0.979
2e8dbcaee122b2172ace996cbdd3510a635e8d860b101a72e0966c00c7d9685b	ae9d8362a9006b6af3ec05127a62c88efb874ae35ad9f13e217e63d4d2e34537	35.800	230	0.284	0.968
2e8dbcaee122b2172ace996cbdd3510a635e8d860b101a72e0966c00c7d9685b	bdd7e18fbc44629f61e3110ed917e6ec39a64f81fac6c0a13f46bae8037fc48e	35.400	230	0.284	0.968
2e8dbcaee122b2172ace996cbdd3510a635e8d860b101a72e0966c00c7d9685b	5036eb2e719e9a70b6801a51dc583db0132dd532c5d59d026a4c03d88ba91051	35.400	230	0.284	0.977
2e8dbcaee122b2172ace996cbdd3510a635e8d860b101a72e0966c00c7d9685b	01fa0544386494e3137d00dba3f6b193df5ac8e255555044bb030ce2ef537105	33.400	234	0.289	0.991
2e8dbcaee122b2172ace996cbdd3510a635e8d860b101a72e0966c00c7d9685b	ec9c46cbcf5aae951f5679a51bc55c468bcb35648aed994f11b3ba9f2a32f742	33.600	230	0.284	0.969
7d3e76461244c07b1901678de9ebbb1be56d7715150a43f624c1ccf1e0f3a356	4da7342c06d1d6e7a9f5c4a236fd2eb07090f7ca3da0c71d59df4ac2b8537597	33.300	612	0.666	0.991
7d3e76461244c07b1901678de9ebbb1be56d7715150a43f624c1ccf1e0f3a356	eb4ac82bfc8415853bd3d3c05c3b8ca11bf274dbe90aaff94bd02278a8355bed	30.400	615	0.669	0.986
695532a353edb4bf79016a31d5fd8df5487409fcd19742548250751c59c25db9	fea0540fa740084435cae197124c29ec3210afa2f1ce47ac0d06108a64a24bf5	49.000	304	0.719	0.990
695532a353edb4bf79016a31d5fd8df5487409fcd19742548250751c59c25db9	478adf3b9ecfb6ff53a02c16029c6d6c5846439ccb52878a448dfa9205237c81	49.000	304	0.719	0.987
695532a353edb4bf79016a31d5fd8df5487409fcd19742548250751c59c25db9	ce7d057d2e12ee43fa4f02bdcee05b05ef61fafbb17452d854971ca7bc049c5f	49.500	301	0.712	0.980
695532a353edb4bf79016a31d5fd8df5487409fcd19742548250751c59c25db9	0af2a56de318791b9742a12d461d7c2413ee8abfff4382805545e94dda4f8978	44.500	303	0.716	0.974
695532a353edb4bf79016a31d5fd8df5487409fcd19742548250751c59c25db9	9239f878646038b94eef17c941050176e9350f01b17fe5c3a3908a858e0a6ffb	44.200	303	0.716	0.974
695532a353edb4bf79016a31d5fd8df5487409fcd19742548250751c59c25db9	58f85c639ac061b23af46df5884160ef0e8d218ad7fc22083cb23e9040e47d93	43.200	303	0.716	0.971
695532a353edb4bf79016a31d5fd8df5487409fcd19742548250751c59c25db9	28f1ef366b9deb7f3a9c5d00397e3b1320024fe1b0b40189d7d532487f0d05df	23.200	264	0.624	0.687
5c619dcb6235f38247072eacd7fa6ad3aa7e69d3d4f661ebfdc4251e2b2752b4	f43d950f19787188da6afc6ab386ad7c583d75055a9f2d06a02951b6b7808ec7	100.000	499	0.960	1.000
5c619dcb6235f38247072eacd7fa6ad3aa7e69d3d4f661ebfdc4251e2b2752b4	91f4101cf96abe151bc308295a5102e2899391efe707f8feb60da47357144c62	100.000	494	0.950	1.000
5c619dcb6235f38247072eacd7fa6ad3aa7e69d3d4f661ebfdc4251e2b2752b4	c79bc7845ff2f07ea82069fe9672cbc51c6172bede8d9671224fc8770db3faef	73.200	512	0.985	0.994
5c619dcb6235f38247072eacd7fa6ad3aa7e69d3d4f661ebfdc4251e2b2752b4	d1413a332921993ad8243affa1005687f4fa912180dcc50744853b3ec9e3dbdc	73.000	512	0.985	0.994
5c619dcb6235f38247072eacd7fa6ad3aa7e69d3d4f661ebfdc4251e2b2752b4	daa50a53b8af1b5059f2efe4fffffd35a0df0bc91a47f63a5b137ab757975c0c	33.400	446	0.858	0.982
5c619dcb6235f38247072eacd7fa6ad3aa7e69d3d4f661ebfdc4251e2b2752b4	288e001aac0505c8cff8700239abf9af1386aa692b50e771e018395bd3264181	33.200	446	0.858	0.984
5c619dcb6235f38247072eacd7fa6ad3aa7e69d3d4f661ebfdc4251e2b2752b4	99d6c2af9a3d73c57c1c73ced45c20c3746b19eb65ca797ee83fabf141be3ac7	33.000	446	0.858	0.982
5c619dcb6235f38247072eacd7fa6ad3aa7e69d3d4f661ebfdc4251e2b2752b4	91392e5b4565fc86dfb32802847aae055294d549edd9fdfe6cb8e21a61d2efb7	32.800	446	0.858	0.984
5c619dcb6235f38247072eacd7fa6ad3aa7e69d3d4f661ebfdc4251e2b2752b4	dc971adfa6d6201ceb09a2f326a71fb23f905bebe37db463c8d9157821d98a26	32.800	446	0.858	0.982
5c619dcb6235f38247072eacd7fa6ad3aa7e69d3d4f661ebfdc4251e2b2752b4	dfef77df21de38f5e335d353bd3327261871f293d276b351c56a140d75ba7881	21.000	519	0.854	0.819
5c619dcb6235f38247072eacd7fa6ad3aa7e69d3d4f661ebfdc4251e2b2752b4	e874ff62c51de20ace1d7f19430bd0028e9122012e23ea3f69a17f655cc489c7	24.200	450	0.863	0.932
5c619dcb6235f38247072eacd7fa6ad3aa7e69d3d4f661ebfdc4251e2b2752b4	46adf5b97134dd753fa4d70faa07d3e6eee564be1d4be256290dfd32b4514db1	20.100	532	0.854	0.822
5c619dcb6235f38247072eacd7fa6ad3aa7e69d3d4f661ebfdc4251e2b2752b4	dd8106487d56616323ea1a824d069b7ba39dfd82886f038717c52d13450410f8	20.000	527	0.854	0.821
5c619dcb6235f38247072eacd7fa6ad3aa7e69d3d4f661ebfdc4251e2b2752b4	681c5139a22e0994a0b62a279aba5ef9d65abcd70cf0633189cca38bac844d0f	20.100	528	0.854	0.821
5c619dcb6235f38247072eacd7fa6ad3aa7e69d3d4f661ebfdc4251e2b2752b4	053f8a76d8298b0cb94780bbbd0ce385b3f160c61816429ce4150b12374b3542	20.400	528	0.854	0.816
5c619dcb6235f38247072eacd7fa6ad3aa7e69d3d4f661ebfdc4251e2b2752b4	2de0f94264f5f99f7b26b5d2e70d801073c0d91818536dd5e119ce186b942864	19.700	545	0.854	0.821
5c619dcb6235f38247072eacd7fa6ad3aa7e69d3d4f661ebfdc4251e2b2752b4	1d2b1a74e4d753cfc24c23399e293670dbfb8c299534594ed059c358e0dc27af	19.700	545	0.854	0.820
5c619dcb6235f38247072eacd7fa6ad3aa7e69d3d4f661ebfdc4251e2b2752b4	493006f7f1920041ad9c1b33e1c28785ec928a5756ed96d9672ab22e47a2a0f3	19.700	545	0.854	0.820
5c619dcb6235f38247072eacd7fa6ad3aa7e69d3d4f661ebfdc4251e2b2752b4	53d132d2a5f6041896859c29f7a7ea3c2718d6bf08e376dadded96c2fcaff1a5	19.700	545	0.854	0.818
5c619dcb6235f38247072eacd7fa6ad3aa7e69d3d4f661ebfdc4251e2b2752b4	be589419405415ea3cbfd491ef944f9bf190460e84f4a5e90ec5dcca5d534e99	19.500	549	0.854	0.819
15158f080c402843608ab6ad9dc3a5f1550867e7953cfd49b52a9cc723ae46cd	077540a958fcb4303b309159e76821208a13734e69378666bccd8ec573814375	25.700	394	0.658	0.371
15158f080c402843608ab6ad9dc3a5f1550867e7953cfd49b52a9cc723ae46cd	03b7ce47eee3b037c6005b32c5d637e455202e8854877bdf91e36b6047f6be19	25.600	394	0.658	0.371
15158f080c402843608ab6ad9dc3a5f1550867e7953cfd49b52a9cc723ae46cd	97fadd033cc5f8550d5cedc6d2fae5aa63bc40f08035efe01ee5047e923d0f27	25.600	394	0.658	0.371
15158f080c402843608ab6ad9dc3a5f1550867e7953cfd49b52a9cc723ae46cd	8c06bbafb16def1d9ba8e0c091d7979acd8204072d1d2f14acd13b42a4ee1166	25.600	394	0.658	0.371
15158f080c402843608ab6ad9dc3a5f1550867e7953cfd49b52a9cc723ae46cd	c0a43cb55c81b80225c7c4c92902b40a3db51a78e793c34333e2165d522e8218	25.400	394	0.658	0.371
9de3a16cba47ccaaa631b651e5f4cecdbca279343681350b3c1e7c76a716030a	626e3a625ce7e8bb4efeb019e5506398747553c6195b1df9b7e8a4033a0e7705	99.600	256	1.000	0.985
9de3a16cba47ccaaa631b651e5f4cecdbca279343681350b3c1e7c76a716030a	616b046797751bae7048d164641e2a594d9e43d2eb12bd0db4b9cfc0ce079eff	99.600	255	0.996	1.000
9de3a16cba47ccaaa631b651e5f4cecdbca279343681350b3c1e7c76a716030a	479eb8ee9e519ce5bd869c602ead9734d492fa9e900a73df2a38a14e5541eb00	99.600	254	0.992	1.000
9de3a16cba47ccaaa631b651e5f4cecdbca279343681350b3c1e7c76a716030a	e3625f45e7324a3a1dfce086a6cb37996cc93d02df55ce60e34e0eab8234f1b9	63.000	252	0.984	0.984
9de3a16cba47ccaaa631b651e5f4cecdbca279343681350b3c1e7c76a716030a	655227acd356c8fa125a2b26c63888cefaa3549f8919ffc021abc460c3eb7c08	45.200	252	0.984	0.973
9de3a16cba47ccaaa631b651e5f4cecdbca279343681350b3c1e7c76a716030a	d958aa28e90b925bd99f43bd75b13a439bfac24364ab121527d946becf664dcd	45.200	252	0.984	0.969
9de3a16cba47ccaaa631b651e5f4cecdbca279343681350b3c1e7c76a716030a	eab0b61de5e8a9e8027e79e83c843f18da0f2732f50c542163e2a6e9482240e4	45.200	252	0.984	0.965
9de3a16cba47ccaaa631b651e5f4cecdbca279343681350b3c1e7c76a716030a	99a43da7159e934660fc340e8a0c7c71ffb422c38250ed2ddac83c0872a963cd	44.800	252	0.984	0.912
9de3a16cba47ccaaa631b651e5f4cecdbca279343681350b3c1e7c76a716030a	c9d86821f029386eddc109af856f82563c7ad0cff631c278c815268303e8186c	44.000	252	0.984	0.976
9de3a16cba47ccaaa631b651e5f4cecdbca279343681350b3c1e7c76a716030a	2d81fea87b4603a9286c50299f4a2050cbd45a4612c34fd78d8cd1e16b7265b5	43.600	249	0.973	0.969
9de3a16cba47ccaaa631b651e5f4cecdbca279343681350b3c1e7c76a716030a	c69c5f16a62804c14bed70a54fd1f86c3ebd45b8fd97806fb4db90a5807e24f3	43.600	249	0.973	0.961
9de3a16cba47ccaaa631b651e5f4cecdbca279343681350b3c1e7c76a716030a	82d553a02fc4553088cea442fbf4f9f60dcdaba59f8b9ab885ad3a63054ce27f	43.600	249	0.973	0.958
9de3a16cba47ccaaa631b651e5f4cecdbca279343681350b3c1e7c76a716030a	c585a9698b564ceccaf2ab09abb09d7e94d426d479d0c9b41d451da2b599c97f	44.000	252	0.984	0.964
9de3a16cba47ccaaa631b651e5f4cecdbca279343681350b3c1e7c76a716030a	d3691073e3542fa2fcaba449fddf28f25e2a85c439639e0ef596355e0c83d095	43.600	252	0.984	0.976
9de3a16cba47ccaaa631b651e5f4cecdbca279343681350b3c1e7c76a716030a	b082754bd513d4feb9719620060200c4f7d4801f4bfd004799ca2a6a1a18ac33	44.000	252	0.984	0.968
9de3a16cba47ccaaa631b651e5f4cecdbca279343681350b3c1e7c76a716030a	84f17ec9ecb5fbf8cabe4cc6e4edc9e664f36d37d7a211d33e3cc9b61761c373	42.800	249	0.973	0.960
9de3a16cba47ccaaa631b651e5f4cecdbca279343681350b3c1e7c76a716030a	ed580892a9a86b3640a00fae85c19ea6f2622d5a21383f87d80e32ecfedb10b6	42.400	249	0.973	0.964
9de3a16cba47ccaaa631b651e5f4cecdbca279343681350b3c1e7c76a716030a	86fd4cd5f6a167031f22e0cba41a4b44256cc15c4e722ca1935940b50d2e8ed6	41.200	249	0.973	0.967
9de3a16cba47ccaaa631b651e5f4cecdbca279343681350b3c1e7c76a716030a	7d31163018886a4b2147b6db56fceae561e3357cea6039117b1474f5a3aac631	36.600	178	0.695	0.599
9de3a16cba47ccaaa631b651e5f4cecdbca279343681350b3c1e7c76a716030a	098ae948cba27b715d3222c1f228b3e850f42cc6db124e7cdca3ff54b727f3a7	36.600	178	0.695	0.599
2d487f30a2af772e578140ddecf3625eeb792afae14a2d808aca6e480aee821a	7d5fe3d376a7bbddd769d593ebb951ae45ed0a7c8dce7036fa1b350ec0726c46	52.200	90	0.307	0.978
2d487f30a2af772e578140ddecf3625eeb792afae14a2d808aca6e480aee821a	a0610e293348b285d2ddaa3c216fa020850342fd338659c51de94433ac694616	28.800	132	0.437	0.763
8d4e94e283d56179c1b3277d9a42ce4987e0b332e1791c915b1ad342fa1a4e39	2333c6c1e06ae6dc178f20aae05077e1bfc92dd2c5027190862daad87bb83026	53.900	467	0.862	0.974
8d4e94e283d56179c1b3277d9a42ce4987e0b332e1791c915b1ad342fa1a4e39	c362d4ae346282083ead5215d6e3cc3bb912f4b92ffcd25f86ad348ebdd1b9bc	52.300	480	0.886	0.989
8d4e94e283d56179c1b3277d9a42ce4987e0b332e1791c915b1ad342fa1a4e39	1fcc046594bf4a68f97bb453c7b7b9c1e5d95815333b4bb5f91b43e3abfc360e	50.100	466	0.860	0.955
8d4e94e283d56179c1b3277d9a42ce4987e0b332e1791c915b1ad342fa1a4e39	f9c9a21363299b52096f0faf0a40ce2fea356cf3831e3f298f7a079114a42471	48.700	466	0.860	0.945
8d4e94e283d56179c1b3277d9a42ce4987e0b332e1791c915b1ad342fa1a4e39	4fbf9570311e1c78163678b28fb38c6c0f105342ea618b46456c133bbf8a6e9d	49.400	471	0.860	0.961
8d4e94e283d56179c1b3277d9a42ce4987e0b332e1791c915b1ad342fa1a4e39	fa2d14096d545f0195934f73834635cf51d3fdc7f94a9755ba6459093281e5ea	49.200	471	0.860	0.963
8d4e94e283d56179c1b3277d9a42ce4987e0b332e1791c915b1ad342fa1a4e39	b3219f7ebf247305866fb17f43b597f15a44283903519475a42253fb4308708d	44.100	489	0.895	0.980
8d4e94e283d56179c1b3277d9a42ce4987e0b332e1791c915b1ad342fa1a4e39	76a08db83abaa814862e50ba9568f3377588d2847064b0712ac868d8eb4bff48	42.400	471	0.869	0.991
8d4e94e283d56179c1b3277d9a42ce4987e0b332e1791c915b1ad342fa1a4e39	1f3c2b64b2d0a7539a32128b487c54492490376433aed141f62876951a0585ff	43.800	459	0.847	0.959
8d4e94e283d56179c1b3277d9a42ce4987e0b332e1791c915b1ad342fa1a4e39	e512c006227b1c1ff78de91062c27c3e907ed3913e6b35431b5203775dd79e58	43.800	459	0.847	0.959
8d4e94e283d56179c1b3277d9a42ce4987e0b332e1791c915b1ad342fa1a4e39	2e0f8c6f88c6b7932cbd9a5158efe5568154722da7254808c7bd52f642da81b5	43.800	459	0.847	0.957
8d4e94e283d56179c1b3277d9a42ce4987e0b332e1791c915b1ad342fa1a4e39	896feb4d72a73269f00819b4341d49da725bb08565ebeb236960637c8ad0fb81	42.000	469	0.865	0.977
8d4e94e283d56179c1b3277d9a42ce4987e0b332e1791c915b1ad342fa1a4e39	99fdce4b72f602a6c7f7c26d0a33ee4499ce0530f445d6ac14cdf8ee615cf4a2	42.700	449	0.828	0.919
8d4e94e283d56179c1b3277d9a42ce4987e0b332e1791c915b1ad342fa1a4e39	3298f50e0e4c41221dfe7f57933570603c93c507bcfdaf75d1b0abfe2a7837f3	42.100	469	0.865	0.975
8d4e94e283d56179c1b3277d9a42ce4987e0b332e1791c915b1ad342fa1a4e39	ae929180cf49533acc519815f830b572f72ca4d5bf6129c133baaa9e4bfb85f7	41.400	469	0.865	0.973
8d4e94e283d56179c1b3277d9a42ce4987e0b332e1791c915b1ad342fa1a4e39	05177e1d904b0b05cadc03d583d8d2877b404598b448ec15d56e6bb2f840a924	41.400	469	0.865	0.973
8d4e94e283d56179c1b3277d9a42ce4987e0b332e1791c915b1ad342fa1a4e39	a83fcdcb6b24b1da0d4989dbcb0fb3ae523e41121df5ff14ca77a589e62ee183	41.400	469	0.865	0.968
8d4e94e283d56179c1b3277d9a42ce4987e0b332e1791c915b1ad342fa1a4e39	539d33b7a2c8c21849c7509a34844b01e5f6c6939852574f54ab214b51480042	41.200	450	0.830	0.936
8d4e94e283d56179c1b3277d9a42ce4987e0b332e1791c915b1ad342fa1a4e39	ebf0331d5bacaa9983ad3fd153855cd02b6fe4ed0134f0568b2f3a129b4aea3e	41.800	469	0.865	0.975
8d4e94e283d56179c1b3277d9a42ce4987e0b332e1791c915b1ad342fa1a4e39	a77abcffbe0b12a4201654f08ec1d7a4177bed2eb8563f76bd57f1dd003ff645	41.900	469	0.865	0.973
8438d99270ad8b240c75df753bf3effe8d9e5a621b2628b50bb06bba67ad1c47	5434dc70845f04fffe688f64ab5b3b72b06b0f444f358492f764eb147b9d55d0	28.200	182	0.471	0.390
8438d99270ad8b240c75df753bf3effe8d9e5a621b2628b50bb06bba67ad1c47	f572d299d84d6d26c0c2a11d25b3b40214ab2e84eab2d1e3d0866b41c4b0b429	28.200	182	0.471	0.390
8438d99270ad8b240c75df753bf3effe8d9e5a621b2628b50bb06bba67ad1c47	0f4d3d049c61cab84739a1d2f4d0616a6e8aa48d7be9e9dc39684247ace1daac	28.200	182	0.471	0.383
8438d99270ad8b240c75df753bf3effe8d9e5a621b2628b50bb06bba67ad1c47	49f8e6bf6c72c1d921e7d067b46491e64ba7bac00ec95d43c74360b316be7a2c	28.000	88	0.228	0.176
8438d99270ad8b240c75df753bf3effe8d9e5a621b2628b50bb06bba67ad1c47	12480404ea0602ccfe9564a91030ed541450a74607fa2876f3336a59f9c44e49	28.000	88	0.228	0.176
27015adbfee76024dda17db7a1a3a4dd230f35e340dbd420903d7dd31a05224b	27015adbfee76024dda17db7a1a3a4dd230f35e340dbd420903d7dd31a05224b	100.000	398	1.000	1.000
27015adbfee76024dda17db7a1a3a4dd230f35e340dbd420903d7dd31a05224b	425c02ab97ef100a5c115a9eb3c0cf78790e88c641fc6e1ba7bc6a5264275421	100.000	397	0.997	1.000
27015adbfee76024dda17db7a1a3a4dd230f35e340dbd420903d7dd31a05224b	6c387a417aa227996d7b068b73b8f16df8197468fa4e124242c89a1dd951d3b7	100.000	397	0.997	0.997
27015adbfee76024dda17db7a1a3a4dd230f35e340dbd420903d7dd31a05224b	2da0ee3161490c78d50d95d888c6c0ca10a569733a61dc2238bf0eee309ae958	100.000	397	0.997	0.993
27015adbfee76024dda17db7a1a3a4dd230f35e340dbd420903d7dd31a05224b	e3d616281558384cdcb3d75e5ee0a0b0db56b5a8ec07f3196aab50fb28709dd0	37.300	376	0.925	0.917
27015adbfee76024dda17db7a1a3a4dd230f35e340dbd420903d7dd31a05224b	ffe1209d495ac6b7318ddd7816209e2ab143ca6524bcb4c76c3a6ef973207ea9	40.100	391	0.982	0.984
27015adbfee76024dda17db7a1a3a4dd230f35e340dbd420903d7dd31a05224b	f497feb3bee65503730c33a3294ccc04b08b3d91c5349eebb2fa2aa70f48a0e5	39.500	391	0.982	0.984
27015adbfee76024dda17db7a1a3a4dd230f35e340dbd420903d7dd31a05224b	14cad4c6aae9a14ae6d51ded67e6e874b28609c708135a051e8caa399e27211d	36.800	373	0.925	0.921
27015adbfee76024dda17db7a1a3a4dd230f35e340dbd420903d7dd31a05224b	df6036e47a7614f6471d85777994323f085dbcbf50b14c3aac04d65d08585f33	39.000	391	0.982	0.984
27015adbfee76024dda17db7a1a3a4dd230f35e340dbd420903d7dd31a05224b	c2a031da945c6ea102a7d9f729375266d963ad474a63a47a0fca0f4c3f8ab747	36.000	368	0.925	0.920
27015adbfee76024dda17db7a1a3a4dd230f35e340dbd420903d7dd31a05224b	3698e2b4f509fd4f62cd03c19757a1daa8ae17b00a1a252aad7454cb6d291ac9	32.900	397	0.997	0.992
27015adbfee76024dda17db7a1a3a4dd230f35e340dbd420903d7dd31a05224b	19693c87dbce4850d42e72e90c75bdc7991a77d0619a7ae2eca4bc64ef60c3bc	32.900	390	0.980	0.981
27015adbfee76024dda17db7a1a3a4dd230f35e340dbd420903d7dd31a05224b	42d10c08b69d4b007644ecd524c2befab054aacb9a2e7d924f3b427b489499a7	32.100	397	0.997	0.995
aab2ffab841eb164d099931b16bd9d6f448eb5c983b8df4ca7bdf6f024585308	033bf49b6a7f4a3b85a3db05f9da83deb50d8d7df0adb5ae73b1a531d3c3d977	84.600	731	0.953	0.999
aab2ffab841eb164d099931b16bd9d6f448eb5c983b8df4ca7bdf6f024585308	71c2740e74b7f22352a7d6fc11aefa716498444c067829081a8f772fb45d50ac	84.600	730	0.952	0.999
aab2ffab841eb164d099931b16bd9d6f448eb5c983b8df4ca7bdf6f024585308	4882c79944ed08a77698bca7301266297cd631278a7495f234ba07870205a914	84.500	730	0.952	0.999
aab2ffab841eb164d099931b16bd9d6f448eb5c983b8df4ca7bdf6f024585308	4380bd0701828a9a1c954859e49266283f0adf82f19e1d1947c1cb736aa7dff8	84.600	729	0.950	1.000
aab2ffab841eb164d099931b16bd9d6f448eb5c983b8df4ca7bdf6f024585308	a5ccd642452686563360a47e9f7984ec245713811f92b43301ae8fdc4407ae6d	84.100	730	0.952	0.995
aab2ffab841eb164d099931b16bd9d6f448eb5c983b8df4ca7bdf6f024585308	e586759df1de563379fe94f4ccd1be9fa651e987da2df846805d43011b450b57	84.200	728	0.949	0.997
aab2ffab841eb164d099931b16bd9d6f448eb5c983b8df4ca7bdf6f024585308	30904469a6e44dc44c94bb54a9d632d713ac40f5f5e5af189f617dafd39cf8ee	84.200	728	0.949	0.997
aab2ffab841eb164d099931b16bd9d6f448eb5c983b8df4ca7bdf6f024585308	38b2009c532832ad74d36b0471b608dddb78a76e850552531d9054898488161c	84.000	728	0.949	0.997
aab2ffab841eb164d099931b16bd9d6f448eb5c983b8df4ca7bdf6f024585308	5468710912db493e81535980ad72e9eee04b7816be7c70da7549fbc79a09a5f5	26.400	202	0.263	0.346
5ae8fa403b7a6a5166305caad46d6b2b661dd0cc41344f282175ed24eb3781f0	68815ee1ac47f135e3920e0ab6925070e03c605b85ca555fc52a8c876354cb95	100.000	169	0.359	1.000
5ae8fa403b7a6a5166305caad46d6b2b661dd0cc41344f282175ed24eb3781f0	094989876d910a95d89d30af8dfd09b5c43ffd7c48ff1347580aa6baa7228a65	100.000	168	0.357	1.000
5ae8fa403b7a6a5166305caad46d6b2b661dd0cc41344f282175ed24eb3781f0	673cfc0564fdd7527db27b7aecf6d8c3f44ca2fdeb78349d4182f50b66f18dcf	100.000	167	0.355	1.000
5ae8fa403b7a6a5166305caad46d6b2b661dd0cc41344f282175ed24eb3781f0	a8612434fd06c47a1118ad26d9c186537349de72070bb030cf0aacbb4acfde86	100.000	166	0.352	1.000
5ae8fa403b7a6a5166305caad46d6b2b661dd0cc41344f282175ed24eb3781f0	5e387ad71fce08b5c952ffb29b48e4ba78be867070307001479762822742e7ae	100.000	166	0.352	1.000
5ae8fa403b7a6a5166305caad46d6b2b661dd0cc41344f282175ed24eb3781f0	403bc22a4bac297dd6dce68a8058dc59e85e240f68e408cde6f272a1c191614a	100.000	165	0.350	1.000
5ae8fa403b7a6a5166305caad46d6b2b661dd0cc41344f282175ed24eb3781f0	e0dfcc36c18d657afd338d85dee4e450e2a7838f3d6c4f7f9930ec638b21f30f	99.300	165	0.350	1.000
5ae8fa403b7a6a5166305caad46d6b2b661dd0cc41344f282175ed24eb3781f0	e59ddea590595f787d4b784150f3fe4433da01c00896f9365180bb3bd12f1af7	98.200	167	0.355	1.000
5ae8fa403b7a6a5166305caad46d6b2b661dd0cc41344f282175ed24eb3781f0	146c2e21adb9fa6d321c8ef4c9f2de2b6d48363b40f028d955993f8599d0e38f	98.100	166	0.352	1.000
5ae8fa403b7a6a5166305caad46d6b2b661dd0cc41344f282175ed24eb3781f0	0fcc3f3ebb89bd2bf99770c6fe71041434c1fce290cb5ebf1d018308fe4579d1	98.100	165	0.350	1.000
5ae8fa403b7a6a5166305caad46d6b2b661dd0cc41344f282175ed24eb3781f0	9edab7e8f1d12f8ddca0641f2296fc8d59d6e03a409e7ac6711105cae682030d	98.100	165	0.350	1.000
5ae8fa403b7a6a5166305caad46d6b2b661dd0cc41344f282175ed24eb3781f0	92034980653530c531ad9b7a649184d9a3044c2a77248000a25ed4bf97aaede4	96.900	165	0.350	1.000
5ae8fa403b7a6a5166305caad46d6b2b661dd0cc41344f282175ed24eb3781f0	03eed57001394f0c3cba3566175eac274cc74c4755543293dff9fbd3987917f0	97.500	165	0.350	1.000
5ae8fa403b7a6a5166305caad46d6b2b661dd0cc41344f282175ed24eb3781f0	1cd7ed899724d76daf2d0e8fbfe5ed284ea7a074faf28ffe46d998850bc26794	96.300	165	0.350	1.000
5ae8fa403b7a6a5166305caad46d6b2b661dd0cc41344f282175ed24eb3781f0	ce518d9b65f90743de5ee57a2672063308be8323592a33219e62a2cef2cf9e38	94.500	165	0.350	1.000
5ae8fa403b7a6a5166305caad46d6b2b661dd0cc41344f282175ed24eb3781f0	3a514f0af67766186bd1281fba05b6e8e5ca43c86831fa9adad6991fe0e04efb	90.800	164	0.348	1.000
5ae8fa403b7a6a5166305caad46d6b2b661dd0cc41344f282175ed24eb3781f0	ed594fc68e9bd36c4745a03671378a0aa308859311e10a60acda69bcb7748bc3	92.700	165	0.350	1.000
5ae8fa403b7a6a5166305caad46d6b2b661dd0cc41344f282175ed24eb3781f0	99b99a34c1b13118525fb1d36cc5d37d1af8bd1376c8b0c5819f727477672b96	61.200	160	0.340	0.982
5ae8fa403b7a6a5166305caad46d6b2b661dd0cc41344f282175ed24eb3781f0	b1ce044a9d83bf74a6665d8411d799dbd8445153816185a2bbd54a19eec650b4	61.200	160	0.340	0.970
5ae8fa403b7a6a5166305caad46d6b2b661dd0cc41344f282175ed24eb3781f0	e4858d55b4c4caaed1e402fbc650587ffd80ba1ce084771be09a12c7eb079771	61.500	156	0.331	0.987
12207d1bd2e6475f8b03dccee9db55991acdaef78b01ddfb20ec3b034b323d3b	9042a9aaf3433c05a6a0474214c092e3de687a5a9adfb6ab21bf693fd107e385	96.100	673	0.980	1.000
9d7c09e39a68cce1de0ca98909ddcf23cd3c3d699234d5b7b01317a13a663af3	7a4396adb7358d3838e59703d94d5b9f26efdde3a4425fdc8e1b6be85eb09079	100.000	446	0.925	1.000
9d7c09e39a68cce1de0ca98909ddcf23cd3c3d699234d5b7b01317a13a663af3	5decd8b7fd235eaadc1e8dee89e5a720dd2067bcbaf7028fffd04a3a6b14af22	99.300	446	0.925	1.000
9d7c09e39a68cce1de0ca98909ddcf23cd3c3d699234d5b7b01317a13a663af3	e452cb8235193dfdeb7cf617d3e9aa7123936f8dabb7b11b78f0e063c6c4d4c2	97.500	448	0.929	1.000
9d7c09e39a68cce1de0ca98909ddcf23cd3c3d699234d5b7b01317a13a663af3	cdd648c2125340e693519da6b043eb7f6033ec6cd246b000d92df7494d1cbbce	40.500	436	0.905	0.979
9f8a1b2e5f29e0bef5258f7deeeb95eae7f35823fb04b0fb5dd6711de1ff0872	9f8a1b2e5f29e0bef5258f7deeeb95eae7f35823fb04b0fb5dd6711de1ff0872	100.000	99	1.000	1.000
9f8a1b2e5f29e0bef5258f7deeeb95eae7f35823fb04b0fb5dd6711de1ff0872	cad1d42bdfabc5e53b535a0af3cc193abf2e4a7553d23407b389a523342156f6	98.900	99	1.000	1.000
9f8a1b2e5f29e0bef5258f7deeeb95eae7f35823fb04b0fb5dd6711de1ff0872	eaee3cf9f26371917319d6b887152a6b15914f8e4d35c441c51230e547810f97	98.900	99	1.000	1.000
9f8a1b2e5f29e0bef5258f7deeeb95eae7f35823fb04b0fb5dd6711de1ff0872	9dcc6bd5f9182115c178e3f20e2ced41bf315855a25a7adff9ce5f4cdbf9c1f6	98.900	99	1.000	1.000
9f8a1b2e5f29e0bef5258f7deeeb95eae7f35823fb04b0fb5dd6711de1ff0872	331b57bb249df53ea11e7500eeaa74bac1148773e2193d562720a2ed9f8ee707	98.900	99	1.000	1.000
9f8a1b2e5f29e0bef5258f7deeeb95eae7f35823fb04b0fb5dd6711de1ff0872	c92c7ce49c772a65fdcc34c5101d25c3880af1e427d2735d3b955de87dea258a	98.900	99	1.000	1.000
9f8a1b2e5f29e0bef5258f7deeeb95eae7f35823fb04b0fb5dd6711de1ff0872	abfe19aef7881d94a98ea1d500f4a8b7625ce87ec31ef9bd9634a5e6c5050dc2	98.900	99	1.000	1.000
9f8a1b2e5f29e0bef5258f7deeeb95eae7f35823fb04b0fb5dd6711de1ff0872	645e20dfbc4eb5ce3a79244588c8e53c430de3112f2da42fd27e0eaf8623e761	98.900	99	1.000	1.000
9f8a1b2e5f29e0bef5258f7deeeb95eae7f35823fb04b0fb5dd6711de1ff0872	4413798fdd68b40e909948d0af2412d88fa4ba2a8dd40e1ee685a33a348080e8	95.900	99	1.000	1.000
9f8a1b2e5f29e0bef5258f7deeeb95eae7f35823fb04b0fb5dd6711de1ff0872	41e3cda64c349fb7d05454257e8ca50eb953160416f3d0ac32c249f5b1a47637	95.900	99	1.000	1.000
9f8a1b2e5f29e0bef5258f7deeeb95eae7f35823fb04b0fb5dd6711de1ff0872	db7645e814010ebcd4c1bf2dedd8ae6f493fbb6138befc4a04b513a2939bf822	94.900	99	1.000	1.000
9f8a1b2e5f29e0bef5258f7deeeb95eae7f35823fb04b0fb5dd6711de1ff0872	d16b02a09c76b2c3c2c1a350828397794b4faa0bd6dc2b325159168683b0233f	94.900	99	1.000	1.000
9f8a1b2e5f29e0bef5258f7deeeb95eae7f35823fb04b0fb5dd6711de1ff0872	7933b1f14c15eaf02d7380194e89894e342895cbb65aa13d9f7f9172072c23f6	94.900	99	1.000	1.000
9f8a1b2e5f29e0bef5258f7deeeb95eae7f35823fb04b0fb5dd6711de1ff0872	d3baf1643874f6784af8d755892958743c05131181fe947521c0d9625de5ba08	94.900	99	1.000	1.000
9f8a1b2e5f29e0bef5258f7deeeb95eae7f35823fb04b0fb5dd6711de1ff0872	6186a870dd594f6239cb3cd595638f929771f9b56844b62d616df42426eb9617	94.900	99	1.000	1.000
9f8a1b2e5f29e0bef5258f7deeeb95eae7f35823fb04b0fb5dd6711de1ff0872	a2670e4db15636c7202f6a5f2f39c3edf2db6fdd19ee18787265f564073917dd	93.900	99	1.000	1.000
9f8a1b2e5f29e0bef5258f7deeeb95eae7f35823fb04b0fb5dd6711de1ff0872	d4bafa6690b2f77533a7ccad6b1331804b854d786946be9569e5e1f10ea04723	93.900	99	1.000	1.000
9f8a1b2e5f29e0bef5258f7deeeb95eae7f35823fb04b0fb5dd6711de1ff0872	2127de0e4f430e1dfc4b12469945237a7274e2b21f239b0e2896d56cd5f462c7	93.900	99	1.000	1.000
9f8a1b2e5f29e0bef5258f7deeeb95eae7f35823fb04b0fb5dd6711de1ff0872	30c11c69b8d4715ee716ec1571eaf1ac7bd702fd1aecf5bca1b26e861968d1af	92.900	99	1.000	1.000
9f8a1b2e5f29e0bef5258f7deeeb95eae7f35823fb04b0fb5dd6711de1ff0872	594b2b9bd41148202bb0929aa9396af0713a9e5c763f6b4a9ef1936929511daa	93.900	99	1.000	1.000
f3eb68f3c14164b8390c581baf758bf98ba6b13f16f9abebc9c66072f8963e08	9f234c787c305514e9aa6ec6159dd4b2965da3002624df090de2862207d35b04	100.000	284	0.990	1.000
f3eb68f3c14164b8390c581baf758bf98ba6b13f16f9abebc9c66072f8963e08	29ae6aa535bd98a5b9843698a56770dc02164447f2da0ae284c6448f542b3ba4	100.000	283	0.986	1.000
f3eb68f3c14164b8390c581baf758bf98ba6b13f16f9abebc9c66072f8963e08	fad100290cef443872f33b6945278750081e81cd87850ce705540ab4e68ce230	100.000	283	0.986	1.000
f3eb68f3c14164b8390c581baf758bf98ba6b13f16f9abebc9c66072f8963e08	916eddaa82c48b9158e557174dbb5034115f232397167d8e634a12e5d20b5bee	98.900	282	0.983	1.000
f3eb68f3c14164b8390c581baf758bf98ba6b13f16f9abebc9c66072f8963e08	edcd486c92ed7fdb3f3389f80af8502ae20523aaf10199601a35aaf1063bd338	98.500	282	0.983	1.000
f3eb68f3c14164b8390c581baf758bf98ba6b13f16f9abebc9c66072f8963e08	97a0d00e16a52a3558696849d0d8f41be20412262f112009e1feb7f5078444b0	33.800	244	0.840	0.862
f3eb68f3c14164b8390c581baf758bf98ba6b13f16f9abebc9c66072f8963e08	c6a669991b5a2a1b788ddcb985e1ed92f47dc3af6fedccbbffbb9b584a2bc5ed	31.400	248	0.836	0.876
f3eb68f3c14164b8390c581baf758bf98ba6b13f16f9abebc9c66072f8963e08	e4ad4d3e4d52036dab081fe27b36eeede5303cfd8aafdc8997004ad0bb17daf2	31.400	248	0.836	0.867
f3eb68f3c14164b8390c581baf758bf98ba6b13f16f9abebc9c66072f8963e08	29bbf959422c175db3aab890162c0c9bf31db40cdadbddfa457dda9311c7aabd	31.400	248	0.836	0.864
f3eb68f3c14164b8390c581baf758bf98ba6b13f16f9abebc9c66072f8963e08	739a85f0431f7e845f16a19cf4281856d745282e7e13394dd07476d9aeb80497	31.400	248	0.836	0.861
f3eb68f3c14164b8390c581baf758bf98ba6b13f16f9abebc9c66072f8963e08	9a948f106a18fa667b644eb65006a99e85d368fd27f0adc27c1cc330b147f871	30.300	240	0.836	0.884
f3eb68f3c14164b8390c581baf758bf98ba6b13f16f9abebc9c66072f8963e08	9c5d8d29416f6717c33d62b0288c1a024ab009b08169ce5e8377397c65fab3d8	30.300	240	0.836	0.884
f3eb68f3c14164b8390c581baf758bf98ba6b13f16f9abebc9c66072f8963e08	365fc05d32caf9bba51d3d89a9bf8809dd9bf4bb95d1c19b27bd8c658ecd0424	30.300	240	0.836	0.875
f3eb68f3c14164b8390c581baf758bf98ba6b13f16f9abebc9c66072f8963e08	1ac8136df5842ee18c00696995a0116ad00e23a03f22feba6b678b33965c27be	30.300	240	0.836	0.862
f3eb68f3c14164b8390c581baf758bf98ba6b13f16f9abebc9c66072f8963e08	fadf245bf4624ee725a35d4e8726f5bd87be0809d72075743df8bb088a56ad5d	30.700	178	0.606	0.616
f3eb68f3c14164b8390c581baf758bf98ba6b13f16f9abebc9c66072f8963e08	65a4b4234091316a6e194ec217289225482d531f1e12665168b7439c42d7aebb	30.700	178	0.606	0.612
f3eb68f3c14164b8390c581baf758bf98ba6b13f16f9abebc9c66072f8963e08	86736c2d8a609340da34f41238a30db2ab0c3c37f825c992a908e3b5800db433	35.600	85	0.296	0.204
f3eb68f3c14164b8390c581baf758bf98ba6b13f16f9abebc9c66072f8963e08	4d2c5844108a560fc9e638ee603cb689ed5cfc644dc439e9c94364be8bd34f87	35.600	85	0.296	0.215
f3eb68f3c14164b8390c581baf758bf98ba6b13f16f9abebc9c66072f8963e08	0994bf258bf5ba1b602091c539df88e542168fa3371628c2532d2ec8b9f06608	36.700	85	0.296	0.202
f3eb68f3c14164b8390c581baf758bf98ba6b13f16f9abebc9c66072f8963e08	90bf2b1b273ae3ac16b874b6c81b8f5bf2526505f45986b477c316762d157a50	35.100	89	0.296	0.214
1f7566f00873e8f5e5f155ac3e9205552a30b1cd042a77cfff0fbf7f4fed31e0	ab4718e1006289f8279df904d1b934acac640dfef2a1b5d6af8079bc7fcda6ff	29.600	252	0.752	0.906
1f7566f00873e8f5e5f155ac3e9205552a30b1cd042a77cfff0fbf7f4fed31e0	e0680f69f6461f485c29ea09d8d1c33387406c097e3c4fcafd70906ede7fe9d9	29.600	252	0.752	0.903
1f7566f00873e8f5e5f155ac3e9205552a30b1cd042a77cfff0fbf7f4fed31e0	ebf1509b680c642ccbd7c493bcbc0d006405155d8d478619dd6dc78a742bfa2d	27.500	223	0.678	0.780
1f7566f00873e8f5e5f155ac3e9205552a30b1cd042a77cfff0fbf7f4fed31e0	369fdd2984911dad19d0e550c6f5cc21e4ebfe00df60ec8f052286974dfebc67	27.000	228	0.690	0.820
1f7566f00873e8f5e5f155ac3e9205552a30b1cd042a77cfff0fbf7f4fed31e0	45e448f2e3bdd2bb6b8a8913c1388394698f8c6e97ad58a6a2c85b27a7e21c72	27.000	228	0.690	0.814
1f7566f00873e8f5e5f155ac3e9205552a30b1cd042a77cfff0fbf7f4fed31e0	ed2b244b19776aa3d245d9305d40110b86697f8eafc033f803eba3ca15fccff1	27.000	228	0.690	0.811
1f7566f00873e8f5e5f155ac3e9205552a30b1cd042a77cfff0fbf7f4fed31e0	1ab5f253fc48c4f6e359a7fdeefd3bacbee432ecbfa41a9a7da16df709dc95fb	27.000	228	0.690	0.809
1f7566f00873e8f5e5f155ac3e9205552a30b1cd042a77cfff0fbf7f4fed31e0	c4b63aa3c6fce41e2e31561e4f0ee4c84b28ccad5f993aa3bb6cc62757098251	27.000	228	0.690	0.809
1f7566f00873e8f5e5f155ac3e9205552a30b1cd042a77cfff0fbf7f4fed31e0	86da49d0901af73534b72d87ff086ade60c1c0d04dcb41b1070b1d68d1bfe7a5	27.000	228	0.690	0.803
1f7566f00873e8f5e5f155ac3e9205552a30b1cd042a77cfff0fbf7f4fed31e0	f2bdc2d5e877080cf29431586f9aceadc646d19997b80a1875f4b3c0ec143552	27.000	228	0.690	0.800
1f7566f00873e8f5e5f155ac3e9205552a30b1cd042a77cfff0fbf7f4fed31e0	81cdceae59d6cc799eeb363cc4f39108f29d92da5cbb1685dd7e1b924c8fbc7d	27.000	228	0.690	0.797
1f7566f00873e8f5e5f155ac3e9205552a30b1cd042a77cfff0fbf7f4fed31e0	4ccf08fc473e4d76d8f8a176f642f7820bbf326b64668a62c4f57ff2936ac230	27.000	228	0.690	0.797
1f7566f00873e8f5e5f155ac3e9205552a30b1cd042a77cfff0fbf7f4fed31e0	298b50c6562947744452deaf16b08ddea58659428ebf21b12b90f281aad702fe	27.000	228	0.690	0.786
1f7566f00873e8f5e5f155ac3e9205552a30b1cd042a77cfff0fbf7f4fed31e0	bb4397dfba7b093579b6633aa1cbaf4301d255beb21cfee9fe503793f9330e40	27.000	228	0.690	0.778
1f7566f00873e8f5e5f155ac3e9205552a30b1cd042a77cfff0fbf7f4fed31e0	5840a975f6cdb47c1134f8f175180158a50e35daadf0f45d472a8a10a7611ba1	26.300	215	0.650	0.773
f42c1fcb44fcce2f288654b07a59697065533a9b3104263acc67947043f294a1	86e058b47350b6595d321512d507375e545bff1846b283e46e97d404feaef809	34.600	253	0.897	0.969
f42c1fcb44fcce2f288654b07a59697065533a9b3104263acc67947043f294a1	3e6631cbb03c9917620c8a60f62b3cd3a481bcb01fdd484e767f135f470f7156	33.900	257	0.911	0.977
f42c1fcb44fcce2f288654b07a59697065533a9b3104263acc67947043f294a1	78acf5df1ddc04f0ff64597cd3140273365c21ab9a29a9b67cfcb621f02a94cf	33.500	257	0.911	0.977
f42c1fcb44fcce2f288654b07a59697065533a9b3104263acc67947043f294a1	bc402696d58737b8845f46e77ef3afdf5e6e47c6ae6f295ad8ae4aaf0d61cd9a	32.700	225	0.794	0.849
f42c1fcb44fcce2f288654b07a59697065533a9b3104263acc67947043f294a1	d6381502520eba42860378fbdc9bc7838cf7b5b3dfe6320164e14cfb8774517d	32.300	225	0.794	0.849
bca9eaef726f5393b8e50ea8005598be4c3da3e8ee6680d1eb02dd23213c7599	a2860071227de1e1351b5f56c082ff4964a22413b1d688bd2884b8004393b342	43.400	947	0.828	0.929
bca9eaef726f5393b8e50ea8005598be4c3da3e8ee6680d1eb02dd23213c7599	ac00cd87115cce7f4da4bac5d99502d2216c1d24f8375c3cbec60132d626343d	43.400	947	0.828	0.928
bca9eaef726f5393b8e50ea8005598be4c3da3e8ee6680d1eb02dd23213c7599	dda8f691572a041e411b846ae6081fecfb58860b3b2be716e7a54c31f1082441	43.400	947	0.828	0.927
bca9eaef726f5393b8e50ea8005598be4c3da3e8ee6680d1eb02dd23213c7599	5126f652c37bf5b3a144065c4f94e6eaad372c2191eff7caae208f84ea2c8dd9	43.200	947	0.828	0.928
bca9eaef726f5393b8e50ea8005598be4c3da3e8ee6680d1eb02dd23213c7599	af3f3d0540e6a90a4fac2ae021e125ccd1f8b5f18edee578b1c1ce7a5a27d263	43.200	947	0.828	0.927
584c61f46353d34bffa2c3d38ff68db1d48a7d0279b26844b880552ae6415e38	9732a640e6a7ed72d1ad94dd3777769a7718c907258389f72d95d5b092313916	86.400	496	0.971	1.000
584c61f46353d34bffa2c3d38ff68db1d48a7d0279b26844b880552ae6415e38	298e3495919f1dabece1da471d29885d1ea2d32e1167e66b799475047a909de9	23.500	433	0.847	0.592
1adb9c2b95dba31a6d47b001d69e7c307f27d0dac3cc8fabb27e7ec17f56e0ba	a10af545731aee41d4bcf24b8a385056481ed5f48afadf48c95f31b830d30fe7	36.500	439	0.919	0.934
1adb9c2b95dba31a6d47b001d69e7c307f27d0dac3cc8fabb27e7ec17f56e0ba	4e519d3fbfef51095840d598d9b938d3f6c4a3f50f14182eec2187a019ae9bd5	35.700	429	0.911	0.961
1adb9c2b95dba31a6d47b001d69e7c307f27d0dac3cc8fabb27e7ec17f56e0ba	a4af8deabb288456522493f8d1d750f99547b4fd121da704f6916c412503f9ff	35.600	429	0.911	0.963
1adb9c2b95dba31a6d47b001d69e7c307f27d0dac3cc8fabb27e7ec17f56e0ba	6fb73505dc55560937e1028dbbc68be8ddb0dfeba4206e89c802775b32d36f74	35.600	429	0.911	0.961
1adb9c2b95dba31a6d47b001d69e7c307f27d0dac3cc8fabb27e7ec17f56e0ba	f88a8e0f717b2e2e7023d9b432165b6fbadda952c11b83b8be7c249fcf192e95	36.300	433	0.915	0.480
1adb9c2b95dba31a6d47b001d69e7c307f27d0dac3cc8fabb27e7ec17f56e0ba	dc7f978dc54033ef2547bdf350f467c23ba945eb5b6a170e50d83254ffd609ec	37.500	427	0.907	0.485
1adb9c2b95dba31a6d47b001d69e7c307f27d0dac3cc8fabb27e7ec17f56e0ba	6da11e4e77ef02bde75d3103d437b521cf4b0df18aede5270957d31de9f1c97d	37.700	427	0.907	0.483
1adb9c2b95dba31a6d47b001d69e7c307f27d0dac3cc8fabb27e7ec17f56e0ba	3149788bced81e51d4f795edeef3188f366469ad7499a5f9c8246090c9a7cd2f	36.200	431	0.915	0.477
1adb9c2b95dba31a6d47b001d69e7c307f27d0dac3cc8fabb27e7ec17f56e0ba	18402de4650300d28021a30d813c35569aa1076710dada0af921be2b45e9498f	35.800	433	0.915	0.482
1adb9c2b95dba31a6d47b001d69e7c307f27d0dac3cc8fabb27e7ec17f56e0ba	240b8ac7f8640fb4a2723b61efe443b5c226afa0a42c643f11d3a9f107583aea	35.800	433	0.915	0.482
1adb9c2b95dba31a6d47b001d69e7c307f27d0dac3cc8fabb27e7ec17f56e0ba	6a6aaacbca6ce515f58f31e876793f51d610db0003f6bf48989f360f1f717da7	35.600	433	0.915	0.482
1adb9c2b95dba31a6d47b001d69e7c307f27d0dac3cc8fabb27e7ec17f56e0ba	9f2fc270cd9879d512cabe8b2545582f6fdf5ea744871d46843066562f5f0f8a	35.600	433	0.915	0.482
1adb9c2b95dba31a6d47b001d69e7c307f27d0dac3cc8fabb27e7ec17f56e0ba	b93e2f4a11073300af7e14d69f2aabdeec3c47f3e929fc59b15d46eefba9955a	35.600	433	0.915	0.480
1adb9c2b95dba31a6d47b001d69e7c307f27d0dac3cc8fabb27e7ec17f56e0ba	953524efae530db7700e1787ea0656f5a442f63892c4565fa318aec314bdfb1d	34.000	430	0.913	0.953
1adb9c2b95dba31a6d47b001d69e7c307f27d0dac3cc8fabb27e7ec17f56e0ba	ac9f6af63d5ca2d6b7d718e77146c21780da89a2f20ed00b55c027e282342992	34.000	434	0.913	0.973
1adb9c2b95dba31a6d47b001d69e7c307f27d0dac3cc8fabb27e7ec17f56e0ba	17a78763ebdb5885313200aae4ca13d05d78d9504d5b8b60f26f0f3654c014de	34.000	434	0.913	0.969
1adb9c2b95dba31a6d47b001d69e7c307f27d0dac3cc8fabb27e7ec17f56e0ba	247d8f0687766e5f5590c0c9e4cc23423512230a2a3d44829740e8842448e579	34.600	430	0.913	0.955
1adb9c2b95dba31a6d47b001d69e7c307f27d0dac3cc8fabb27e7ec17f56e0ba	ade172a985279f04592997ab8b0f40f7b28337502d729db1dbc7a61eff0692c3	36.500	428	0.909	0.959
67ced0ee45a5604018657739b01b5cc9768f680f2dd9cde0fd1b2564d2c7a677	f67440d144eccf45ba283ad06b97d82d895bc1791d687baf2e8228463e340c3d	26.100	265	0.507	0.755
67ced0ee45a5604018657739b01b5cc9768f680f2dd9cde0fd1b2564d2c7a677	68d263d272df663782771e2727284513a09392e75322585eda09bf6ddc900f1c	28.400	237	0.491	0.804
67ced0ee45a5604018657739b01b5cc9768f680f2dd9cde0fd1b2564d2c7a677	328e638a411108e4961f36b4ea742215b2821b6befbfd1094f81bb1e6f2400d3	28.400	237	0.491	0.804
67ced0ee45a5604018657739b01b5cc9768f680f2dd9cde0fd1b2564d2c7a677	51ef49071b00d7a6a46b4542281759edc65979fecde61d1976cecf1b7788a67f	27.900	237	0.491	0.842
67ced0ee45a5604018657739b01b5cc9768f680f2dd9cde0fd1b2564d2c7a677	758d865388f9fb3767bd99e055023bdbb10a8511eaa54e1b2a2d077116f8f85e	32.500	204	0.422	0.745
67ced0ee45a5604018657739b01b5cc9768f680f2dd9cde0fd1b2564d2c7a677	3c51fd8ce37aae2bc11be90007fc5e8fea0cb798244ef1d8b10f73b3eef069f4	28.000	196	0.406	0.735
67ced0ee45a5604018657739b01b5cc9768f680f2dd9cde0fd1b2564d2c7a677	77ce10b393d7c42ee0cc93f38875a7ed73f6ed58987c97e0201b8f668e125179	32.000	204	0.422	0.738
67ced0ee45a5604018657739b01b5cc9768f680f2dd9cde0fd1b2564d2c7a677	a426859c2fdaf6ce556797ba9048d775c7853dfeea9e1be2f544a000e9a7c471	32.500	204	0.422	0.740
67ced0ee45a5604018657739b01b5cc9768f680f2dd9cde0fd1b2564d2c7a677	574136d04122b4f76ba4a35fe14358fc550b21feb1e28cbd5c6d3c75e5453140	32.000	204	0.422	0.717
67ced0ee45a5604018657739b01b5cc9768f680f2dd9cde0fd1b2564d2c7a677	ae227c5db744050b1d4e017463be97ea7221290db0bc24ddfabdec712960f7dc	32.000	204	0.422	0.712
67ced0ee45a5604018657739b01b5cc9768f680f2dd9cde0fd1b2564d2c7a677	1959ae5adb4a7d1e7ad58239d3f45f722f3332c800dc0a1aa96992cc3e58ac7b	27.500	279	0.578	0.861
67ced0ee45a5604018657739b01b5cc9768f680f2dd9cde0fd1b2564d2c7a677	491838c637e038b138dac34f5b8b71838602a60419529e159fadf49d2e3af3b5	32.300	202	0.418	0.690
67ced0ee45a5604018657739b01b5cc9768f680f2dd9cde0fd1b2564d2c7a677	b5366aedc0c5463f45d8169155354aff98174536acc94905c952ebde0c831474	32.000	204	0.422	0.740
67ced0ee45a5604018657739b01b5cc9768f680f2dd9cde0fd1b2564d2c7a677	85b8dbaf5a7b0abe6681ef70e623d182dbfff360e0f03f47f7ed66e28d132c3d	26.900	237	0.491	0.839
67ced0ee45a5604018657739b01b5cc9768f680f2dd9cde0fd1b2564d2c7a677	b5c11c0dca4639290f955618958d3b0b3ddee5d571c0bc843f46eb3ec8f9f64d	31.100	204	0.422	0.732
67ced0ee45a5604018657739b01b5cc9768f680f2dd9cde0fd1b2564d2c7a677	f8fa617d2196c2e2b556c159f13fa36392d2ec75381cdfd61630428855cd1ebc	27.600	209	0.412	0.731
67ced0ee45a5604018657739b01b5cc9768f680f2dd9cde0fd1b2564d2c7a677	4210ad916b05ae2d57914160a5eb05d99281d9eee50fb1b4b161261a25566768	29.100	204	0.393	0.701
67ced0ee45a5604018657739b01b5cc9768f680f2dd9cde0fd1b2564d2c7a677	cd91e735333f21a908e0478b67b21ad3262be7b20dd173ba170933f9ee35e17c	29.000	203	0.420	0.500
67ced0ee45a5604018657739b01b5cc9768f680f2dd9cde0fd1b2564d2c7a677	e059cd0b395629825e28e0e9782d4b5659ff334b13a60e6c08c6e7ec61b98481	27.800	147	0.304	0.655
67ced0ee45a5604018657739b01b5cc9768f680f2dd9cde0fd1b2564d2c7a677	504882b6ab04a2922ebab11cf63737368af4bb6d32d71bddd1342ee4b5177e06	27.800	203	0.420	0.499
1e46d55996a447aaf0023bcf243ed526393054601204e53a731e5977aba122d2	ba482ec1ef3f31835d5da71d0109195450b14dcc26ab9bd2cfbde19dded2b1c1	50.500	168	0.235	0.971
1e46d55996a447aaf0023bcf243ed526393054601204e53a731e5977aba122d2	2195aec3444053c8c808bc2946d835a438179ba4bdf753e6c8fb49c8e2ad4f75	28.700	139	0.195	0.951
1e46d55996a447aaf0023bcf243ed526393054601204e53a731e5977aba122d2	67f572e2fcc4ecd14d63311c1c24cb0f45b9677b33468bae2d2daf3a79bed683	28.300	139	0.195	0.972
1e46d55996a447aaf0023bcf243ed526393054601204e53a731e5977aba122d2	ebf31c74542ad28e2fa5591ea82fa0e33479b403d2e61419eafcb8fbaa0f2382	28.300	139	0.195	0.965
1e46d55996a447aaf0023bcf243ed526393054601204e53a731e5977aba122d2	c45d0f933d62c15a8bfea700ff30f7f83f234d0b97ba38b3f3c87e4677b671cc	28.300	139	0.195	0.952
54d4ad68b7f18c59288a5d0ac6b402df893d8aadb55fda3f5e03b57be254e647	53d132d2a5f6041896859c29f7a7ea3c2718d6bf08e376dadded96c2fcaff1a5	100.000	666	0.782	1.000
54d4ad68b7f18c59288a5d0ac6b402df893d8aadb55fda3f5e03b57be254e647	1d2b1a74e4d753cfc24c23399e293670dbfb8c299534594ed059c358e0dc27af	100.000	665	0.781	1.000
54d4ad68b7f18c59288a5d0ac6b402df893d8aadb55fda3f5e03b57be254e647	493006f7f1920041ad9c1b33e1c28785ec928a5756ed96d9672ab22e47a2a0f3	100.000	665	0.781	1.000
54d4ad68b7f18c59288a5d0ac6b402df893d8aadb55fda3f5e03b57be254e647	2de0f94264f5f99f7b26b5d2e70d801073c0d91818536dd5e119ce186b942864	100.000	664	0.779	1.000
54d4ad68b7f18c59288a5d0ac6b402df893d8aadb55fda3f5e03b57be254e647	be589419405415ea3cbfd491ef944f9bf190460e84f4a5e90ec5dcca5d534e99	99.400	670	0.782	1.000
54d4ad68b7f18c59288a5d0ac6b402df893d8aadb55fda3f5e03b57be254e647	053f8a76d8298b0cb94780bbbd0ce385b3f160c61816429ce4150b12374b3542	97.400	664	0.779	1.000
54d4ad68b7f18c59288a5d0ac6b402df893d8aadb55fda3f5e03b57be254e647	46adf5b97134dd753fa4d70faa07d3e6eee564be1d4be256290dfd32b4514db1	97.800	660	0.775	1.000
54d4ad68b7f18c59288a5d0ac6b402df893d8aadb55fda3f5e03b57be254e647	681c5139a22e0994a0b62a279aba5ef9d65abcd70cf0633189cca38bac844d0f	97.400	660	0.775	1.000
54d4ad68b7f18c59288a5d0ac6b402df893d8aadb55fda3f5e03b57be254e647	dd8106487d56616323ea1a824d069b7ba39dfd82886f038717c52d13450410f8	97.200	660	0.775	1.000
54d4ad68b7f18c59288a5d0ac6b402df893d8aadb55fda3f5e03b57be254e647	dfef77df21de38f5e335d353bd3327261871f293d276b351c56a140d75ba7881	96.000	660	0.775	1.000
54d4ad68b7f18c59288a5d0ac6b402df893d8aadb55fda3f5e03b57be254e647	91f4101cf96abe151bc308295a5102e2899391efe707f8feb60da47357144c62	44.800	76	0.089	0.154
54d4ad68b7f18c59288a5d0ac6b402df893d8aadb55fda3f5e03b57be254e647	f43d950f19787188da6afc6ab386ad7c583d75055a9f2d06a02951b6b7808ec7	44.800	76	0.089	0.152
54d4ad68b7f18c59288a5d0ac6b402df893d8aadb55fda3f5e03b57be254e647	c79bc7845ff2f07ea82069fe9672cbc51c6172bede8d9671224fc8770db3faef	44.800	76	0.089	0.148
54d4ad68b7f18c59288a5d0ac6b402df893d8aadb55fda3f5e03b57be254e647	d1413a332921993ad8243affa1005687f4fa912180dcc50744853b3ec9e3dbdc	44.800	76	0.089	0.148
54d4ad68b7f18c59288a5d0ac6b402df893d8aadb55fda3f5e03b57be254e647	288e001aac0505c8cff8700239abf9af1386aa692b50e771e018395bd3264181	47.200	55	0.065	0.122
54d4ad68b7f18c59288a5d0ac6b402df893d8aadb55fda3f5e03b57be254e647	955d19132cd6ee805b5444af77d0e52acb5127d8fd8dd51113c82e0fd0d02c71	48.100	54	0.063	0.113
54d4ad68b7f18c59288a5d0ac6b402df893d8aadb55fda3f5e03b57be254e647	ef24cd0560f0855df7b6ddaefac52e792a5c5f92efb73a18c8e708d41c7b1640	48.100	54	0.063	0.113
54d4ad68b7f18c59288a5d0ac6b402df893d8aadb55fda3f5e03b57be254e647	91392e5b4565fc86dfb32802847aae055294d549edd9fdfe6cb8e21a61d2efb7	47.200	55	0.065	0.122
54d4ad68b7f18c59288a5d0ac6b402df893d8aadb55fda3f5e03b57be254e647	dc971adfa6d6201ceb09a2f326a71fb23f905bebe37db463c8d9157821d98a26	47.200	55	0.065	0.122
54d4ad68b7f18c59288a5d0ac6b402df893d8aadb55fda3f5e03b57be254e647	99d6c2af9a3d73c57c1c73ced45c20c3746b19eb65ca797ee83fabf141be3ac7	47.200	55	0.065	0.122
55af49dbd176eaddc736537238e00422c66a0de2d3ff6fb967010908ca36a64d	140eb1dfb55d95f883b543272095dd4b1d81a7644383dc9ad458e4956b71a7f3	100.000	251	0.269	1.000
55af49dbd176eaddc736537238e00422c66a0de2d3ff6fb967010908ca36a64d	ea157da15be8c9c9d876b8fa24334bc616318b333e42b1a80c9fd824e18c4720	100.000	250	0.268	1.000
55af49dbd176eaddc736537238e00422c66a0de2d3ff6fb967010908ca36a64d	825e711c3e0f1d8ac1db4ed315781fb9fce7132a4cbb5a5da97f7d4eacf486d8	100.000	249	0.267	1.000
55af49dbd176eaddc736537238e00422c66a0de2d3ff6fb967010908ca36a64d	eca3495a6d5750ac00ee26f0767e71da79a025a1bb1938829692ca04a82e76f5	99.600	251	0.269	1.000
55af49dbd176eaddc736537238e00422c66a0de2d3ff6fb967010908ca36a64d	ab583771e47dee700de7a56c1ab58cb5047af8498f7c3b4514c6fa477a1cb792	99.600	250	0.268	1.000
55af49dbd176eaddc736537238e00422c66a0de2d3ff6fb967010908ca36a64d	1f58de6e06522a15528c9c7dd3394b418077f6e0a4b302f7cb7b2762bfc4b92b	99.200	251	0.269	1.000
55af49dbd176eaddc736537238e00422c66a0de2d3ff6fb967010908ca36a64d	5ce8a331d72c9a1a23ec2774b7a4b8fe49512849daa162806e9bbd950a6f6079	98.800	251	0.269	1.000
55af49dbd176eaddc736537238e00422c66a0de2d3ff6fb967010908ca36a64d	96022edfe2ab24c4dede9f6d646f17e84f1706b97efde9bbaec2d0314a9e0f49	98.800	250	0.268	1.000
55af49dbd176eaddc736537238e00422c66a0de2d3ff6fb967010908ca36a64d	8b54b9fcd82f4a72f4555a645eacff71824903a10eaefa79a9bafecfdf3e0e18	96.800	251	0.269	1.000
55af49dbd176eaddc736537238e00422c66a0de2d3ff6fb967010908ca36a64d	6672962f04665dde5a924356363b4146e5dd0142c2cd9042a254f403bed1cf38	96.400	252	0.270	1.000
55af49dbd176eaddc736537238e00422c66a0de2d3ff6fb967010908ca36a64d	902fd8c0be8c5157ebf946289b3417a0769ab30411667d60745e3a786622fe73	55.400	247	0.265	0.992
55af49dbd176eaddc736537238e00422c66a0de2d3ff6fb967010908ca36a64d	f6f22227b6c257a7af002499d408da57f6084e79552714d7a2e117d8c597c6da	55.400	247	0.265	0.996
55af49dbd176eaddc736537238e00422c66a0de2d3ff6fb967010908ca36a64d	89ab69a8f2bec6c5ea4f84ca25678b753d79a2b96aa633a6c510d4039e564d24	55.400	247	0.265	0.992
55af49dbd176eaddc736537238e00422c66a0de2d3ff6fb967010908ca36a64d	22b46f2633ea39c47dd0d89a25a61f3ad53bd48257496226c4641dca59391275	55.400	247	0.265	0.992
55af49dbd176eaddc736537238e00422c66a0de2d3ff6fb967010908ca36a64d	e7a1ff6bac90ab5924a2d800ad747babc031aedb440d229ec5d94d968a647056	55.400	247	0.265	0.988
55af49dbd176eaddc736537238e00422c66a0de2d3ff6fb967010908ca36a64d	165658de301db4f14087f45d1612f4d9b2a78f60455b813ba2e1601ce5c5a846	55.400	247	0.265	0.988
55af49dbd176eaddc736537238e00422c66a0de2d3ff6fb967010908ca36a64d	dd618db585d6f9a4b324988cd68dcb55644fe78d43cb1ea0905c21517a306261	55.400	247	0.265	0.984
55af49dbd176eaddc736537238e00422c66a0de2d3ff6fb967010908ca36a64d	daf25f53a40e6f4cdf9c355226fae76acd060a3b5cc7bd5babf0b03cc6108140	55.400	247	0.265	0.965
55af49dbd176eaddc736537238e00422c66a0de2d3ff6fb967010908ca36a64d	b2cd179906f85ce297fe5e0093ca00fa0d346966a724d86afd42221ca9cd8ba6	55.700	244	0.262	0.988
55af49dbd176eaddc736537238e00422c66a0de2d3ff6fb967010908ca36a64d	039a059c8bc16c0df0f53f306e1b948a680566e0598e12cdcc80c3853dffb230	55.700	244	0.262	0.992
c72476c90452dd73ad751ab8779adf16193d56f690021dd90646abf1fb9cb3e8	506e42b23c1416b1d58b4e80ab5e47a25ab8b9731f48e70d395ffd52ed9b930b	32.400	320	0.877	0.906
c72476c90452dd73ad751ab8779adf16193d56f690021dd90646abf1fb9cb3e8	02536d275857d78976c54cd11ab8f644d2f98cf1e56ebbdac7169bbc376c8b50	32.100	320	0.877	0.934
c72476c90452dd73ad751ab8779adf16193d56f690021dd90646abf1fb9cb3e8	68ec7b19f3f17b23455df7a73b4c3f33cdc948959e74dbb3826be4d99baafdef	32.100	320	0.877	0.927
c72476c90452dd73ad751ab8779adf16193d56f690021dd90646abf1fb9cb3e8	f834ab77e81ed2a3d0c66f0ff386e6a7b5dbce3de56950154a5ca0931464d952	32.100	320	0.877	0.920
c72476c90452dd73ad751ab8779adf16193d56f690021dd90646abf1fb9cb3e8	5cb3444876d7734f8eae54e395a0d339e26809df903e72f55b0721188a0a390a	31.700	305	0.836	0.913
c72476c90452dd73ad751ab8779adf16193d56f690021dd90646abf1fb9cb3e8	c37e4d47412e56c5fc8a595627aaf485c676029a8f3c38b5559879b218962a0d	26.400	418	0.877	0.952
c72476c90452dd73ad751ab8779adf16193d56f690021dd90646abf1fb9cb3e8	876db18c23d75b6bdf0fb270aeeb6b6014153c4c6a64ff26ed35a1f645424b43	26.400	418	0.877	0.946
c72476c90452dd73ad751ab8779adf16193d56f690021dd90646abf1fb9cb3e8	cd5d8eaa19bfba958e3500b97e06f0e093d657c02867d4935b3fc8644778ef12	22.900	321	0.879	0.877
c72476c90452dd73ad751ab8779adf16193d56f690021dd90646abf1fb9cb3e8	8cfa9b3836dfde436c8a531aa092c35840c6e8966e478130b30e6a1a3919e50d	22.800	321	0.879	0.867
ed2277a5b7e4e7c44a5a8b9cb05f59452041ffcfcca4654de1a91e4705570cda	60ad687625c58332d76c070d3b11483a023b068fc6b51cb8e81920f6694bf2cc	89.400	247	0.294	0.996
4fc06e80bbd299bd22e9a7d78ffd499c9828567da032e7b49a9de2aa39cf0e37	506e42b23c1416b1d58b4e80ab5e47a25ab8b9731f48e70d395ffd52ed9b930b	32.300	376	0.891	0.953
4fc06e80bbd299bd22e9a7d78ffd499c9828567da032e7b49a9de2aa39cf0e37	02536d275857d78976c54cd11ab8f644d2f98cf1e56ebbdac7169bbc376c8b50	31.000	376	0.891	0.985
4fc06e80bbd299bd22e9a7d78ffd499c9828567da032e7b49a9de2aa39cf0e37	68ec7b19f3f17b23455df7a73b4c3f33cdc948959e74dbb3826be4d99baafdef	31.000	376	0.891	0.978
4fc06e80bbd299bd22e9a7d78ffd499c9828567da032e7b49a9de2aa39cf0e37	f834ab77e81ed2a3d0c66f0ff386e6a7b5dbce3de56950154a5ca0931464d952	31.000	376	0.891	0.971
4fc06e80bbd299bd22e9a7d78ffd499c9828567da032e7b49a9de2aa39cf0e37	c37e4d47412e56c5fc8a595627aaf485c676029a8f3c38b5559879b218962a0d	28.700	431	0.889	0.982
4fc06e80bbd299bd22e9a7d78ffd499c9828567da032e7b49a9de2aa39cf0e37	876db18c23d75b6bdf0fb270aeeb6b6014153c4c6a64ff26ed35a1f645424b43	28.700	431	0.889	0.975
4fc06e80bbd299bd22e9a7d78ffd499c9828567da032e7b49a9de2aa39cf0e37	5cb3444876d7734f8eae54e395a0d339e26809df903e72f55b0721188a0a390a	30.900	361	0.855	0.966
4fc06e80bbd299bd22e9a7d78ffd499c9828567da032e7b49a9de2aa39cf0e37	8cfa9b3836dfde436c8a531aa092c35840c6e8966e478130b30e6a1a3919e50d	28.600	373	0.884	0.898
4fc06e80bbd299bd22e9a7d78ffd499c9828567da032e7b49a9de2aa39cf0e37	cd5d8eaa19bfba958e3500b97e06f0e093d657c02867d4935b3fc8644778ef12	28.600	373	0.884	0.909
4fc06e80bbd299bd22e9a7d78ffd499c9828567da032e7b49a9de2aa39cf0e37	9c0c24637836a29a4baaccdd66496da7cdefaa5cce2ee6cf58bacc9d6735e418	24.500	184	0.408	0.564
1e43c78d6315a3dc0ad9dc09a01362cc3af4e2b1d92c816a8b74702648515890	506e42b23c1416b1d58b4e80ab5e47a25ab8b9731f48e70d395ffd52ed9b930b	36.400	305	0.655	0.929
1e43c78d6315a3dc0ad9dc09a01362cc3af4e2b1d92c816a8b74702648515890	02536d275857d78976c54cd11ab8f644d2f98cf1e56ebbdac7169bbc376c8b50	36.100	305	0.655	0.960
1e43c78d6315a3dc0ad9dc09a01362cc3af4e2b1d92c816a8b74702648515890	68ec7b19f3f17b23455df7a73b4c3f33cdc948959e74dbb3826be4d99baafdef	36.100	305	0.655	0.953
1e43c78d6315a3dc0ad9dc09a01362cc3af4e2b1d92c816a8b74702648515890	f834ab77e81ed2a3d0c66f0ff386e6a7b5dbce3de56950154a5ca0931464d952	36.100	305	0.655	0.946
1e43c78d6315a3dc0ad9dc09a01362cc3af4e2b1d92c816a8b74702648515890	5cb3444876d7734f8eae54e395a0d339e26809df903e72f55b0721188a0a390a	35.500	290	0.622	0.939
1e43c78d6315a3dc0ad9dc09a01362cc3af4e2b1d92c816a8b74702648515890	c37e4d47412e56c5fc8a595627aaf485c676029a8f3c38b5559879b218962a0d	27.800	433	0.672	0.986
1e43c78d6315a3dc0ad9dc09a01362cc3af4e2b1d92c816a8b74702648515890	876db18c23d75b6bdf0fb270aeeb6b6014153c4c6a64ff26ed35a1f645424b43	27.800	433	0.672	0.980
1e43c78d6315a3dc0ad9dc09a01362cc3af4e2b1d92c816a8b74702648515890	8cfa9b3836dfde436c8a531aa092c35840c6e8966e478130b30e6a1a3919e50d	28.200	321	0.689	0.937
1e43c78d6315a3dc0ad9dc09a01362cc3af4e2b1d92c816a8b74702648515890	cd5d8eaa19bfba958e3500b97e06f0e093d657c02867d4935b3fc8644778ef12	27.600	321	0.689	0.948
1e43c78d6315a3dc0ad9dc09a01362cc3af4e2b1d92c816a8b74702648515890	9c0c24637836a29a4baaccdd66496da7cdefaa5cce2ee6cf58bacc9d6735e418	21.300	306	0.657	0.844
c331d82a07c2a2a9032d44ee9feacee7c73d7c3895c4e22c54b52225e728e694	05c649ccc84ea134b22b39a71e6bae18fa7d743551875c6b71fbbb012feab471	42.500	922	0.983	0.990
c331d82a07c2a2a9032d44ee9feacee7c73d7c3895c4e22c54b52225e728e694	132602f7e0caf8eade985be6e2e8f8e4771981d6f8fd84a0ad6d67a48366742e	42.800	880	0.938	0.990
c331d82a07c2a2a9032d44ee9feacee7c73d7c3895c4e22c54b52225e728e694	e8f48117bad08160c91607fe70829269cc6fa26c37bab8e6b2b9da20b4ace4be	28.900	823	0.877	0.995
c331d82a07c2a2a9032d44ee9feacee7c73d7c3895c4e22c54b52225e728e694	e816ecef45c7e72931343d948532b5709db51f150fd708b8e22810ccf16e4dc4	24.500	768	0.819	0.807
c331d82a07c2a2a9032d44ee9feacee7c73d7c3895c4e22c54b52225e728e694	e084de3b4f10decbf4aea57d8b248c8c4faea833b7fe67ab8c5185734e963abb	20.600	779	0.781	0.962
c331d82a07c2a2a9032d44ee9feacee7c73d7c3895c4e22c54b52225e728e694	65f545cfe2d9e8efaabb1cf07248a9dde429c71c70e76b0107eeaf6ebb0f89cf	43.100	51	0.054	0.105
c331d82a07c2a2a9032d44ee9feacee7c73d7c3895c4e22c54b52225e728e694	f8a6e7830b45a1b68d595938516ffa0368b45a7db94cb33d0580e65e8c0d4509	33.300	84	0.088	0.587
d98b2269ed529294b838f8aa92181c343c8be8aaa38704c019ad61866028ee6d	23e12dd5e3c254365ed3e10aefad220d9f9b330ffb672f5fe468b398c6479672	99.100	472	0.938	1.000
d98b2269ed529294b838f8aa92181c343c8be8aaa38704c019ad61866028ee6d	670b877a5d39ac829d8edf619d1594f722712ce227b49da56bff06f125da0dbe	99.500	467	0.928	1.000
d98b2269ed529294b838f8aa92181c343c8be8aaa38704c019ad61866028ee6d	02420138b550828c0a4476f45794c3cd5415c770a8873c752800a0b526b71b54	96.800	474	0.942	1.000
d98b2269ed529294b838f8aa92181c343c8be8aaa38704c019ad61866028ee6d	d19caaaa84e8546da85db2f88bd02077f221c857d4fa3d481dbe6ab879392b43	95.900	474	0.942	1.000
d98b2269ed529294b838f8aa92181c343c8be8aaa38704c019ad61866028ee6d	bbacaadd16eba82b64f703ec60249882617b5023cfc51dc71e7ea86362bd5ff5	97.000	469	0.932	1.000
d98b2269ed529294b838f8aa92181c343c8be8aaa38704c019ad61866028ee6d	7dfc230828d7b7531078e9e5f494448c3e5c38284c47c1b9e15eaa5052b7220a	97.000	467	0.928	1.000
d98b2269ed529294b838f8aa92181c343c8be8aaa38704c019ad61866028ee6d	c224348e42f133710c0e3e8881032b7681787a72803f5502d0391821652d3610	94.900	474	0.942	1.000
d98b2269ed529294b838f8aa92181c343c8be8aaa38704c019ad61866028ee6d	e1a931b383aac3eee8d451af51cd9da07eac0c651c79fb656c4fe68e979db199	96.500	467	0.928	1.000
d98b2269ed529294b838f8aa92181c343c8be8aaa38704c019ad61866028ee6d	0e7b7f7a42951cbac775b2fbb1c153a662af268f14de4529c8d901b72159fdd0	95.200	468	0.930	1.000
d98b2269ed529294b838f8aa92181c343c8be8aaa38704c019ad61866028ee6d	a93f8463471a9563ec1f1ad54e13e7ff373f5269bf10a63f0c99de9953ae5bba	94.400	471	0.936	1.000
d98b2269ed529294b838f8aa92181c343c8be8aaa38704c019ad61866028ee6d	11df5505310f63a7b84487c26dcbe2e8a0359176e83849dfed3070df4e9a42ee	25.200	431	0.857	0.974
d98b2269ed529294b838f8aa92181c343c8be8aaa38704c019ad61866028ee6d	893b42919b38477822c989d4ff509d66b5643ecb064ec6b8a28f9b33c63aa036	24.900	431	0.857	0.972
d98b2269ed529294b838f8aa92181c343c8be8aaa38704c019ad61866028ee6d	2b367be1818a027d7905b17425af0a82edfa3bef5dc4a2c142b2b16136c9efae	25.400	461	0.911	0.994
d98b2269ed529294b838f8aa92181c343c8be8aaa38704c019ad61866028ee6d	c6916b24979be888b0a9eaa14208986e0c0d6fee3235e6bf7c63771749910146	25.400	461	0.911	0.991
d98b2269ed529294b838f8aa92181c343c8be8aaa38704c019ad61866028ee6d	36eb6b5d2b752b0d32d63cf3539a6b77f3f75d7dc30123f63a03e4ade37dbc32	25.400	461	0.911	0.987
d98b2269ed529294b838f8aa92181c343c8be8aaa38704c019ad61866028ee6d	8934d17e761d51d53d231f7ca99d388e0548c00dd7c6ea70e8781d742a4cdb81	25.700	429	0.851	0.927
d98b2269ed529294b838f8aa92181c343c8be8aaa38704c019ad61866028ee6d	6e3a515cf3565de295efea7cb17953730b7fbc17c65eb7bcfb9ba72a158cc1b8	25.700	429	0.851	0.925
d98b2269ed529294b838f8aa92181c343c8be8aaa38704c019ad61866028ee6d	c5d31adab7e7fcb35e2305db9c572fe42789a34381b6ee82a4a0ba35d4aa1572	25.700	429	0.851	0.925
d98b2269ed529294b838f8aa92181c343c8be8aaa38704c019ad61866028ee6d	c85be9a3f4132ff3d81ce6ed052f0c0585f7e58895c57ced8778a2f696c8d70b	25.700	429	0.851	0.923
d98b2269ed529294b838f8aa92181c343c8be8aaa38704c019ad61866028ee6d	19b0fce0567b111f19274faefa8810ec42fdf2692db8de681b02687d5a0045ff	25.700	429	0.851	0.925
8cca387203bea6084415791d2d7b9948c78d96686814eab24d62029de9b53f7e	f98e22722468a28928d08968937e204f2ef23dfb9d7960e408245c0c6ef21931	27.000	526	0.950	0.828
8cca387203bea6084415791d2d7b9948c78d96686814eab24d62029de9b53f7e	fd5827ad2306ededb926dcaa4a20069a17c3c825cce76b10142bb844576149d7	26.900	513	0.928	0.810
8cca387203bea6084415791d2d7b9948c78d96686814eab24d62029de9b53f7e	9e7a39fbce3734907f2e0cc4729de8139644e696685c918774ea0649cdbc9724	26.800	526	0.950	0.827
8cca387203bea6084415791d2d7b9948c78d96686814eab24d62029de9b53f7e	b2e144d6a554677a0e0d209ec379ac8bc47570957c87390eb4bc54807cf5e01e	26.900	513	0.928	0.804
8cca387203bea6084415791d2d7b9948c78d96686814eab24d62029de9b53f7e	bba1fe6a024d342c274d1f5907c1a32a9d0d5971954782c8d12612bd8a4f2471	26.900	513	0.928	0.800
8cca387203bea6084415791d2d7b9948c78d96686814eab24d62029de9b53f7e	f1e6f5ac8594aa34303b1526df54ace70ed168a1d696d690b2f1407bd339e977	26.900	513	0.928	0.810
8cca387203bea6084415791d2d7b9948c78d96686814eab24d62029de9b53f7e	e98bfd6839fa14e60967e0970b19117c8cffcfa8d4d1d31fbe0127633348b89a	26.900	513	0.928	0.803
8cca387203bea6084415791d2d7b9948c78d96686814eab24d62029de9b53f7e	bcfd366e5a4599639be4f3ced9d68ad498945d01cd12f8e017b27ba1635ecd32	26.700	513	0.928	0.810
8cca387203bea6084415791d2d7b9948c78d96686814eab24d62029de9b53f7e	2db0b864f85e257c4f4b5a782423cd39bedee7954e05fbda9ae4093174045fba	26.700	513	0.928	0.809
8cca387203bea6084415791d2d7b9948c78d96686814eab24d62029de9b53f7e	6901ec3999852a6991af2cea892d24ee74da523d32be4599a78b8baa9f462e4b	26.700	513	0.928	0.803
8cca387203bea6084415791d2d7b9948c78d96686814eab24d62029de9b53f7e	801f5f747eb8fb4a4ca342b77ec9d7fa9e0a09d3c915018380baec4e39044702	26.700	513	0.928	0.812
8cca387203bea6084415791d2d7b9948c78d96686814eab24d62029de9b53f7e	e3b73d2b654320f34a0fa81865e5063a57b662403e9a2b86093e699f3b24ba4b	26.700	513	0.928	0.809
8cca387203bea6084415791d2d7b9948c78d96686814eab24d62029de9b53f7e	3b58178ac77617154430de5bf87e7bd548d37e85e0ef60c98e02ca3f45aa28e4	26.700	513	0.928	0.805
8cca387203bea6084415791d2d7b9948c78d96686814eab24d62029de9b53f7e	aac8bee575d10c92b1803a1433a088ed191d1075bd2a94a9419804dd64dddabf	26.500	513	0.928	0.810
8cca387203bea6084415791d2d7b9948c78d96686814eab24d62029de9b53f7e	1d23698ba36ca5200dcfff5001e7d72538f65e83ca579659b38e3e6c3a0203c3	26.500	513	0.928	0.809
8cca387203bea6084415791d2d7b9948c78d96686814eab24d62029de9b53f7e	006dac14d83220e5ed6c257eb8ac83b43eb77d2f1a4e6e44765d4b60cb862b21	27.700	291	0.532	0.574
8cca387203bea6084415791d2d7b9948c78d96686814eab24d62029de9b53f7e	6d4759266abc40b78e01a8424709d54a83f736e1a93a35e9cfc8d8f183697313	27.700	288	0.526	0.587
8cca387203bea6084415791d2d7b9948c78d96686814eab24d62029de9b53f7e	65805cc3f77713061d2e0354a4e0cb2cca2dd708db437ef0f228a1ce4730d309	25.400	474	0.917	0.942
8cca387203bea6084415791d2d7b9948c78d96686814eab24d62029de9b53f7e	fdb8cbd9d9fefe75412b7db5c399f42c023820626ca8e5aaf57a9cffb5df9ee2	23.900	504	0.897	0.820
8cca387203bea6084415791d2d7b9948c78d96686814eab24d62029de9b53f7e	4e5a4cb4cd6fa98ddba0624c183107e7da9555e5bf0ec5ab634bef6850a07c48	25.200	474	0.917	0.938
796377537c0eaf1bf6344dfe0ef3b287d84934267233f526f4e40eb6bf5a86e3	d8c40bd563532d3830fdca66ec599c9a9d7bba1bff8de0417e90f436f77f9f25	87.000	224	0.907	1.000
796377537c0eaf1bf6344dfe0ef3b287d84934267233f526f4e40eb6bf5a86e3	e2de816a06c035a0aa58fcb88812efef4ad295c76c3e3808321daabc7228572a	79.800	223	0.903	1.000
796377537c0eaf1bf6344dfe0ef3b287d84934267233f526f4e40eb6bf5a86e3	19c62e6fdf1ca9aac04cf8dd824e5d747fecefb2debbf5564da10794b11a7ef9	79.300	223	0.903	1.000
796377537c0eaf1bf6344dfe0ef3b287d84934267233f526f4e40eb6bf5a86e3	5ba6b7254dae923d68a38451c7bad31d5489ee850b79b38f9c93bd0095de351f	79.300	223	0.903	1.000
796377537c0eaf1bf6344dfe0ef3b287d84934267233f526f4e40eb6bf5a86e3	5cf852b79ad589e479aa23bcc2817c23cf79b58d0592c8a43e7d4fba7a06a2c4	78.900	223	0.903	1.000
796377537c0eaf1bf6344dfe0ef3b287d84934267233f526f4e40eb6bf5a86e3	2c778f8dc99cafab8c5c4caa9ca87bc8b07f0cf2a0f0c313bd86c5b12d1f2aab	77.100	223	0.903	1.000
796377537c0eaf1bf6344dfe0ef3b287d84934267233f526f4e40eb6bf5a86e3	216696a046e74223005a614889e8dd0ce66655c6cc861557774b914028cdc761	74.800	223	0.903	1.000
796377537c0eaf1bf6344dfe0ef3b287d84934267233f526f4e40eb6bf5a86e3	5ec0ead1f04f99d06a4a0c254609080ff9e7e54915be1fa326cebb63ed44e43f	73.900	223	0.903	1.000
796377537c0eaf1bf6344dfe0ef3b287d84934267233f526f4e40eb6bf5a86e3	a3d060d891a11a497018d2c5569693fc97f23d51891881ad739b49401e77740d	73.900	223	0.903	1.000
796377537c0eaf1bf6344dfe0ef3b287d84934267233f526f4e40eb6bf5a86e3	d4ce2f3e0dd0ee8d5961db76d8adaf4bb0a9e3aaa73a5410dbb78d14aeeadef1	73.900	223	0.903	1.000
796377537c0eaf1bf6344dfe0ef3b287d84934267233f526f4e40eb6bf5a86e3	27a513f635019ff085cdda6173bf91ef46450b7544d22e1d41722a2818a41eba	73.900	223	0.903	1.000
796377537c0eaf1bf6344dfe0ef3b287d84934267233f526f4e40eb6bf5a86e3	0cc3dfe58fb54267206f1e3f70d4d2ebfc66aaa66d7770892837532d0f070646	73.900	223	0.903	1.000
796377537c0eaf1bf6344dfe0ef3b287d84934267233f526f4e40eb6bf5a86e3	68825a12ee70a5ae3db757ce935e946b258de8b5b27ab9e550437c209c25833d	73.000	223	0.903	1.000
796377537c0eaf1bf6344dfe0ef3b287d84934267233f526f4e40eb6bf5a86e3	3b4dc623871344ba3fd4dea22d19f6057b606ca5f1fa8275bcfaaa514bbe94b0	73.000	223	0.903	1.000
796377537c0eaf1bf6344dfe0ef3b287d84934267233f526f4e40eb6bf5a86e3	5d2160c3db147edd87a2fd482e82a71d46a05253dd1442550068a3b97997c717	73.000	223	0.903	1.000
796377537c0eaf1bf6344dfe0ef3b287d84934267233f526f4e40eb6bf5a86e3	ae9d8362a9006b6af3ec05127a62c88efb874ae35ad9f13e217e63d4d2e34537	63.900	222	0.899	0.995
796377537c0eaf1bf6344dfe0ef3b287d84934267233f526f4e40eb6bf5a86e3	5036eb2e719e9a70b6801a51dc583db0132dd532c5d59d026a4c03d88ba91051	63.800	221	0.895	1.000
796377537c0eaf1bf6344dfe0ef3b287d84934267233f526f4e40eb6bf5a86e3	bdd7e18fbc44629f61e3110ed917e6ec39a64f81fac6c0a13f46bae8037fc48e	63.500	222	0.899	0.995
796377537c0eaf1bf6344dfe0ef3b287d84934267233f526f4e40eb6bf5a86e3	726a43ef849e29187669f5e1263173e4f708d8b3057fd85d039098463b226da8	39.900	225	0.907	0.974
796377537c0eaf1bf6344dfe0ef3b287d84934267233f526f4e40eb6bf5a86e3	5eff612c190d774fbf3e33e199ba7ed798f1dd30e841b6327e3ce770d3360d17	37.000	226	0.903	1.000
b759912f12894c3e530af15b813e868f2487c5d67882cc1574f51edb5fd4d487	c9f7d36a363496e0049d91597467243251d13df1cbfebf2b09b81ea99c49fef9	98.300	295	0.352	1.000
b759912f12894c3e530af15b813e868f2487c5d67882cc1574f51edb5fd4d487	d5c280104321faa7bf4e6606e9efe1f5d5266ab3420cb9424abe0339c6ada7f6	98.200	294	0.351	1.000
b759912f12894c3e530af15b813e868f2487c5d67882cc1574f51edb5fd4d487	0e998f9c658379f843615ba698ee92e8444b6bc91d06a9ca53309f637676a44f	95.900	295	0.352	1.000
b759912f12894c3e530af15b813e868f2487c5d67882cc1574f51edb5fd4d487	cb15b759a3992823f9c07f3ed9b6d9cd95d7773c1c8daa0bde7142f177b59452	94.800	292	0.349	1.000
b759912f12894c3e530af15b813e868f2487c5d67882cc1574f51edb5fd4d487	e6d57747bfc2abcdb11b6664ff3a60d3f781a5699bcab46ef4a5fad8bb50a00a	59.700	291	0.348	0.976
b759912f12894c3e530af15b813e868f2487c5d67882cc1574f51edb5fd4d487	8f71abff35b25a662a882ba27b0aeb2f7f393807897415868b95e61a1f3f2377	59.700	291	0.348	0.979
b759912f12894c3e530af15b813e868f2487c5d67882cc1574f51edb5fd4d487	bc773b0a4eeeb2a8d638bae33dae444b080c209ebdac1a4c5a5dccebfb60416c	47.000	293	0.350	0.997
b759912f12894c3e530af15b813e868f2487c5d67882cc1574f51edb5fd4d487	98ed7572b75ead00960b20627a3d50458b5119aee385fd4a3ad42be0aad6d2c6	27.400	286	0.342	0.669
b759912f12894c3e530af15b813e868f2487c5d67882cc1574f51edb5fd4d487	e88bf06681a88c8cc0d5d2086741e3b9368fee1177883e236bc503e95aae47ff	27.400	286	0.342	0.667
b759912f12894c3e530af15b813e868f2487c5d67882cc1574f51edb5fd4d487	419236611a707b3d1ade1c38d863d62bf7af28007e34781aa46d5cfee2803ba1	31.000	211	0.252	0.975
422f5a848c7a8657ed4f760e0a90f7d6e281f147823890b5a30d3caa7189fc72	eaef7902317f632b7f7af300884449bf1f8219556a8499f149c5e966186cd4c0	98.100	329	0.911	1.000
422f5a848c7a8657ed4f760e0a90f7d6e281f147823890b5a30d3caa7189fc72	255b12d4ffb165116a09bbff4669b5f2ed1499df3fb5f2e7abdff9f067c2cd16	97.200	329	0.911	1.000
10467602fce2120986d2edd9006144c1758fce4d8fa535945a690fa4e9850329	fea0540fa740084435cae197124c29ec3210afa2f1ce47ac0d06108a64a24bf5	37.000	298	0.695	0.954
10467602fce2120986d2edd9006144c1758fce4d8fa535945a690fa4e9850329	ce7d057d2e12ee43fa4f02bdcee05b05ef61fafbb17452d854971ca7bc049c5f	37.000	298	0.695	0.954
10467602fce2120986d2edd9006144c1758fce4d8fa535945a690fa4e9850329	478adf3b9ecfb6ff53a02c16029c6d6c5846439ccb52878a448dfa9205237c81	37.000	298	0.695	0.951
10467602fce2120986d2edd9006144c1758fce4d8fa535945a690fa4e9850329	0af2a56de318791b9742a12d461d7c2413ee8abfff4382805545e94dda4f8978	33.600	299	0.697	0.945
10467602fce2120986d2edd9006144c1758fce4d8fa535945a690fa4e9850329	9239f878646038b94eef17c941050176e9350f01b17fe5c3a3908a858e0a6ffb	33.300	299	0.697	0.945
10467602fce2120986d2edd9006144c1758fce4d8fa535945a690fa4e9850329	58f85c639ac061b23af46df5884160ef0e8d218ad7fc22083cb23e9040e47d93	32.000	299	0.697	0.942
d6b94d57bf52bc0af4eb1f2866d0175f26a7bd411b9720c512e1b7d133843602	01fa0544386494e3137d00dba3f6b193df5ac8e255555044bb030ce2ef537105	31.400	222	0.816	0.996
d6b94d57bf52bc0af4eb1f2866d0175f26a7bd411b9720c512e1b7d133843602	5cf852b79ad589e479aa23bcc2817c23cf79b58d0592c8a43e7d4fba7a06a2c4	34.200	220	0.813	0.987
d6b94d57bf52bc0af4eb1f2866d0175f26a7bd411b9720c512e1b7d133843602	5ba6b7254dae923d68a38451c7bad31d5489ee850b79b38f9c93bd0095de351f	34.600	220	0.813	0.987
d6b94d57bf52bc0af4eb1f2866d0175f26a7bd411b9720c512e1b7d133843602	2c778f8dc99cafab8c5c4caa9ca87bc8b07f0cf2a0f0c313bd86c5b12d1f2aab	34.300	220	0.813	0.987
d6b94d57bf52bc0af4eb1f2866d0175f26a7bd411b9720c512e1b7d133843602	d8c40bd563532d3830fdca66ec599c9a9d7bba1bff8de0417e90f436f77f9f25	35.000	220	0.813	0.982
d6b94d57bf52bc0af4eb1f2866d0175f26a7bd411b9720c512e1b7d133843602	19c62e6fdf1ca9aac04cf8dd824e5d747fecefb2debbf5564da10794b11a7ef9	33.900	220	0.813	0.987
d6b94d57bf52bc0af4eb1f2866d0175f26a7bd411b9720c512e1b7d133843602	39f78435c028e60c97d04e3135e78189602d99c60a6aba54d68a9a7683d8f12a	31.600	236	0.816	0.955
d6b94d57bf52bc0af4eb1f2866d0175f26a7bd411b9720c512e1b7d133843602	36514696e3f525e5a93568e5d835d0106421870ce3deb7b0c42f1368e42a56d0	31.600	236	0.816	0.952
d6b94d57bf52bc0af4eb1f2866d0175f26a7bd411b9720c512e1b7d133843602	726a43ef849e29187669f5e1263173e4f708d8b3057fd85d039098463b226da8	29.300	230	0.846	0.996
d6b94d57bf52bc0af4eb1f2866d0175f26a7bd411b9720c512e1b7d133843602	e84f16f6d37fd62c87cea3345075bb2f036b53982fe396a951a001116dfcad2e	30.000	248	0.813	0.943
d6b94d57bf52bc0af4eb1f2866d0175f26a7bd411b9720c512e1b7d133843602	b932f746fb3d34a8f0d0113907a167cd0705ecd080f024838e610b1331d74c32	28.700	241	0.813	0.996
d6b94d57bf52bc0af4eb1f2866d0175f26a7bd411b9720c512e1b7d133843602	c2f5134606577fcdfd389f6402b0903808536cf983199f9aa4725858a122683c	28.500	243	0.820	1.000
d6b94d57bf52bc0af4eb1f2866d0175f26a7bd411b9720c512e1b7d133843602	006f2d062a0f27c04faa6935723548636a37776f921636e3bba82e0d22865cad	28.500	243	0.820	1.000
d6b94d57bf52bc0af4eb1f2866d0175f26a7bd411b9720c512e1b7d133843602	216f9904222b47e75080df752a5a158880d8c4ca2360b30b18f5cd1ca842d0f7	28.700	241	0.813	0.996
d6b94d57bf52bc0af4eb1f2866d0175f26a7bd411b9720c512e1b7d133843602	4c7348821ded786aaaedc5ab204821462fcb288c0784b636915735479f7d1128	31.200	241	0.839	0.964
d6b94d57bf52bc0af4eb1f2866d0175f26a7bd411b9720c512e1b7d133843602	51fa8f59cfd17d4a3e76eae4f52f2c85ff7afa9a28c2dfa4d5dd01d912b074b7	31.500	242	0.839	0.964
d6b94d57bf52bc0af4eb1f2866d0175f26a7bd411b9720c512e1b7d133843602	687b2f31634f491ee83f98cfc61791bf7bf1e6b5886f5c6ebd7819bcb026628a	30.700	228	0.798	0.970
d6b94d57bf52bc0af4eb1f2866d0175f26a7bd411b9720c512e1b7d133843602	6dff929d041f4c869b2ab193faf1e22fc9fc5ea38d7a9ca31162e51b62e2138e	29.800	235	0.798	0.975
d6b94d57bf52bc0af4eb1f2866d0175f26a7bd411b9720c512e1b7d133843602	1a984f34322f1fa7a7d0644aa8279a2efb874cc599e6afbd477a09b28786f41f	29.500	238	0.839	0.964
d6b94d57bf52bc0af4eb1f2866d0175f26a7bd411b9720c512e1b7d133843602	5b6ff9b694050278d448a3afb464531c466e61a41e553018db54b2ccf717835b	26.400	228	0.805	0.983
01e430dcc0c9d4560c427768ea7e1667eab9598cbe08eead4e4bf3a3e5ba749a	5cb3444876d7734f8eae54e395a0d339e26809df903e72f55b0721188a0a390a	25.700	132	0.257	0.494
01e430dcc0c9d4560c427768ea7e1667eab9598cbe08eead4e4bf3a3e5ba749a	02536d275857d78976c54cd11ab8f644d2f98cf1e56ebbdac7169bbc376c8b50	25.700	132	0.257	0.478
01e430dcc0c9d4560c427768ea7e1667eab9598cbe08eead4e4bf3a3e5ba749a	68ec7b19f3f17b23455df7a73b4c3f33cdc948959e74dbb3826be4d99baafdef	25.700	132	0.257	0.474
01e430dcc0c9d4560c427768ea7e1667eab9598cbe08eead4e4bf3a3e5ba749a	f834ab77e81ed2a3d0c66f0ff386e6a7b5dbce3de56950154a5ca0931464d952	25.700	132	0.257	0.471
01e430dcc0c9d4560c427768ea7e1667eab9598cbe08eead4e4bf3a3e5ba749a	506e42b23c1416b1d58b4e80ab5e47a25ab8b9731f48e70d395ffd52ed9b930b	25.700	132	0.257	0.438
c47457320713341eca8fa1f8984ba124b4fff66ee475ea712938bf9f03254c6b	84c82b31fd77cd63eb078ea77e9b618e1360243e54f8bfeba4197e90c04b79ab	89.800	559	0.979	1.000
87630d0ccd9e8de7f77cb47c03fd56d745d66fbdceb8a2149b3518b04d71e1ea	f5082d81b27b53df3272c4e45721f93eebbeddeb35f8e1e05158f53c0755f3cd	100.000	597	0.742	1.000
87630d0ccd9e8de7f77cb47c03fd56d745d66fbdceb8a2149b3518b04d71e1ea	f3728d4fe4a858f70a2194abe4e81b89c3624d7b5c33c49df55efd1e749d819f	41.900	591	0.734	0.998
87630d0ccd9e8de7f77cb47c03fd56d745d66fbdceb8a2149b3518b04d71e1ea	94e174a178ae38132d279dcc5601b5dcdca1b88bdeb032ff8f0f84fcfd13f12e	42.200	585	0.727	0.997
87630d0ccd9e8de7f77cb47c03fd56d745d66fbdceb8a2149b3518b04d71e1ea	088e447fcfd279247817fb4d0d022b609724d3df733fd15116f291c763f98feb	41.900	585	0.727	0.997
87630d0ccd9e8de7f77cb47c03fd56d745d66fbdceb8a2149b3518b04d71e1ea	cbd0a84f422d510dd48b846dbaf12dfd1367bfe7c0997c9bcb717cfa6a251253	42.200	591	0.734	0.961
87630d0ccd9e8de7f77cb47c03fd56d745d66fbdceb8a2149b3518b04d71e1ea	14357867d88e903253b033b4e4fb5f75d1bf929bad60af323475879000ff75b5	42.000	591	0.734	0.964
87630d0ccd9e8de7f77cb47c03fd56d745d66fbdceb8a2149b3518b04d71e1ea	435b02f163826c4bd6c9d9325269377a67a0df919f4fdc8bfa53fd2b572827c2	36.200	587	0.729	0.987
87630d0ccd9e8de7f77cb47c03fd56d745d66fbdceb8a2149b3518b04d71e1ea	dc0cdf4b191584705fb7c124dfaadf60323be5f6450e2d200ae4d91b215274c0	36.200	587	0.729	0.982
87630d0ccd9e8de7f77cb47c03fd56d745d66fbdceb8a2149b3518b04d71e1ea	5b9b9c839f63aad08c17b5c16c9a5935ef150cb49dcb5be85e66f04f2b9704ed	36.200	585	0.727	0.978
896dc2f5876476b02db746dcf9e56bd64fa4b51eea6fd81884c473c084a80780	df948d3a4c7e43129b7407456b2e0aa128c3ea0a43bf263ebc1b01e1929d993b	45.000	340	0.825	0.967
896dc2f5876476b02db746dcf9e56bd64fa4b51eea6fd81884c473c084a80780	f76954b8a74c8bc329779f93cfc5c2ce58d7a4e8a82fa259405400b84aa18552	45.200	340	0.825	0.967
896dc2f5876476b02db746dcf9e56bd64fa4b51eea6fd81884c473c084a80780	65076fdd410659127d73d2e750e33898b41b93123838801855869d5d9b5f8703	45.000	340	0.825	0.976
896dc2f5876476b02db746dcf9e56bd64fa4b51eea6fd81884c473c084a80780	727b26fcc6959b0fcc9bcb5b87ea79aca1fa0406c63aa6b91f40f9d960bfb4ab	45.000	340	0.825	0.988
896dc2f5876476b02db746dcf9e56bd64fa4b51eea6fd81884c473c084a80780	60cd98e34d8abf888babc1687beb78d240ff0825589c704c4ea5fecdd5426e34	44.700	340	0.825	0.988
896dc2f5876476b02db746dcf9e56bd64fa4b51eea6fd81884c473c084a80780	e9bec41b5cabc9993ad4d325951e310f2c35535135df32ee0414fc0de00d5890	45.000	340	0.825	0.976
896dc2f5876476b02db746dcf9e56bd64fa4b51eea6fd81884c473c084a80780	b4517eee5bed3d38ffafd9981947cdcf1d08039ebf993ffac3e5090e3d2fa64a	44.700	340	0.825	0.979
896dc2f5876476b02db746dcf9e56bd64fa4b51eea6fd81884c473c084a80780	0c4137836138d753237fd97e1a92f177139873285b7b5acb1c0a230875a9184a	44.700	340	0.825	0.976
896dc2f5876476b02db746dcf9e56bd64fa4b51eea6fd81884c473c084a80780	6345941b243929e5cf8784840286a4cad3453e1e9c2ab772c91cf210b164820d	44.700	340	0.825	0.973
896dc2f5876476b02db746dcf9e56bd64fa4b51eea6fd81884c473c084a80780	55a66ed187e55075f906358980caa5ba5a35bcebd86912bc5f9caa9c0dac9e33	45.000	340	0.825	0.988
896dc2f5876476b02db746dcf9e56bd64fa4b51eea6fd81884c473c084a80780	6589b6f03d0bfab748883ecce9ecd18934054df732ca42517df350d00719cfff	45.000	340	0.825	0.985
896dc2f5876476b02db746dcf9e56bd64fa4b51eea6fd81884c473c084a80780	40b6ddeb322a59e0734b12f57c737b3eafc17ef25123d50d7ad65f6258ae26a2	45.000	340	0.825	0.979
896dc2f5876476b02db746dcf9e56bd64fa4b51eea6fd81884c473c084a80780	a645258f88cca25b922b4f4e3a684adeaf7a8d8ef13bb99210c8d17e11952af1	44.700	340	0.825	0.979
896dc2f5876476b02db746dcf9e56bd64fa4b51eea6fd81884c473c084a80780	b815baabfafb71ea6d6b9211ce7a7a93ee31f6c46e09e7735d04630da87d4c4d	43.600	339	0.823	0.978
896dc2f5876476b02db746dcf9e56bd64fa4b51eea6fd81884c473c084a80780	6710803b58b8fcbe4887e9d762a4b5eb6b2e3fb70f84a4b30ae36edc14c5b185	34.600	341	0.828	0.972
896dc2f5876476b02db746dcf9e56bd64fa4b51eea6fd81884c473c084a80780	fda5cb507ba5121bf77e8cef4bbca233c259709928c4cee2207637651f77fb2a	33.200	341	0.828	0.973
896dc2f5876476b02db746dcf9e56bd64fa4b51eea6fd81884c473c084a80780	23541b48ed071e33bb10857a7ffd74dc501fb2d51204e30b87bf9d038d1e6b58	33.200	341	0.828	0.967
896dc2f5876476b02db746dcf9e56bd64fa4b51eea6fd81884c473c084a80780	73dfcffe1aa61c7d2bb0b815484416df98c14e23607e240b3ef064ee1cbf3a41	33.200	341	0.828	0.973
896dc2f5876476b02db746dcf9e56bd64fa4b51eea6fd81884c473c084a80780	b00f48074f2df8bafc810ed8c7d33d74607727ff4112fdf4b23a6a6e792ffd1d	33.200	341	0.828	0.967
896dc2f5876476b02db746dcf9e56bd64fa4b51eea6fd81884c473c084a80780	b23066d0566728c155d098fcbb102087ae95d1b2853497a7c2fc165db1a8728e	29.200	332	0.806	0.883
7933b1f14c15eaf02d7380194e89894e342895cbb65aa13d9f7f9172072c23f6	7933b1f14c15eaf02d7380194e89894e342895cbb65aa13d9f7f9172072c23f6	100.000	99	1.000	1.000
7933b1f14c15eaf02d7380194e89894e342895cbb65aa13d9f7f9172072c23f6	de8b3cd28e12a6df8c6ab127ef348468de5a773e5411e89e3aef92634db7d116	100.000	99	1.000	0.488
7933b1f14c15eaf02d7380194e89894e342895cbb65aa13d9f7f9172072c23f6	a2670e4db15636c7202f6a5f2f39c3edf2db6fdd19ee18787265f564073917dd	98.900	99	1.000	1.000
7933b1f14c15eaf02d7380194e89894e342895cbb65aa13d9f7f9172072c23f6	d4bafa6690b2f77533a7ccad6b1331804b854d786946be9569e5e1f10ea04723	98.900	99	1.000	1.000
7933b1f14c15eaf02d7380194e89894e342895cbb65aa13d9f7f9172072c23f6	0aa603626e64145f0b0dcae457353191999b9fe3947a48f35661c780d9131338	97.900	99	1.000	1.000
7933b1f14c15eaf02d7380194e89894e342895cbb65aa13d9f7f9172072c23f6	2127de0e4f430e1dfc4b12469945237a7274e2b21f239b0e2896d56cd5f462c7	98.900	99	1.000	1.000
7933b1f14c15eaf02d7380194e89894e342895cbb65aa13d9f7f9172072c23f6	9883359b623009577bfa067354ace9ab92f797140fcd479348741d0723268cd7	96.900	99	1.000	1.000
7933b1f14c15eaf02d7380194e89894e342895cbb65aa13d9f7f9172072c23f6	41e3cda64c349fb7d05454257e8ca50eb953160416f3d0ac32c249f5b1a47637	98.900	99	1.000	1.000
7933b1f14c15eaf02d7380194e89894e342895cbb65aa13d9f7f9172072c23f6	594b2b9bd41148202bb0929aa9396af0713a9e5c763f6b4a9ef1936929511daa	98.900	99	1.000	1.000
7933b1f14c15eaf02d7380194e89894e342895cbb65aa13d9f7f9172072c23f6	7039ddf5b8f790c55199c0f490f5bbd7694f0616b3e724997a69ab54339ba258	98.900	99	1.000	1.000
7933b1f14c15eaf02d7380194e89894e342895cbb65aa13d9f7f9172072c23f6	d16b02a09c76b2c3c2c1a350828397794b4faa0bd6dc2b325159168683b0233f	97.900	99	1.000	1.000
7933b1f14c15eaf02d7380194e89894e342895cbb65aa13d9f7f9172072c23f6	fb638f54015c4a4bb9c2fbfb41cb0ad27acac6500db1235a226a476eb033aef0	97.900	99	1.000	1.000
7933b1f14c15eaf02d7380194e89894e342895cbb65aa13d9f7f9172072c23f6	73350ebebcf8dce0ebb913b09b1e619cc2fcfdbad022c2f7c7becec0a653bf6f	97.900	99	1.000	1.000
7933b1f14c15eaf02d7380194e89894e342895cbb65aa13d9f7f9172072c23f6	c75f2c5564254c3674d16f66a4c7c046e89a85c1185bb81844002e79758c62d4	97.900	99	1.000	1.000
7933b1f14c15eaf02d7380194e89894e342895cbb65aa13d9f7f9172072c23f6	3adf554e447d62ea1c4ac92183e3c5c56433f493178a30c3f109a4bb5ee50248	97.900	99	1.000	1.000
7933b1f14c15eaf02d7380194e89894e342895cbb65aa13d9f7f9172072c23f6	83ce122118b4e32ea8c42f5a964c5e994f1cdda8b183961bcba1bb8fae947b37	96.900	99	1.000	1.000
7933b1f14c15eaf02d7380194e89894e342895cbb65aa13d9f7f9172072c23f6	27160794cabc22ba884bb322ea745440e8beafc24777161fa20a84a3bd305908	97.900	99	1.000	1.000
7933b1f14c15eaf02d7380194e89894e342895cbb65aa13d9f7f9172072c23f6	378009bf53b4bd8a99469c79e091b2eb064a00cb20768afa7927ec74784c32aa	98.900	99	1.000	1.000
7933b1f14c15eaf02d7380194e89894e342895cbb65aa13d9f7f9172072c23f6	db7645e814010ebcd4c1bf2dedd8ae6f493fbb6138befc4a04b513a2939bf822	97.900	99	1.000	1.000
7933b1f14c15eaf02d7380194e89894e342895cbb65aa13d9f7f9172072c23f6	d3baf1643874f6784af8d755892958743c05131181fe947521c0d9625de5ba08	98.900	99	1.000	1.000
19f945debb52760e3a16a32e99dd5ab5c8fc8abf4d39d13b1065ccf55f25f7b2	a0610e293348b285d2ddaa3c216fa020850342fd338659c51de94433ac694616	38.300	129	0.283	0.746
19f945debb52760e3a16a32e99dd5ab5c8fc8abf4d39d13b1065ccf55f25f7b2	7d5fe3d376a7bbddd769d593ebb951ae45ed0a7c8dce7036fa1b350ec0726c46	26.300	91	0.199	0.989
06e764f2c200a9ee47f9970aab4352a151970c632f7546faa136c7c783b249c1	ef42e1f675c76998fc31585c5b290c06cb17a1d9f399ffd64e0b9559dd90bbb3	28.900	202	0.402	0.976
06e764f2c200a9ee47f9970aab4352a151970c632f7546faa136c7c783b249c1	6c52bc9962c4e528319d25a65991682ff71117d5fccb55b84fdf1170cffbe099	28.900	202	0.402	0.952
06e764f2c200a9ee47f9970aab4352a151970c632f7546faa136c7c783b249c1	4edcfda715daf076bf5a1507c2a19ac379fc3465f3c7fb29313e64c7e493f830	28.900	202	0.402	0.943
06e764f2c200a9ee47f9970aab4352a151970c632f7546faa136c7c783b249c1	f494b451754f8b7d079d4fececc4278039dcafaabab0f0f661a9dcfea8c267ba	28.500	202	0.402	0.934
06e764f2c200a9ee47f9970aab4352a151970c632f7546faa136c7c783b249c1	254347d54068bf739e80d9bc3dd42ca9f12ad1c8bad02bb7cdee2025b724ffac	27.500	202	0.402	0.966
06e764f2c200a9ee47f9970aab4352a151970c632f7546faa136c7c783b249c1	2f56ce70a2267a63c9cf6b503aaeeac8712245e5c9ebb9689eabf46c90c6c569	27.500	202	0.402	0.956
06e764f2c200a9ee47f9970aab4352a151970c632f7546faa136c7c783b249c1	c4ee341c5aea2512b02bfc4b47efb15f57daac44515491d6d39686472d0cb9b5	28.000	202	0.402	0.976
06e764f2c200a9ee47f9970aab4352a151970c632f7546faa136c7c783b249c1	885b15da5e87f09addf84748af1897f67df0331f3b1370b8499fc0fa4156072e	28.000	202	0.402	0.957
06e764f2c200a9ee47f9970aab4352a151970c632f7546faa136c7c783b249c1	eb22c4e8269e10da8fb1b74f827583acb652def7ed052c2c048fb4491d8efc9d	28.000	202	0.402	0.952
06e764f2c200a9ee47f9970aab4352a151970c632f7546faa136c7c783b249c1	e5a8927f209306e4098e76150fb3fead0b64d4144b66cd4fc37d543e4ef8d5b3	28.000	202	0.402	0.948
06e764f2c200a9ee47f9970aab4352a151970c632f7546faa136c7c783b249c1	847942c636b128fe77fd1b34271486b58a1c83e1d9319c9c4e79c1f40c69a5fe	28.000	202	0.402	0.943
06e764f2c200a9ee47f9970aab4352a151970c632f7546faa136c7c783b249c1	65d51f7e3d68ef6ec8810e77f0f642520a0f9fb7a958f756d045e87a8e048c38	28.000	202	0.402	0.935
06e764f2c200a9ee47f9970aab4352a151970c632f7546faa136c7c783b249c1	66b547b2dccb6eb076ff1e12a93691c833d7029949220b869368797736df9a87	27.200	193	0.384	0.910
06e764f2c200a9ee47f9970aab4352a151970c632f7546faa136c7c783b249c1	33b0aa42c8a45cc932f556fceb64ec0ff895f27ac7409455655a02a8e8d717a1	27.600	187	0.373	0.921
06e764f2c200a9ee47f9970aab4352a151970c632f7546faa136c7c783b249c1	58a591cc40653a022a14a9809224464d1df18a7fc07f2fde4dbc2fcf591dc134	27.600	187	0.373	0.912
06e764f2c200a9ee47f9970aab4352a151970c632f7546faa136c7c783b249c1	dc6202552194a8082861fab2a45d488c308013bfdccc8f673053bddd2112965d	27.600	187	0.373	0.895
06e764f2c200a9ee47f9970aab4352a151970c632f7546faa136c7c783b249c1	5b62d81be472aaecd195c9de7e69dc0ada05879ec9314d797cfbc148d683e467	27.600	187	0.373	0.890
06e764f2c200a9ee47f9970aab4352a151970c632f7546faa136c7c783b249c1	4cf14deebb45f19ff60afbbb6c41951a48d57bb95579b9b10f0adf0658d6b2b6	27.600	187	0.373	0.886
06e764f2c200a9ee47f9970aab4352a151970c632f7546faa136c7c783b249c1	afa4a844f2542215dbca15366ab19cc47c2eeb524979a0cd267f59deedeb2d62	27.600	187	0.373	0.886
06e764f2c200a9ee47f9970aab4352a151970c632f7546faa136c7c783b249c1	5292660937d86c9337e23c88a1885621c8d8e84966ce5c6d574b92233b01e508	27.600	187	0.373	0.878
5244d101f60c0bad4030c06efbd564215516c40253cfbf034d9aa08a0a824dff	ef8bd29fba3ecaa5ce47f4d880a04a655d44fc38ee8e53bd702c77c878e308b6	27.100	174	0.827	0.841
5244d101f60c0bad4030c06efbd564215516c40253cfbf034d9aa08a0a824dff	ae4f6a5dd0ae03e430ac1a42a321587e3f0e6a4083458a8e742aa817fce38020	27.100	174	0.827	0.837
df3caa257c523841110f85edf4958f428d15e577901d1a033d71476cb607aa5e	1595a167ea153be821841512800a3ad56bda5c0017c6371351a4a6e7e9e99dbe	99.600	291	0.577	1.000
df3caa257c523841110f85edf4958f428d15e577901d1a033d71476cb607aa5e	9af06c1782bfcf934c6119754e938dd755bd650ff683a29ddbd8c2ac856e46c4	33.300	161	0.319	0.371
df3caa257c523841110f85edf4958f428d15e577901d1a033d71476cb607aa5e	12b7e7cdfd2cd4a0b30b5fd999771010a606a8642f8034cbf3aa7bdfd7bb5e9b	34.400	87	0.173	0.116
df3caa257c523841110f85edf4958f428d15e577901d1a033d71476cb607aa5e	67570e7cd0ea990e4157dd26606201209646671e8c53cd2256b9081178e6a6b1	34.400	87	0.173	0.116
df3caa257c523841110f85edf4958f428d15e577901d1a033d71476cb607aa5e	945f505303aa4d1c74b2f77a1fc56aae7584093fa9b781fbc9ec66e818d888a1	34.400	87	0.173	0.116
f6828957643d763951b8a7b85ef92ee279a61235313aacf29bcd8d1f63b7f68b	9c0acc029756c9045c994da23d5dd8a3be3c37f6bd9d9e89d79c2698188dc5ea	99.100	851	0.993	1.000
f6828957643d763951b8a7b85ef92ee279a61235313aacf29bcd8d1f63b7f68b	35753fe989d291ac33c1ff22bf3e5531b3384a8495458e96b7c45966fca11d5a	99.100	849	0.991	1.000
f6828957643d763951b8a7b85ef92ee279a61235313aacf29bcd8d1f63b7f68b	d5d2b3b8ec8f09abc02c1783eca603e9097c006a84ce686155ff646cc23d7225	97.600	849	0.991	1.000
f6828957643d763951b8a7b85ef92ee279a61235313aacf29bcd8d1f63b7f68b	da65d93407dbf813c7d6b2c2f1ab8ba6f85a7698e7dd6bfcb90367942c2b4bbc	27.700	496	0.579	0.672
f6828957643d763951b8a7b85ef92ee279a61235313aacf29bcd8d1f63b7f68b	554fed446b27f982e12a5bb21f02d351a6926f74205d5c58c9aa4937340484c3	27.700	496	0.579	0.685
380cc0691299397463ef3c4572b3f0bf20ad059d726342afad61f2ba4f366cb6	48274ff7f712dfa379f9bb5d55173c52e649c77c6efce8bbb52206c67f3d7fe6	42.100	310	0.941	0.951
380cc0691299397463ef3c4572b3f0bf20ad059d726342afad61f2ba4f366cb6	1fd67987c3bfd898743f6307af3c4a6ce75415f6e65bb81482a0855d42668f68	39.700	314	0.969	0.963
380cc0691299397463ef3c4572b3f0bf20ad059d726342afad61f2ba4f366cb6	6e4f9bb17a728dd4ca5bb5c3488ee88764f645064bef0e9cd1332c26e7e7ae27	35.700	305	0.941	0.971
6a5979cb1af1d425acb2423496ad3ed7d357552b2732245d3732fa9c6b3ec38b	f20b33ffd70baa4a7e781888c715964dfb879af479f0df9e96b09d143762efe5	65.100	135	0.839	1.000
6a5979cb1af1d425acb2423496ad3ed7d357552b2732245d3732fa9c6b3ec38b	742437897c5db8ebd3eb20a4d5694cd58711a33756c42867093f7c8776ad1ed7	35.900	126	0.783	0.958
6a5979cb1af1d425acb2423496ad3ed7d357552b2732245d3732fa9c6b3ec38b	c6fb6bcbe4b5831505678638e34f0fe9ba66e675590e23483c6a315b15ad233d	35.300	126	0.783	0.959
6a5979cb1af1d425acb2423496ad3ed7d357552b2732245d3732fa9c6b3ec38b	3fdb0ecddf682ea329409cbd65f1023ab86b89d3649887fc5fd63ee07a63f307	34.800	126	0.783	0.960
814d7e6114e40802ecf4cea971d5d98de724ce7451f094ffdee525c1371e301c	ba886f5bf2f66c218eec7f093d83de5cce5534a43a52333ca6eac9fc16e0cbe8	100.000	462	0.885	1.000
814d7e6114e40802ecf4cea971d5d98de724ce7451f094ffdee525c1371e301c	b950db874a71669651d93e14a595a030ef06a866798c9df495f04047c8b175f5	99.500	462	0.885	1.000
814d7e6114e40802ecf4cea971d5d98de724ce7451f094ffdee525c1371e301c	944871740273c56b41f1a52f38248209e036b941ea14f4b139429503e8c2b7f3	99.500	461	0.883	1.000
814d7e6114e40802ecf4cea971d5d98de724ce7451f094ffdee525c1371e301c	c6cfc7e4d91bcedd33adcf642967e9391483faabd17b440b1a66e0b5f3646a4c	54.700	458	0.877	0.996
814d7e6114e40802ecf4cea971d5d98de724ce7451f094ffdee525c1371e301c	ef1718f905393bb16266c08fda4cf042a1a8b08d06a0636f34ecf87b37aeb8b8	54.700	458	0.877	0.993
814d7e6114e40802ecf4cea971d5d98de724ce7451f094ffdee525c1371e301c	c4ebe2c7eeff5d34e78f34f1dd951302d03ed98812036fde53424a1d6db52be1	54.100	458	0.877	0.996
814d7e6114e40802ecf4cea971d5d98de724ce7451f094ffdee525c1371e301c	5ac808a52115175728e212b1bf8ba6a65b5a0752fea2c1a9e381246b1a6872c6	54.100	458	0.877	0.993
814d7e6114e40802ecf4cea971d5d98de724ce7451f094ffdee525c1371e301c	d325cd532105b6f66836c5fad807bd6282029028cbe065bb0269941be78ddeec	50.200	459	0.877	0.996
814d7e6114e40802ecf4cea971d5d98de724ce7451f094ffdee525c1371e301c	fb5609204b43825d974a42a11c1e62dcdf85d2a2b345e03279bf612b08430439	48.800	458	0.877	0.978
814d7e6114e40802ecf4cea971d5d98de724ce7451f094ffdee525c1371e301c	d0c23c2ed806e333e0c3b5455bc3be73f769707d02719871b7a48386adc444e0	48.500	458	0.877	0.978
814d7e6114e40802ecf4cea971d5d98de724ce7451f094ffdee525c1371e301c	b6aef1b19e688343a98fa7e880c72335234ec29524040f4fc0844c430b397cea	48.500	458	0.877	0.978
814d7e6114e40802ecf4cea971d5d98de724ce7451f094ffdee525c1371e301c	b7a4e8c0f5c33f561e82e0c9c6bd43d16239cdc4b08e57a5da5d11b02789c02c	48.500	458	0.877	0.976
814d7e6114e40802ecf4cea971d5d98de724ce7451f094ffdee525c1371e301c	12e3e06c71d60bacead701c637697c8d64b8f094728b27cf6fd6f9658caef6e0	37.300	469	0.879	0.969
814d7e6114e40802ecf4cea971d5d98de724ce7451f094ffdee525c1371e301c	e54185a19e4e6f3178414f087839110ee49e208bd327512461da334f4bb86600	37.300	469	0.879	0.965
814d7e6114e40802ecf4cea971d5d98de724ce7451f094ffdee525c1371e301c	da65bd8ee8b442505644b627af121fa683c85066f5de789141917c76fdcf2417	37.300	469	0.879	0.963
814d7e6114e40802ecf4cea971d5d98de724ce7451f094ffdee525c1371e301c	be029b2f256424df491f43877bc40f297ccd9366cd98817cdb1b2c8803697928	37.300	469	0.879	0.961
814d7e6114e40802ecf4cea971d5d98de724ce7451f094ffdee525c1371e301c	a2163a393850b530b4ef3a1d72430e6c7651cfb76bb3f9e6316409b5fd8e4aba	37.300	469	0.879	0.959
814d7e6114e40802ecf4cea971d5d98de724ce7451f094ffdee525c1371e301c	8d7688ba5d412f9e67a4cd3650ef37f390dd79a2dcf66af344e937fa220b0611	37.300	469	0.879	0.957
814d7e6114e40802ecf4cea971d5d98de724ce7451f094ffdee525c1371e301c	b5bde79d42740faf9f7f91ffb9f8d9e88b40b7ac786fd7ac989c9ee6b54f8170	37.300	469	0.879	0.955
814d7e6114e40802ecf4cea971d5d98de724ce7451f094ffdee525c1371e301c	6f766fc1b24a90d02a32f25afb3e8f535d2c4fa888b1ace3b4e11f348d69c7a0	28.300	451	0.864	0.969
553ddef377b84167048c087d19725632b8355f16ce8d6c8e47cdea8591dbc6cf	1dceb1b599e3b6606db1dd56c3647783fcd281d5026b5fb2a522c4a294590c29	95.100	393	0.975	1.000
553ddef377b84167048c087d19725632b8355f16ce8d6c8e47cdea8591dbc6cf	e96b1e1336bc429e20dc7168c12e56817e403e1cd463d415ccdc17b1582405cb	95.100	392	0.973	1.000
0ca26b54f0c45d0135ce37c885e5d97403dfe1e0e8b7752d3773a6b8966fa1a9	c43b981fb6ca62e6ba5d9771987cda644ceca1031e07a661fd4f05a1399bb9a1	100.000	350	0.345	1.000
0ca26b54f0c45d0135ce37c885e5d97403dfe1e0e8b7752d3773a6b8966fa1a9	d9c09920ef6b2b5ee7046448c0a930cbdba700e91c4af87ad1308aec3bde4853	99.700	350	0.345	1.000
0ca26b54f0c45d0135ce37c885e5d97403dfe1e0e8b7752d3773a6b8966fa1a9	0ccb89e43920757a06841e2c97c00bf0d4705fe86903601b31a283456ec97990	86.800	350	0.345	1.000
0ca26b54f0c45d0135ce37c885e5d97403dfe1e0e8b7752d3773a6b8966fa1a9	ceac860f7726e212c3787eae251e1955e8c5758180663935481622575af8b095	36.300	338	0.330	0.960
0ca26b54f0c45d0135ce37c885e5d97403dfe1e0e8b7752d3773a6b8966fa1a9	af8addec2ede8822dd17537922964c9d6a80b885a86e8d395e942cdce83d6335	36.400	341	0.330	0.955
223bf6426d9ad4fccd858bc2988b9ec441020f239760a0e13758c1f2e3dfc124	a93f8463471a9563ec1f1ad54e13e7ff373f5269bf10a63f0c99de9953ae5bba	24.400	366	0.728	0.775
223bf6426d9ad4fccd858bc2988b9ec441020f239760a0e13758c1f2e3dfc124	e1a931b383aac3eee8d451af51cd9da07eac0c651c79fb656c4fe68e979db199	24.300	366	0.728	0.787
223bf6426d9ad4fccd858bc2988b9ec441020f239760a0e13758c1f2e3dfc124	7dfc230828d7b7531078e9e5f494448c3e5c38284c47c1b9e15eaa5052b7220a	23.900	366	0.728	0.788
223bf6426d9ad4fccd858bc2988b9ec441020f239760a0e13758c1f2e3dfc124	d19caaaa84e8546da85db2f88bd02077f221c857d4fa3d481dbe6ab879392b43	23.900	366	0.728	0.774
223bf6426d9ad4fccd858bc2988b9ec441020f239760a0e13758c1f2e3dfc124	bbacaadd16eba82b64f703ec60249882617b5023cfc51dc71e7ea86362bd5ff5	23.900	366	0.728	0.785
223bf6426d9ad4fccd858bc2988b9ec441020f239760a0e13758c1f2e3dfc124	0e7b7f7a42951cbac775b2fbb1c153a662af268f14de4529c8d901b72159fdd0	30.400	208	0.398	0.466
223bf6426d9ad4fccd858bc2988b9ec441020f239760a0e13758c1f2e3dfc124	670b877a5d39ac829d8edf619d1594f722712ce227b49da56bff06f125da0dbe	31.600	198	0.390	0.426
223bf6426d9ad4fccd858bc2988b9ec441020f239760a0e13758c1f2e3dfc124	23e12dd5e3c254365ed3e10aefad220d9f9b330ffb672f5fe468b398c6479672	31.600	198	0.390	0.423
223bf6426d9ad4fccd858bc2988b9ec441020f239760a0e13758c1f2e3dfc124	02420138b550828c0a4476f45794c3cd5415c770a8873c752800a0b526b71b54	23.500	366	0.728	0.776
223bf6426d9ad4fccd858bc2988b9ec441020f239760a0e13758c1f2e3dfc124	c224348e42f133710c0e3e8881032b7681787a72803f5502d0391821652d3610	31.400	193	0.380	0.429
223bf6426d9ad4fccd858bc2988b9ec441020f239760a0e13758c1f2e3dfc124	2b367be1818a027d7905b17425af0a82edfa3bef5dc4a2c142b2b16136c9efae	25.000	407	0.809	0.877
223bf6426d9ad4fccd858bc2988b9ec441020f239760a0e13758c1f2e3dfc124	c6916b24979be888b0a9eaa14208986e0c0d6fee3235e6bf7c63771749910146	25.000	407	0.809	0.875
223bf6426d9ad4fccd858bc2988b9ec441020f239760a0e13758c1f2e3dfc124	36eb6b5d2b752b0d32d63cf3539a6b77f3f75d7dc30123f63a03e4ade37dbc32	25.000	407	0.809	0.872
223bf6426d9ad4fccd858bc2988b9ec441020f239760a0e13758c1f2e3dfc124	4b87def6009fa7b5ca1c22f0d5ea1d5ad65fd38c972deffb4b4847c045d06f68	24.000	401	0.797	0.868
223bf6426d9ad4fccd858bc2988b9ec441020f239760a0e13758c1f2e3dfc124	6e3a515cf3565de295efea7cb17953730b7fbc17c65eb7bcfb9ba72a158cc1b8	22.100	427	0.849	0.918
223bf6426d9ad4fccd858bc2988b9ec441020f239760a0e13758c1f2e3dfc124	c5d31adab7e7fcb35e2305db9c572fe42789a34381b6ee82a4a0ba35d4aa1572	22.100	427	0.849	0.918
223bf6426d9ad4fccd858bc2988b9ec441020f239760a0e13758c1f2e3dfc124	c85be9a3f4132ff3d81ce6ed052f0c0585f7e58895c57ced8778a2f696c8d70b	22.100	427	0.849	0.916
223bf6426d9ad4fccd858bc2988b9ec441020f239760a0e13758c1f2e3dfc124	19b0fce0567b111f19274faefa8810ec42fdf2692db8de681b02687d5a0045ff	21.900	427	0.849	0.918
223bf6426d9ad4fccd858bc2988b9ec441020f239760a0e13758c1f2e3dfc124	8934d17e761d51d53d231f7ca99d388e0548c00dd7c6ea70e8781d742a4cdb81	21.900	427	0.849	0.920
223bf6426d9ad4fccd858bc2988b9ec441020f239760a0e13758c1f2e3dfc124	a8ab4bbd5da21216afb5487736c1c7d74226570b1123774f4196cd3f876fb691	22.900	401	0.797	0.864
d3fb27d1375e72298cc4755c7a388e130ba0884d38e15489e3cc4e11f34b8393	3c51fd8ce37aae2bc11be90007fc5e8fea0cb798244ef1d8b10f73b3eef069f4	26.900	257	0.375	0.962
d3fb27d1375e72298cc4755c7a388e130ba0884d38e15489e3cc4e11f34b8393	328e638a411108e4961f36b4ea742215b2821b6befbfd1094f81bb1e6f2400d3	29.300	237	0.346	0.859
d3fb27d1375e72298cc4755c7a388e130ba0884d38e15489e3cc4e11f34b8393	51ef49071b00d7a6a46b4542281759edc65979fecde61d1976cecf1b7788a67f	29.700	237	0.346	0.901
d3fb27d1375e72298cc4755c7a388e130ba0884d38e15489e3cc4e11f34b8393	68d263d272df663782771e2727284513a09392e75322585eda09bf6ddc900f1c	28.900	237	0.346	0.860
d3fb27d1375e72298cc4755c7a388e130ba0884d38e15489e3cc4e11f34b8393	758d865388f9fb3767bd99e055023bdbb10a8511eaa54e1b2a2d077116f8f85e	28.400	242	0.353	0.916
d3fb27d1375e72298cc4755c7a388e130ba0884d38e15489e3cc4e11f34b8393	a426859c2fdaf6ce556797ba9048d775c7853dfeea9e1be2f544a000e9a7c471	28.000	242	0.353	0.912
d3fb27d1375e72298cc4755c7a388e130ba0884d38e15489e3cc4e11f34b8393	b5366aedc0c5463f45d8169155354aff98174536acc94905c952ebde0c831474	28.000	242	0.353	0.915
d3fb27d1375e72298cc4755c7a388e130ba0884d38e15489e3cc4e11f34b8393	85b8dbaf5a7b0abe6681ef70e623d182dbfff360e0f03f47f7ed66e28d132c3d	28.000	237	0.346	0.900
d3fb27d1375e72298cc4755c7a388e130ba0884d38e15489e3cc4e11f34b8393	574136d04122b4f76ba4a35fe14358fc550b21feb1e28cbd5c6d3c75e5453140	27.600	242	0.353	0.885
d3fb27d1375e72298cc4755c7a388e130ba0884d38e15489e3cc4e11f34b8393	ae227c5db744050b1d4e017463be97ea7221290db0bc24ddfabdec712960f7dc	27.600	242	0.353	0.878
d3fb27d1375e72298cc4755c7a388e130ba0884d38e15489e3cc4e11f34b8393	491838c637e038b138dac34f5b8b71838602a60419529e159fadf49d2e3af3b5	27.600	242	0.353	0.863
d3fb27d1375e72298cc4755c7a388e130ba0884d38e15489e3cc4e11f34b8393	77ce10b393d7c42ee0cc93f38875a7ed73f6ed58987c97e0201b8f668e125179	28.000	242	0.353	0.912
d3fb27d1375e72298cc4755c7a388e130ba0884d38e15489e3cc4e11f34b8393	7891c4dfb5421e8d58c0a36dcdc52a2f943532cdfc30524bb3128c7ca6b3e7a9	26.100	255	0.372	0.961
d3fb27d1375e72298cc4755c7a388e130ba0884d38e15489e3cc4e11f34b8393	f8d004777be3f7a9256abd52c78a5057d7a57e58a91e824f05fa6127e74abe9b	26.100	255	0.372	0.953
d3fb27d1375e72298cc4755c7a388e130ba0884d38e15489e3cc4e11f34b8393	b5c11c0dca4639290f955618958d3b0b3ddee5d571c0bc843f46eb3ec8f9f64d	26.400	242	0.353	0.909
d3fb27d1375e72298cc4755c7a388e130ba0884d38e15489e3cc4e11f34b8393	e059cd0b395629825e28e0e9782d4b5659ff334b13a60e6c08c6e7ec61b98481	22.900	257	0.375	0.956
d3fb27d1375e72298cc4755c7a388e130ba0884d38e15489e3cc4e11f34b8393	f8ff22990451036197f5072d6a17a7641c8b10a02bbf51a5015fa3168f97368b	26.300	250	0.343	0.706
d3fb27d1375e72298cc4755c7a388e130ba0884d38e15489e3cc4e11f34b8393	7f0a7c60c3375e371b98f3dda13fe19ecfe1249b443e09eec174e5b5a167f534	26.000	223	0.302	0.618
d3fb27d1375e72298cc4755c7a388e130ba0884d38e15489e3cc4e11f34b8393	e4f7aea1725d4040ca2172f4c00f8ed833d31dc662f78c2f365dc48e107f3347	26.000	223	0.302	0.613
d3fb27d1375e72298cc4755c7a388e130ba0884d38e15489e3cc4e11f34b8393	cc52571bcdce3e9aee5a62f8e273dbd49936dac3829048bf08bc11c65a6091b8	25.600	220	0.302	0.616
85ef61db0fc6a5c58fdcdc4a0840a09cbf9e46be67b5e27d02b12d8f319d5d23	01ee221f596e31bb44279014f3ca0a54b7c29e58fa8f29e7e758045a5b723ea3	100.000	393	0.908	0.995
85ef61db0fc6a5c58fdcdc4a0840a09cbf9e46be67b5e27d02b12d8f319d5d23	d815f90ccc8d6546447dd25fa5d74bd91c652395d8578986deac80002f2866d3	100.000	390	0.901	1.000
85ef61db0fc6a5c58fdcdc4a0840a09cbf9e46be67b5e27d02b12d8f319d5d23	b15998206d34826cfe82e9759f37c7b8f39b14674cb4f0b170cd7256c023433a	100.000	389	0.898	1.000
85ef61db0fc6a5c58fdcdc4a0840a09cbf9e46be67b5e27d02b12d8f319d5d23	c2dbd664afdbc677c06578131fa4609bacfec55c57c2eb6c7432e45becd46e65	98.900	388	0.896	1.000
85ef61db0fc6a5c58fdcdc4a0840a09cbf9e46be67b5e27d02b12d8f319d5d23	691435e6699bad196f5324d85e91fcb1f63ebf6edb78d4e94a5cfa3f20987071	98.900	385	0.889	1.000
85ef61db0fc6a5c58fdcdc4a0840a09cbf9e46be67b5e27d02b12d8f319d5d23	f0732a1291123349bb481b1ee13655275dc0259cbe93ee0e79e1eb2d205acaff	98.100	388	0.896	1.000
85ef61db0fc6a5c58fdcdc4a0840a09cbf9e46be67b5e27d02b12d8f319d5d23	48f881d90103ae2ea6ee2fdbf80feadd5ac3d19f6408a07084bbc1f16994768b	97.100	388	0.896	1.000
85ef61db0fc6a5c58fdcdc4a0840a09cbf9e46be67b5e27d02b12d8f319d5d23	c16b36f0ff9cd3d913f77d5a656a07ee43bcf3a551573340ed56cdf5c959e329	96.400	391	0.903	1.000
85ef61db0fc6a5c58fdcdc4a0840a09cbf9e46be67b5e27d02b12d8f319d5d23	45f6d80ca79beb943439dbbd388e36c06e05ff574b3c3cd7503874bce43d4e9d	96.100	391	0.903	1.000
85ef61db0fc6a5c58fdcdc4a0840a09cbf9e46be67b5e27d02b12d8f319d5d23	c3c51905b4056e3d7f218aced696c2f5ff5e5752598be013d1f1685f75f5e828	96.600	388	0.896	1.000
85ef61db0fc6a5c58fdcdc4a0840a09cbf9e46be67b5e27d02b12d8f319d5d23	b23066d0566728c155d098fcbb102087ae95d1b2853497a7c2fc165db1a8728e	96.400	389	0.898	1.000
85ef61db0fc6a5c58fdcdc4a0840a09cbf9e46be67b5e27d02b12d8f319d5d23	9cbcf7e2ea9122993bd27770cf9b42d2a6dcaaf15cae2e770df59f2a3c98d6d7	96.100	388	0.896	1.000
85ef61db0fc6a5c58fdcdc4a0840a09cbf9e46be67b5e27d02b12d8f319d5d23	03b17cbf1db29297622d4bb077f193b2e2454c4aab2b858472f7d01dd3e45369	95.600	390	0.901	1.000
85ef61db0fc6a5c58fdcdc4a0840a09cbf9e46be67b5e27d02b12d8f319d5d23	930906d4bc70e65f15d113bf71c69c0053367a52114f3ce658fb2811a5b8c00c	95.800	389	0.898	1.000
85ef61db0fc6a5c58fdcdc4a0840a09cbf9e46be67b5e27d02b12d8f319d5d23	a1f1c35b1ea3d703598fecdc44fb9f701e9ea9fdeb3802f8ba4c36c77b1351a2	95.600	389	0.898	1.000
85ef61db0fc6a5c58fdcdc4a0840a09cbf9e46be67b5e27d02b12d8f319d5d23	c994f63d2a8c0c2ba0692def509c380972e5c85d9c588e47123e0eebb7095069	94.800	391	0.903	1.000
85ef61db0fc6a5c58fdcdc4a0840a09cbf9e46be67b5e27d02b12d8f319d5d23	70687f70332fa48ea3bf8c0cc3224699300a8127247bc92763488b39645e4f3c	95.600	388	0.896	1.000
85ef61db0fc6a5c58fdcdc4a0840a09cbf9e46be67b5e27d02b12d8f319d5d23	182c93bdea635b141b202de09a07294bdbd816bf37b48e3f6ce86b496cf2272b	94.800	389	0.898	1.000
85ef61db0fc6a5c58fdcdc4a0840a09cbf9e46be67b5e27d02b12d8f319d5d23	066c9bdcdd69354fca3baaa025402a6da283c55ff1c509db0c2696ea69b0c29e	94.800	389	0.898	1.000
85ef61db0fc6a5c58fdcdc4a0840a09cbf9e46be67b5e27d02b12d8f319d5d23	787262acc269b1de9aff1f2e3b475e45ce032186c3a9844a8e1e00b10d7e6359	94.300	386	0.891	1.000
029dbd24c59c9a501b5bdb84531bcc334758d2600d6731d1eb705e2c755fa1e4	5a49ae40651ff549931c98cf8fee9986a84bcdd09cd9011cd90e8d9b946075fc	94.500	202	0.995	1.000
029dbd24c59c9a501b5bdb84531bcc334758d2600d6731d1eb705e2c755fa1e4	ca130674cc4f10bd368f465391d03316baa138372bce6397d416a1398cf9fa6a	94.500	202	0.995	1.000
029dbd24c59c9a501b5bdb84531bcc334758d2600d6731d1eb705e2c755fa1e4	107610aa4e05847f7c6dc1dd6f37f77376453376d46157653675a80c74fb9b9f	93.500	202	0.995	1.000
029dbd24c59c9a501b5bdb84531bcc334758d2600d6731d1eb705e2c755fa1e4	5d267755e7346f2f4f902f6edc32dce52cb4c47ff07c55945248397dfbd77560	74.300	203	0.995	0.990
029dbd24c59c9a501b5bdb84531bcc334758d2600d6731d1eb705e2c755fa1e4	6a070751d3a1a35e97e2f29985aba3f1f6d4de1b7789f72d507ff8a35c9498a0	66.400	191	0.941	0.994
029dbd24c59c9a501b5bdb84531bcc334758d2600d6731d1eb705e2c755fa1e4	7b2953f7bd660290a928e90f5351ccfc9da0b007b33e6eebaf68b75063b77f0e	55.300	188	0.926	0.978
029dbd24c59c9a501b5bdb84531bcc334758d2600d6731d1eb705e2c755fa1e4	c27961b6932791d293bc8c7cf2b75e5e4887064de0cfbc41d063ec29a1568422	51.000	192	0.946	0.995
029dbd24c59c9a501b5bdb84531bcc334758d2600d6731d1eb705e2c755fa1e4	2e3ac23bfde25867d204380c09a6c3d1e338c0c33b511670a4898901919be392	50.700	191	0.941	0.995
029dbd24c59c9a501b5bdb84531bcc334758d2600d6731d1eb705e2c755fa1e4	b54848d51704f4ee2874773663679562f0314686e2af80f6ab41b6ddc5236951	50.500	191	0.941	0.995
029dbd24c59c9a501b5bdb84531bcc334758d2600d6731d1eb705e2c755fa1e4	7ee29cdb5773d0cc96934a96d25565f216b5f138411a6aefe94ee010a376541a	33.700	181	0.892	0.955
029dbd24c59c9a501b5bdb84531bcc334758d2600d6731d1eb705e2c755fa1e4	fb63ed751ac52bc30766c192912ad20d710a347d0083742b984fb31977bc466a	33.700	181	0.892	0.942
029dbd24c59c9a501b5bdb84531bcc334758d2600d6731d1eb705e2c755fa1e4	f4c7b6eaac950f172baff0685639c5fd0191eb463db71d0f05d9e0a264ae2171	30.400	171	0.842	0.898
029dbd24c59c9a501b5bdb84531bcc334758d2600d6731d1eb705e2c755fa1e4	ee94fa02328752647bd6d7461af9a837859af7b2182ab3ef7f22083a2b8ad518	32.800	128	0.631	0.708
029dbd24c59c9a501b5bdb84531bcc334758d2600d6731d1eb705e2c755fa1e4	7054425fc094f1cf146e8ddf258ba923e1cb088ec08d1c5fea1f075c1c6cb671	32.800	128	0.631	0.695
029dbd24c59c9a501b5bdb84531bcc334758d2600d6731d1eb705e2c755fa1e4	cef378319c4a2f477d2f4e5300924e3226c3d1f0c47bf59db74d24990e60e575	28.100	171	0.842	0.884
029dbd24c59c9a501b5bdb84531bcc334758d2600d6731d1eb705e2c755fa1e4	4f0f1ed82c7a59b90c7eba4e0e922a471502a5d8549ca227b4f13766a93672e0	28.100	171	0.842	0.873
029dbd24c59c9a501b5bdb84531bcc334758d2600d6731d1eb705e2c755fa1e4	8399ff47da5764652528efda1455442e4be85e6c0e6d5d2ca3461a4d076bb903	28.100	171	0.842	0.879
029dbd24c59c9a501b5bdb84531bcc334758d2600d6731d1eb705e2c755fa1e4	019775bf992dbc376d896bc902c459480f590812dfbd5965f6460bc61bb16db2	28.100	171	0.842	0.858
029dbd24c59c9a501b5bdb84531bcc334758d2600d6731d1eb705e2c755fa1e4	e8b99791a6a33194d14bda9933d1300f7a0c417c2aaa19c9ca9dabf0c11c20f4	28.200	170	0.837	0.940
029dbd24c59c9a501b5bdb84531bcc334758d2600d6731d1eb705e2c755fa1e4	ad423abf82cb12f856b1256826f97fafedfabcc01e5802429c857bf810e3c13c	26.400	177	0.872	0.929
03b143ca357281720865ceed551ab124e96aae9491a70dc08177fb7a40b8ae21	396877c0c92ee84dae6cae9504a252175594c8cffd5abbcde5b973170bd32b4c	100.000	421	0.368	1.000
03b143ca357281720865ceed551ab124e96aae9491a70dc08177fb7a40b8ae21	5813c1c2f4c5ec7c708da7eca19d75e104c37e065ef443e02722084509ba39ef	100.000	420	0.367	1.000
03b143ca357281720865ceed551ab124e96aae9491a70dc08177fb7a40b8ae21	3403935b16021ef5cc43a77ee2f8a72c832dfd2d6333481e7964b0047dae7aa6	100.000	419	0.366	1.000
03b143ca357281720865ceed551ab124e96aae9491a70dc08177fb7a40b8ae21	898e5cde1fce5eb9b66b7857352462c2be294a12f67ba5ce1160677141a8028e	99.000	421	0.368	1.000
03b143ca357281720865ceed551ab124e96aae9491a70dc08177fb7a40b8ae21	90070d216e12846d2f2a6dbb35a2f72b2cfea9a390d9717487fe3d248c9ed6dc	98.800	421	0.368	1.000
03b143ca357281720865ceed551ab124e96aae9491a70dc08177fb7a40b8ae21	2219c16aa0ea521ff475f0393ed174122389fab28f4675a86276e55e36f7c703	98.800	421	0.368	1.000
03b143ca357281720865ceed551ab124e96aae9491a70dc08177fb7a40b8ae21	63b1b5759f786470f20f435d521a5ae62715c86e2e7aafe76748f983fd7d9598	99.000	419	0.366	1.000
03b143ca357281720865ceed551ab124e96aae9491a70dc08177fb7a40b8ae21	c17ebcefca749c1c7aa5b1b7fe6211c46f66163180db3989aa2ef2048b18f417	98.000	421	0.368	1.000
03b143ca357281720865ceed551ab124e96aae9491a70dc08177fb7a40b8ae21	286213e06c0b0681c8dcd797bba699066cbee7c0e9f73021e5f1912647100d5f	98.300	419	0.366	1.000
03b143ca357281720865ceed551ab124e96aae9491a70dc08177fb7a40b8ae21	c8314590dc305dc9bed46c12b50e84de4177e02293dd21608b5bb524251b53fe	97.800	421	0.368	1.000
03b143ca357281720865ceed551ab124e96aae9491a70dc08177fb7a40b8ae21	3ce8bf333448fe7c4cc4af088c6b06e32f1e20c0ebc40896b8f88e0ea906c8bd	98.000	420	0.367	1.000
03b143ca357281720865ceed551ab124e96aae9491a70dc08177fb7a40b8ae21	236a421195af6bfb92ea29259aa03d5ee6782ec50cbb480b29dfee4126637c40	97.800	421	0.368	1.000
03b143ca357281720865ceed551ab124e96aae9491a70dc08177fb7a40b8ae21	373b1df3f79525f1c06cd4b87ba68051e747099b9b765633b967d00ea2275995	98.000	419	0.366	1.000
03b143ca357281720865ceed551ab124e96aae9491a70dc08177fb7a40b8ae21	22750177b6975683f0a781074749e5e17370aa03c075baefa07b164a76eceacb	97.800	420	0.367	1.000
03b143ca357281720865ceed551ab124e96aae9491a70dc08177fb7a40b8ae21	aa88b821c57c0f0307ea98424f8d49f822df527429f517f420abe990cbb0f07d	97.800	421	0.368	1.000
03b143ca357281720865ceed551ab124e96aae9491a70dc08177fb7a40b8ae21	18559192ccded7bbfb8abb1c32d82534d4401115073fbee74c635def6c42728a	97.600	421	0.368	1.000
03b143ca357281720865ceed551ab124e96aae9491a70dc08177fb7a40b8ae21	07f69eab5410b207f2a1879b200a24e49afdea22bb5302864177fd7a835cf8ac	97.800	419	0.366	1.000
03b143ca357281720865ceed551ab124e96aae9491a70dc08177fb7a40b8ae21	cd84e295c108e9a14f961f41f7b2e29ca312e34a9d223984d02c94cb6d4d33f7	97.600	421	0.368	1.000
03b143ca357281720865ceed551ab124e96aae9491a70dc08177fb7a40b8ae21	ba30050e23d93470a6e26f514758570b0e1773f95dbe21ee97833ee5af425aa9	97.800	420	0.367	1.000
03b143ca357281720865ceed551ab124e96aae9491a70dc08177fb7a40b8ae21	b4e20e04064fe8e7aec2ed108325a1bb1bd4bf8cbdb24751dd1fa9b81da9fb6b	97.300	421	0.368	1.000
c7f982aa0afa168f06fb22ba0d66abd196aa829ba1086730aeea6a759cb9c485	bc773b0a4eeeb2a8d638bae33dae444b080c209ebdac1a4c5a5dccebfb60416c	100.000	292	0.314	1.000
c7f982aa0afa168f06fb22ba0d66abd196aa829ba1086730aeea6a759cb9c485	8f71abff35b25a662a882ba27b0aeb2f7f393807897415868b95e61a1f3f2377	55.500	290	0.312	0.982
c7f982aa0afa168f06fb22ba0d66abd196aa829ba1086730aeea6a759cb9c485	e6d57747bfc2abcdb11b6664ff3a60d3f781a5699bcab46ef4a5fad8bb50a00a	55.100	290	0.312	0.979
c7f982aa0afa168f06fb22ba0d66abd196aa829ba1086730aeea6a759cb9c485	cb15b759a3992823f9c07f3ed9b6d9cd95d7773c1c8daa0bde7142f177b59452	46.800	290	0.312	1.000
c7f982aa0afa168f06fb22ba0d66abd196aa829ba1086730aeea6a759cb9c485	d5c280104321faa7bf4e6606e9efe1f5d5266ab3420cb9424abe0339c6ada7f6	46.400	291	0.313	0.997
c7f982aa0afa168f06fb22ba0d66abd196aa829ba1086730aeea6a759cb9c485	c9f7d36a363496e0049d91597467243251d13df1cbfebf2b09b81ea99c49fef9	46.400	291	0.313	0.993
c7f982aa0afa168f06fb22ba0d66abd196aa829ba1086730aeea6a759cb9c485	0e998f9c658379f843615ba698ee92e8444b6bc91d06a9ca53309f637676a44f	46.900	291	0.313	0.993
c7f982aa0afa168f06fb22ba0d66abd196aa829ba1086730aeea6a759cb9c485	e5b0ad6f6defbc584ab66540314e53eec3f030a59310026570d5e56f115acda2	31.100	208	0.224	0.975
c7f982aa0afa168f06fb22ba0d66abd196aa829ba1086730aeea6a759cb9c485	5f1fc6e70187052afc0c1094cfbbb63e2ea5d457ca1f71eb981fabaa3271c2b4	24.200	444	0.477	0.967
c7f982aa0afa168f06fb22ba0d66abd196aa829ba1086730aeea6a759cb9c485	98ed7572b75ead00960b20627a3d50458b5119aee385fd4a3ad42be0aad6d2c6	26.600	286	0.308	0.614
c7f982aa0afa168f06fb22ba0d66abd196aa829ba1086730aeea6a759cb9c485	e88bf06681a88c8cc0d5d2086741e3b9368fee1177883e236bc503e95aae47ff	26.600	286	0.308	0.612
c7f982aa0afa168f06fb22ba0d66abd196aa829ba1086730aeea6a759cb9c485	419236611a707b3d1ade1c38d863d62bf7af28007e34781aa46d5cfee2803ba1	27.000	155	0.167	0.733
5862305c8302b2d7dd9de31f34102a1220d9099d9f6f7b961610ed4337934880	df7aa00442f89dbcb943d7ea043854121a4ec17febdaf280b9d0e8c96d5a8401	100.000	260	0.996	1.000
5862305c8302b2d7dd9de31f34102a1220d9099d9f6f7b961610ed4337934880	e9257927f35ef0f28a45db75697e6a8af7bc4f5de7450c094a5e2aee443dfe90	100.000	258	0.989	1.000
5862305c8302b2d7dd9de31f34102a1220d9099d9f6f7b961610ed4337934880	9fff98c39c07ba44a28486cb5b962012a116564e6c3798e08bfe2ed6dc2cd1c6	100.000	257	0.985	1.000
5862305c8302b2d7dd9de31f34102a1220d9099d9f6f7b961610ed4337934880	ad6923ab8623100769b94a3d9f48e4325111cf0356a66c2289dd5b10d11b0bed	100.000	256	0.981	1.000
5862305c8302b2d7dd9de31f34102a1220d9099d9f6f7b961610ed4337934880	d3e66f08054ab1cde8b148a745db85ab4324b454ccc21df1073b9a2fa82387fd	60.500	256	0.981	0.992
5862305c8302b2d7dd9de31f34102a1220d9099d9f6f7b961610ed4337934880	3c6a1fb1e0e64403b5625e3c73e6b5e7190628ed3a2bbb737149844db5c313ac	60.500	256	0.981	0.992
5862305c8302b2d7dd9de31f34102a1220d9099d9f6f7b961610ed4337934880	8046237a234f355b0b0dd103cecd6d5e7010a46f10e883440ccc95f3cc2619c4	60.900	256	0.981	0.992
5862305c8302b2d7dd9de31f34102a1220d9099d9f6f7b961610ed4337934880	c5d659964ec3d5ac1dc1b58c5c1b2d842d521eb24a4d8131df11064d2f206981	60.500	256	0.981	0.988
5862305c8302b2d7dd9de31f34102a1220d9099d9f6f7b961610ed4337934880	c8065dce43d773eb40784ca2cdd2032a399123b7bab62a15605dc3c90a8ee0bb	60.500	256	0.981	1.000
5862305c8302b2d7dd9de31f34102a1220d9099d9f6f7b961610ed4337934880	201e9b71ee9cd1d6393fab8b87bb85e3a80debaf706d51e68d00e6434773b0e1	60.500	256	0.981	0.996
5862305c8302b2d7dd9de31f34102a1220d9099d9f6f7b961610ed4337934880	f2ff887d6e010fbda310b8115fb06e73b0d87044e3302f118d676f374f55b0f9	60.500	256	0.981	0.996
5862305c8302b2d7dd9de31f34102a1220d9099d9f6f7b961610ed4337934880	79bf34944dab41970269ca97ff35e83c37ec0319e95e2aefa8d6c19c9853f68e	60.500	256	0.981	0.992
5862305c8302b2d7dd9de31f34102a1220d9099d9f6f7b961610ed4337934880	b4a59934163d13dd02737a5f6606eb5c71b7b456679890113aa99a87050c10cd	60.500	256	0.981	0.988
5862305c8302b2d7dd9de31f34102a1220d9099d9f6f7b961610ed4337934880	44e11502a5ead9ba0f39c25c884c56037b4d00044c2b9ea5cb839a95508d9770	60.100	256	0.981	0.992
5862305c8302b2d7dd9de31f34102a1220d9099d9f6f7b961610ed4337934880	b1532736daad2f022a5e5d48f41d8951823719b6aac760b018079ee62ebe00c8	60.100	256	0.981	1.000
5862305c8302b2d7dd9de31f34102a1220d9099d9f6f7b961610ed4337934880	c9aca97d4ce14b8a2831cb1de8ca5c26abe7f616fee11227965355133c4af3fe	60.500	256	0.981	0.996
5862305c8302b2d7dd9de31f34102a1220d9099d9f6f7b961610ed4337934880	97d5a6773ebf1e9f038dbaefa00fc05a091ea69f7fd18404d9e2f00ef98c45ca	60.100	256	0.981	0.996
5862305c8302b2d7dd9de31f34102a1220d9099d9f6f7b961610ed4337934880	ac462f0270d841afc5a87624a64a7e67e0714b31945af0f9d776391c0db5ead3	60.100	256	0.981	1.000
5862305c8302b2d7dd9de31f34102a1220d9099d9f6f7b961610ed4337934880	efd6ca3e8cff103c9921ddc092ab648268cc0ffe9ab98e82aae1e5965b6ee3bc	60.100	256	0.981	0.992
5862305c8302b2d7dd9de31f34102a1220d9099d9f6f7b961610ed4337934880	4cb22c08f32b6fd8657797ebc3756c8ac009ed16c13eb8adf561784444da3c65	47.800	236	0.904	0.996
f9e4438a973a786f57d02eedc556f473ed5c6c4884d83dba60819418c48036d5	506e42b23c1416b1d58b4e80ab5e47a25ab8b9731f48e70d395ffd52ed9b930b	23.600	355	0.910	0.953
f9e4438a973a786f57d02eedc556f473ed5c6c4884d83dba60819418c48036d5	02536d275857d78976c54cd11ab8f644d2f98cf1e56ebbdac7169bbc376c8b50	22.800	355	0.910	0.985
f9e4438a973a786f57d02eedc556f473ed5c6c4884d83dba60819418c48036d5	68ec7b19f3f17b23455df7a73b4c3f33cdc948959e74dbb3826be4d99baafdef	22.800	355	0.910	0.978
f9e4438a973a786f57d02eedc556f473ed5c6c4884d83dba60819418c48036d5	f834ab77e81ed2a3d0c66f0ff386e6a7b5dbce3de56950154a5ca0931464d952	22.800	355	0.910	0.971
f9e4438a973a786f57d02eedc556f473ed5c6c4884d83dba60819418c48036d5	c37e4d47412e56c5fc8a595627aaf485c676029a8f3c38b5559879b218962a0d	26.800	190	0.469	0.433
f9e4438a973a786f57d02eedc556f473ed5c6c4884d83dba60819418c48036d5	876db18c23d75b6bdf0fb270aeeb6b6014153c4c6a64ff26ed35a1f645424b43	26.800	190	0.469	0.430
f9e4438a973a786f57d02eedc556f473ed5c6c4884d83dba60819418c48036d5	5cb3444876d7734f8eae54e395a0d339e26809df903e72f55b0721188a0a390a	22.300	341	0.874	0.970
f9e4438a973a786f57d02eedc556f473ed5c6c4884d83dba60819418c48036d5	8cfa9b3836dfde436c8a531aa092c35840c6e8966e478130b30e6a1a3919e50d	24.200	348	0.892	0.886
f9e4438a973a786f57d02eedc556f473ed5c6c4884d83dba60819418c48036d5	cd5d8eaa19bfba958e3500b97e06f0e093d657c02867d4935b3fc8644778ef12	24.200	348	0.892	0.896
845aac6ccf05bb051344fc17bed5055169ad447b78533db19a6649181b08f1ff	d2b0419d2f9a8936aec6a8891d46fc563eb9be2eae265e355f4131251dced38f	97.100	350	0.331	1.000
845aac6ccf05bb051344fc17bed5055169ad447b78533db19a6649181b08f1ff	97d8be2d5e5b4b340d374c40d09a71da24af9bad10cc1803f132269c093d412a	95.400	351	0.332	1.000
845aac6ccf05bb051344fc17bed5055169ad447b78533db19a6649181b08f1ff	f5a4c33f24ed276ec092bcbc1b311d4cd1ea77bc9cce9249c043533420de530f	95.700	350	0.331	1.000
845aac6ccf05bb051344fc17bed5055169ad447b78533db19a6649181b08f1ff	6f60f4c213dd8aae6f6a2814dc8dd1c09b3d5cf6142b38e7f63d5913135e0a91	95.700	350	0.331	1.000
845aac6ccf05bb051344fc17bed5055169ad447b78533db19a6649181b08f1ff	6ca267eb005e47ea3292ba06207b5f8e379572cd5917070d980f850f91100f23	95.400	350	0.331	1.000
845aac6ccf05bb051344fc17bed5055169ad447b78533db19a6649181b08f1ff	6233e90213d61a6113aaab8d74d71130eb1c5782e045cad553dd8519715f026d	95.400	350	0.331	1.000
845aac6ccf05bb051344fc17bed5055169ad447b78533db19a6649181b08f1ff	a090b453a8c4bf2043d53db26a0aceea736d44b0e63bd5ae8662cbe1be45f4e9	95.600	348	0.330	1.000
845aac6ccf05bb051344fc17bed5055169ad447b78533db19a6649181b08f1ff	6c86d18d69d44dbbfd6cee4b7f7961478de9a9474715e4ec7d123adbd07f6b00	95.600	347	0.329	1.000
845aac6ccf05bb051344fc17bed5055169ad447b78533db19a6649181b08f1ff	2fd59188b7fcbfcd4912d8023bc370f930a02ba9bb629f1284abc7c93941113f	95.300	347	0.329	1.000
845aac6ccf05bb051344fc17bed5055169ad447b78533db19a6649181b08f1ff	169850284d75041301e5b76be05376ddc3606a92f476676cc217d554a0022cc3	94.800	349	0.330	1.000
845aac6ccf05bb051344fc17bed5055169ad447b78533db19a6649181b08f1ff	2faebf7cfd5d55d08ebcdf27fc1a1290116c862204bb5de8d456acf3d89f5b67	95.600	345	0.327	1.000
845aac6ccf05bb051344fc17bed5055169ad447b78533db19a6649181b08f1ff	6309b980a32ebb2954332c399ef8ceec83f4ea17016482a08de985b6a4081c7c	95.100	347	0.329	1.000
845aac6ccf05bb051344fc17bed5055169ad447b78533db19a6649181b08f1ff	8ce0f27aa64001d5d1a104963056b60f4e2273f6dda64af1e7727f6ef0304a27	95.000	346	0.328	1.000
845aac6ccf05bb051344fc17bed5055169ad447b78533db19a6649181b08f1ff	253655d57920385a7a9035a9f8c2edc1687b02b6d0982589f4b8a581e49cbe51	94.500	347	0.329	1.000
845aac6ccf05bb051344fc17bed5055169ad447b78533db19a6649181b08f1ff	1980f116da8582ec3dc03304847211237e3c0e9f7f11354a8368af46fea3e06a	95.000	345	0.327	1.000
845aac6ccf05bb051344fc17bed5055169ad447b78533db19a6649181b08f1ff	1e300bb5fc4015f8d0860157c71ec797c36402db7a0812a804521d97f25c16b0	94.200	348	0.330	1.000
845aac6ccf05bb051344fc17bed5055169ad447b78533db19a6649181b08f1ff	64b11163cabf4d73db13ef9fed38a59959d1fea17c3033485d1fcfb987c90664	93.400	350	0.331	1.000
845aac6ccf05bb051344fc17bed5055169ad447b78533db19a6649181b08f1ff	8988cd1566e15e5ea8aa074ae75ece020f90eda199fbf1cfe66891bd23a92ccb	93.300	347	0.329	1.000
845aac6ccf05bb051344fc17bed5055169ad447b78533db19a6649181b08f1ff	32e65bedb210b71f3affa619d95cb38a164025ea3e2a484fd8d79719cacc7976	92.300	351	0.332	1.000
845aac6ccf05bb051344fc17bed5055169ad447b78533db19a6649181b08f1ff	912b9d462c8474497f5b2dab4303ce8f8778b4a27eb9885720000e3ae4239f24	92.700	345	0.327	1.000
9800e73d5db87c78c7b5350307ddf15012927fada0dd1e50787a7b179a0908ce	02536d275857d78976c54cd11ab8f644d2f98cf1e56ebbdac7169bbc376c8b50	26.600	283	0.716	0.982
9800e73d5db87c78c7b5350307ddf15012927fada0dd1e50787a7b179a0908ce	f834ab77e81ed2a3d0c66f0ff386e6a7b5dbce3de56950154a5ca0931464d952	26.600	283	0.716	0.967
9800e73d5db87c78c7b5350307ddf15012927fada0dd1e50787a7b179a0908ce	5cb3444876d7734f8eae54e395a0d339e26809df903e72f55b0721188a0a390a	26.600	268	0.678	0.962
9800e73d5db87c78c7b5350307ddf15012927fada0dd1e50787a7b179a0908ce	cd5d8eaa19bfba958e3500b97e06f0e093d657c02867d4935b3fc8644778ef12	21.400	270	0.684	0.858
9800e73d5db87c78c7b5350307ddf15012927fada0dd1e50787a7b179a0908ce	8cfa9b3836dfde436c8a531aa092c35840c6e8966e478130b30e6a1a3919e50d	21.300	270	0.684	0.848
9800e73d5db87c78c7b5350307ddf15012927fada0dd1e50787a7b179a0908ce	9c0c24637836a29a4baaccdd66496da7cdefaa5cce2ee6cf58bacc9d6735e418	21.900	283	0.716	0.847
9800e73d5db87c78c7b5350307ddf15012927fada0dd1e50787a7b179a0908ce	c37e4d47412e56c5fc8a595627aaf485c676029a8f3c38b5559879b218962a0d	25.400	167	0.423	0.360
011682eeec1e5f5d2a9355c67b6a7dfbd1c24d656bebeb764cb401fd287bf9c6	04b7954c9a41f27309e901462e532f5288c77299c8460881eb1934b42f828ae2	80.000	355	0.495	1.000
011682eeec1e5f5d2a9355c67b6a7dfbd1c24d656bebeb764cb401fd287bf9c6	010c88cb0ab46e9496e279e5b48103b3eed7abc5992f5a0e1489f58b276ee750	79.700	355	0.495	1.000
011682eeec1e5f5d2a9355c67b6a7dfbd1c24d656bebeb764cb401fd287bf9c6	2c9e424a3c78155066658f3579be7b5d8f313c07232e32476bdd239006991603	79.700	355	0.495	1.000
011682eeec1e5f5d2a9355c67b6a7dfbd1c24d656bebeb764cb401fd287bf9c6	76558b7d3d64ced3332188ce84e96a56d70627e7f160d167444b0e63104e3b67	77.200	356	0.497	1.000
011682eeec1e5f5d2a9355c67b6a7dfbd1c24d656bebeb764cb401fd287bf9c6	dd872318ab477a5ba08cceac1bad1c23528a4c9cbabd1ef5264e9ee4100ff54d	77.400	355	0.495	1.000
011682eeec1e5f5d2a9355c67b6a7dfbd1c24d656bebeb764cb401fd287bf9c6	344f6603fea5891379e91d93eda39737cf9b43c575a7f584ec18c35243995574	77.500	356	0.497	1.000
011682eeec1e5f5d2a9355c67b6a7dfbd1c24d656bebeb764cb401fd287bf9c6	b6d9c78ae877cecafd333331166a504f499ef047345188bf05a4c93ae124db34	77.100	355	0.495	1.000
011682eeec1e5f5d2a9355c67b6a7dfbd1c24d656bebeb764cb401fd287bf9c6	1de55d7834f4f89bf7115656fda9267f171594f97fcb92fe18d07f11a2749a8f	76.900	355	0.495	1.000
011682eeec1e5f5d2a9355c67b6a7dfbd1c24d656bebeb764cb401fd287bf9c6	c65a931ed43fff0ecfa732f063d4dff831689ffa37eef0c6b0ea33b312d3fdab	77.100	354	0.494	1.000
011682eeec1e5f5d2a9355c67b6a7dfbd1c24d656bebeb764cb401fd287bf9c6	80b1fa13a72a516bcf31621444f4d9ac8ecc94b13901e229660829b469609e20	62.900	370	0.516	1.000
011682eeec1e5f5d2a9355c67b6a7dfbd1c24d656bebeb764cb401fd287bf9c6	91f27c5b512148b2de654d2b2bd395f2884213c5533664a99084499c8a41f7bf	61.900	357	0.498	1.000
011682eeec1e5f5d2a9355c67b6a7dfbd1c24d656bebeb764cb401fd287bf9c6	ba50645ad4224bae5fa3de969cf4ac12f96de94f42f711ebf2a539d0c8c89e5f	61.600	357	0.498	1.000
011682eeec1e5f5d2a9355c67b6a7dfbd1c24d656bebeb764cb401fd287bf9c6	8319cb8761cc00a0f37b55aa0dda88910a1da516c4e0cb8dc4f7830bd6731b9b	61.500	356	0.497	1.000
011682eeec1e5f5d2a9355c67b6a7dfbd1c24d656bebeb764cb401fd287bf9c6	0cf073d44fb38deee4c7cbd550d50906719ee9aec6c02aa1c02701d8f818c8d2	61.500	354	0.494	0.997
011682eeec1e5f5d2a9355c67b6a7dfbd1c24d656bebeb764cb401fd287bf9c6	0798748ff01457b7f98a674ac0ae3c3d7cb1ea5adf4710cff9e963297c40459a	43.800	369	0.515	0.995
011682eeec1e5f5d2a9355c67b6a7dfbd1c24d656bebeb764cb401fd287bf9c6	d92331023d84a7492c440e687a077d2384c711a22d9a4ba60434aea42488f9be	43.800	369	0.515	0.992
011682eeec1e5f5d2a9355c67b6a7dfbd1c24d656bebeb764cb401fd287bf9c6	778d8f7f742359f480bd6c2acc64965ee29e2e6e1e57a1f5d9ef95158f30eb46	42.600	204	0.285	0.765
011682eeec1e5f5d2a9355c67b6a7dfbd1c24d656bebeb764cb401fd287bf9c6	ace6a40111580eedfe638ea03e49eff9671d9d7adac537a051e74da6a382487a	25.100	316	0.441	0.898
011682eeec1e5f5d2a9355c67b6a7dfbd1c24d656bebeb764cb401fd287bf9c6	007f19b27c87bc949695ab201c67c1831c0421a58f94a914e44923f40ad6b12a	25.100	316	0.441	0.895
011682eeec1e5f5d2a9355c67b6a7dfbd1c24d656bebeb764cb401fd287bf9c6	12a4e1dd731ef8f856842e135dbf553bfc5848e075b3ad70171e217b953723ca	29.700	181	0.252	0.345
18fcd61221ac38d04dac6ba1884d8ecd1c47c0e94922905c5b51382d95849c3a	506e42b23c1416b1d58b4e80ab5e47a25ab8b9731f48e70d395ffd52ed9b930b	68.000	341	0.715	0.990
18fcd61221ac38d04dac6ba1884d8ecd1c47c0e94922905c5b51382d95849c3a	f834ab77e81ed2a3d0c66f0ff386e6a7b5dbce3de56950154a5ca0931464d952	65.400	336	0.704	0.993
18fcd61221ac38d04dac6ba1884d8ecd1c47c0e94922905c5b51382d95849c3a	68ec7b19f3f17b23455df7a73b4c3f33cdc948959e74dbb3826be4d99baafdef	65.300	335	0.702	0.996
18fcd61221ac38d04dac6ba1884d8ecd1c47c0e94922905c5b51382d95849c3a	02536d275857d78976c54cd11ab8f644d2f98cf1e56ebbdac7169bbc376c8b50	65.400	333	0.698	0.996
18fcd61221ac38d04dac6ba1884d8ecd1c47c0e94922905c5b51382d95849c3a	5cb3444876d7734f8eae54e395a0d339e26809df903e72f55b0721188a0a390a	64.900	325	0.681	1.000
18fcd61221ac38d04dac6ba1884d8ecd1c47c0e94922905c5b51382d95849c3a	876db18c23d75b6bdf0fb270aeeb6b6014153c4c6a64ff26ed35a1f645424b43	44.400	438	0.704	0.991
18fcd61221ac38d04dac6ba1884d8ecd1c47c0e94922905c5b51382d95849c3a	c37e4d47412e56c5fc8a595627aaf485c676029a8f3c38b5559879b218962a0d	44.100	438	0.704	0.998
18fcd61221ac38d04dac6ba1884d8ecd1c47c0e94922905c5b51382d95849c3a	cd5d8eaa19bfba958e3500b97e06f0e093d657c02867d4935b3fc8644778ef12	28.300	324	0.679	0.900
18fcd61221ac38d04dac6ba1884d8ecd1c47c0e94922905c5b51382d95849c3a	8cfa9b3836dfde436c8a531aa092c35840c6e8966e478130b30e6a1a3919e50d	28.300	324	0.679	0.889
61a74fe4083d39f3d74d590545b74e0f815853810460f63bb6df20d465df075c	506e42b23c1416b1d58b4e80ab5e47a25ab8b9731f48e70d395ffd52ed9b930b	34.100	313	0.699	0.946
61a74fe4083d39f3d74d590545b74e0f815853810460f63bb6df20d465df075c	02536d275857d78976c54cd11ab8f644d2f98cf1e56ebbdac7169bbc376c8b50	32.900	313	0.699	0.978
61a74fe4083d39f3d74d590545b74e0f815853810460f63bb6df20d465df075c	68ec7b19f3f17b23455df7a73b4c3f33cdc948959e74dbb3826be4d99baafdef	32.900	313	0.699	0.971
61a74fe4083d39f3d74d590545b74e0f815853810460f63bb6df20d465df075c	f834ab77e81ed2a3d0c66f0ff386e6a7b5dbce3de56950154a5ca0931464d952	32.900	313	0.699	0.964
61a74fe4083d39f3d74d590545b74e0f815853810460f63bb6df20d465df075c	5cb3444876d7734f8eae54e395a0d339e26809df903e72f55b0721188a0a390a	33.200	298	0.665	0.958
61a74fe4083d39f3d74d590545b74e0f815853810460f63bb6df20d465df075c	c37e4d47412e56c5fc8a595627aaf485c676029a8f3c38b5559879b218962a0d	26.000	435	0.710	0.991
61a74fe4083d39f3d74d590545b74e0f815853810460f63bb6df20d465df075c	876db18c23d75b6bdf0fb270aeeb6b6014153c4c6a64ff26ed35a1f645424b43	26.000	439	0.719	0.993
61a74fe4083d39f3d74d590545b74e0f815853810460f63bb6df20d465df075c	cd5d8eaa19bfba958e3500b97e06f0e093d657c02867d4935b3fc8644778ef12	31.600	310	0.692	0.903
61a74fe4083d39f3d74d590545b74e0f815853810460f63bb6df20d465df075c	8cfa9b3836dfde436c8a531aa092c35840c6e8966e478130b30e6a1a3919e50d	31.000	310	0.692	0.892
61a74fe4083d39f3d74d590545b74e0f815853810460f63bb6df20d465df075c	9c0c24637836a29a4baaccdd66496da7cdefaa5cce2ee6cf58bacc9d6735e418	24.100	292	0.652	0.791
4f4d7a2fa9173996aa1493243c8853c00cc8f0653abfeab8bd0de60114577129	35870d923c53e9cbcb5becb4690d8743e6758a7f343021ba9217d5cf2a71e84e	38.700	255	0.415	0.977
4f4d7a2fa9173996aa1493243c8853c00cc8f0653abfeab8bd0de60114577129	e0398654ea484843a8994e427e396f777aeb96ab18d05bea01b65970824af21b	38.700	255	0.415	0.973
4f4d7a2fa9173996aa1493243c8853c00cc8f0653abfeab8bd0de60114577129	7d358f3d31345f2db8824491d5f9d6e89b20687bc0d8883fadde8a92b6b902da	38.400	255	0.415	0.988
4f4d7a2fa9173996aa1493243c8853c00cc8f0653abfeab8bd0de60114577129	846e00ba580b562a06957d8efeba0b0d324ff2e08c745ac5b1d4980651a0808f	38.400	255	0.415	0.981
4f4d7a2fa9173996aa1493243c8853c00cc8f0653abfeab8bd0de60114577129	1869bdc0fbbe550c9ad8aa5db0f98fd67870c85bfec0c8b761a4c3f54b9d4f51	39.700	245	0.392	1.000
4f4d7a2fa9173996aa1493243c8853c00cc8f0653abfeab8bd0de60114577129	c0573577e1924b07d33d6461d84ce69a6bc095154da25c32d62c2218a0e63cbb	39.700	245	0.392	0.996
4f4d7a2fa9173996aa1493243c8853c00cc8f0653abfeab8bd0de60114577129	b7b5102c40806dac3ba33e7cc49d2429ac73b9916dab058a3811f7f2060be462	39.300	245	0.392	1.000
4f4d7a2fa9173996aa1493243c8853c00cc8f0653abfeab8bd0de60114577129	0e077c870b9c68ec7174fb20296d23fbe78bb645f12d8e362b74ead9e754603e	39.300	245	0.392	0.996
4f4d7a2fa9173996aa1493243c8853c00cc8f0653abfeab8bd0de60114577129	c14662d259a953b3f4844da1bcd9213b265dd5003322cce47ec46a3cc643b0f2	39.300	245	0.392	0.988
4f4d7a2fa9173996aa1493243c8853c00cc8f0653abfeab8bd0de60114577129	3283d86d0157519097b051f41d37c0d810225e78f466d05edbc69cc44ac72124	39.300	245	0.392	1.000
4f4d7a2fa9173996aa1493243c8853c00cc8f0653abfeab8bd0de60114577129	8bd7b16a1ace5f10722980adb3f2a53edf7ce99566e24c8332d82f9b140ddb4c	39.300	245	0.392	1.000
4f4d7a2fa9173996aa1493243c8853c00cc8f0653abfeab8bd0de60114577129	1ac3439a6767235086905afaec2f5fbef1cab41352541f2c13be0165687cedc0	40.700	249	0.390	0.988
4f4d7a2fa9173996aa1493243c8853c00cc8f0653abfeab8bd0de60114577129	5962f6dcc6ead3e3904b0822300386046564a29f2f5d54767cc8dc385351fa73	39.300	245	0.392	1.000
4f4d7a2fa9173996aa1493243c8853c00cc8f0653abfeab8bd0de60114577129	93a01f9f0872e4851bc2dc581e9932fc7217b123057fb98138071ed64aaada3c	39.300	245	0.392	0.992
4f4d7a2fa9173996aa1493243c8853c00cc8f0653abfeab8bd0de60114577129	c455c1fd6486e78945cbd732d7e0e25ba6f4b76f10f3785700c30bc817296390	38.900	245	0.392	1.000
4f4d7a2fa9173996aa1493243c8853c00cc8f0653abfeab8bd0de60114577129	4007b9e0aa7b6b48e7ebb4f4b55fa4d4dcc1fabc66c77dd810e8c1cb8d554bc4	38.900	245	0.392	1.000
4f4d7a2fa9173996aa1493243c8853c00cc8f0653abfeab8bd0de60114577129	39f78435c028e60c97d04e3135e78189602d99c60a6aba54d68a9a7683d8f12a	41.600	237	0.385	0.935
4f4d7a2fa9173996aa1493243c8853c00cc8f0653abfeab8bd0de60114577129	36514696e3f525e5a93568e5d835d0106421870ce3deb7b0c42f1368e42a56d0	41.600	237	0.385	0.931
4f4d7a2fa9173996aa1493243c8853c00cc8f0653abfeab8bd0de60114577129	e84f16f6d37fd62c87cea3345075bb2f036b53982fe396a951a001116dfcad2e	35.200	244	0.385	0.928
4f4d7a2fa9173996aa1493243c8853c00cc8f0653abfeab8bd0de60114577129	5b6ff9b694050278d448a3afb464531c466e61a41e553018db54b2ccf717835b	35.300	241	0.392	0.991
b96ddde2c04150ec6dcc79d3d793c48595868fe6d0ea205cd7e9a9097a842bc4	82d553a02fc4553088cea442fbf4f9f60dcdaba59f8b9ab885ad3a63054ce27f	100.000	259	0.989	1.000
b96ddde2c04150ec6dcc79d3d793c48595868fe6d0ea205cd7e9a9097a842bc4	c69c5f16a62804c14bed70a54fd1f86c3ebd45b8fd97806fb4db90a5807e24f3	100.000	258	0.985	1.000
b96ddde2c04150ec6dcc79d3d793c48595868fe6d0ea205cd7e9a9097a842bc4	2d81fea87b4603a9286c50299f4a2050cbd45a4612c34fd78d8cd1e16b7265b5	100.000	256	0.977	1.000
b96ddde2c04150ec6dcc79d3d793c48595868fe6d0ea205cd7e9a9097a842bc4	84f17ec9ecb5fbf8cabe4cc6e4edc9e664f36d37d7a211d33e3cc9b61761c373	97.200	258	0.985	1.000
b96ddde2c04150ec6dcc79d3d793c48595868fe6d0ea205cd7e9a9097a842bc4	ed580892a9a86b3640a00fae85c19ea6f2622d5a21383f87d80e32ecfedb10b6	96.100	257	0.981	1.000
b96ddde2c04150ec6dcc79d3d793c48595868fe6d0ea205cd7e9a9097a842bc4	86fd4cd5f6a167031f22e0cba41a4b44256cc15c4e722ca1935940b50d2e8ed6	94.900	256	0.977	1.000
b96ddde2c04150ec6dcc79d3d793c48595868fe6d0ea205cd7e9a9097a842bc4	b082754bd513d4feb9719620060200c4f7d4801f4bfd004799ca2a6a1a18ac33	55.200	258	0.985	0.996
b96ddde2c04150ec6dcc79d3d793c48595868fe6d0ea205cd7e9a9097a842bc4	e3625f45e7324a3a1dfce086a6cb37996cc93d02df55ce60e34e0eab8234f1b9	47.000	254	0.966	0.992
b96ddde2c04150ec6dcc79d3d793c48595868fe6d0ea205cd7e9a9097a842bc4	99a43da7159e934660fc340e8a0c7c71ffb422c38250ed2ddac83c0872a963cd	45.500	261	0.996	0.949
b96ddde2c04150ec6dcc79d3d793c48595868fe6d0ea205cd7e9a9097a842bc4	655227acd356c8fa125a2b26c63888cefaa3549f8919ffc021abc460c3eb7c08	43.400	253	0.966	0.981
b96ddde2c04150ec6dcc79d3d793c48595868fe6d0ea205cd7e9a9097a842bc4	d958aa28e90b925bd99f43bd75b13a439bfac24364ab121527d946becf664dcd	43.400	253	0.966	0.977
b96ddde2c04150ec6dcc79d3d793c48595868fe6d0ea205cd7e9a9097a842bc4	eab0b61de5e8a9e8027e79e83c843f18da0f2732f50c542163e2a6e9482240e4	43.400	253	0.966	0.973
b96ddde2c04150ec6dcc79d3d793c48595868fe6d0ea205cd7e9a9097a842bc4	479eb8ee9e519ce5bd869c602ead9734d492fa9e900a73df2a38a14e5541eb00	44.000	249	0.947	0.980
b96ddde2c04150ec6dcc79d3d793c48595868fe6d0ea205cd7e9a9097a842bc4	616b046797751bae7048d164641e2a594d9e43d2eb12bd0db4b9cfc0ce079eff	44.000	249	0.947	0.976
b96ddde2c04150ec6dcc79d3d793c48595868fe6d0ea205cd7e9a9097a842bc4	626e3a625ce7e8bb4efeb019e5506398747553c6195b1df9b7e8a4033a0e7705	44.000	249	0.947	0.958
b96ddde2c04150ec6dcc79d3d793c48595868fe6d0ea205cd7e9a9097a842bc4	d3691073e3542fa2fcaba449fddf28f25e2a85c439639e0ef596355e0c83d095	41.600	250	0.954	0.972
b96ddde2c04150ec6dcc79d3d793c48595868fe6d0ea205cd7e9a9097a842bc4	c9d86821f029386eddc109af856f82563c7ad0cff631c278c815268303e8186c	41.600	250	0.954	0.972
b96ddde2c04150ec6dcc79d3d793c48595868fe6d0ea205cd7e9a9097a842bc4	c585a9698b564ceccaf2ab09abb09d7e94d426d479d0c9b41d451da2b599c97f	41.100	253	0.966	0.972
b96ddde2c04150ec6dcc79d3d793c48595868fe6d0ea205cd7e9a9097a842bc4	7d31163018886a4b2147b6db56fceae561e3357cea6039117b1474f5a3aac631	30.200	281	0.950	0.946
b96ddde2c04150ec6dcc79d3d793c48595868fe6d0ea205cd7e9a9097a842bc4	098ae948cba27b715d3222c1f228b3e850f42cc6db124e7cdca3ff54b727f3a7	30.200	281	0.950	0.946
9193430cde06673e3daebd9c15e5703df2e4520566fa8aa05c77ff24b6d0b183	66b547b2dccb6eb076ff1e12a93691c833d7029949220b869368797736df9a87	26.900	203	0.322	0.948
9193430cde06673e3daebd9c15e5703df2e4520566fa8aa05c77ff24b6d0b183	f494b451754f8b7d079d4fececc4278039dcafaabab0f0f661a9dcfea8c267ba	26.900	203	0.322	0.944
9193430cde06673e3daebd9c15e5703df2e4520566fa8aa05c77ff24b6d0b183	254347d54068bf739e80d9bc3dd42ca9f12ad1c8bad02bb7cdee2025b724ffac	27.500	199	0.316	0.956
9193430cde06673e3daebd9c15e5703df2e4520566fa8aa05c77ff24b6d0b183	2f56ce70a2267a63c9cf6b503aaeeac8712245e5c9ebb9689eabf46c90c6c569	27.500	199	0.316	0.947
9193430cde06673e3daebd9c15e5703df2e4520566fa8aa05c77ff24b6d0b183	5b62d81be472aaecd195c9de7e69dc0ada05879ec9314d797cfbc148d683e467	27.200	201	0.319	0.948
9193430cde06673e3daebd9c15e5703df2e4520566fa8aa05c77ff24b6d0b183	4cf14deebb45f19ff60afbbb6c41951a48d57bb95579b9b10f0adf0658d6b2b6	27.400	203	0.322	0.948
9193430cde06673e3daebd9c15e5703df2e4520566fa8aa05c77ff24b6d0b183	5292660937d86c9337e23c88a1885621c8d8e84966ce5c6d574b92233b01e508	27.400	203	0.322	0.939
9193430cde06673e3daebd9c15e5703df2e4520566fa8aa05c77ff24b6d0b183	89571773fd4d78c4cd089df28af7757abdb9a7c06a645b7160997431e3d854dc	29.000	195	0.310	0.922
9193430cde06673e3daebd9c15e5703df2e4520566fa8aa05c77ff24b6d0b183	dc6202552194a8082861fab2a45d488c308013bfdccc8f673053bddd2112965d	27.900	203	0.322	0.947
9193430cde06673e3daebd9c15e5703df2e4520566fa8aa05c77ff24b6d0b183	afa4a844f2542215dbca15366ab19cc47c2eeb524979a0cd267f59deedeb2d62	27.900	203	0.322	0.938
9193430cde06673e3daebd9c15e5703df2e4520566fa8aa05c77ff24b6d0b183	1e0e9f97e91cf3619f8f5e7a74948c35440d52ba2748ca6901379d6725f82106	28.200	201	0.319	0.951
9193430cde06673e3daebd9c15e5703df2e4520566fa8aa05c77ff24b6d0b183	847942c636b128fe77fd1b34271486b58a1c83e1d9319c9c4e79c1f40c69a5fe	26.800	203	0.322	0.953
9193430cde06673e3daebd9c15e5703df2e4520566fa8aa05c77ff24b6d0b183	65d51f7e3d68ef6ec8810e77f0f642520a0f9fb7a958f756d045e87a8e048c38	26.800	203	0.322	0.944
9193430cde06673e3daebd9c15e5703df2e4520566fa8aa05c77ff24b6d0b183	58a591cc40653a022a14a9809224464d1df18a7fc07f2fde4dbc2fcf591dc134	28.500	199	0.316	0.946
9193430cde06673e3daebd9c15e5703df2e4520566fa8aa05c77ff24b6d0b183	e5a8927f209306e4098e76150fb3fead0b64d4144b66cd4fc37d543e4ef8d5b3	27.000	201	0.319	0.948
9193430cde06673e3daebd9c15e5703df2e4520566fa8aa05c77ff24b6d0b183	c4ee341c5aea2512b02bfc4b47efb15f57daac44515491d6d39686472d0cb9b5	28.500	195	0.310	0.932
9193430cde06673e3daebd9c15e5703df2e4520566fa8aa05c77ff24b6d0b183	885b15da5e87f09addf84748af1897f67df0331f3b1370b8499fc0fa4156072e	28.500	195	0.310	0.914
9193430cde06673e3daebd9c15e5703df2e4520566fa8aa05c77ff24b6d0b183	eb22c4e8269e10da8fb1b74f827583acb652def7ed052c2c048fb4491d8efc9d	28.500	195	0.310	0.910
9193430cde06673e3daebd9c15e5703df2e4520566fa8aa05c77ff24b6d0b183	33b0aa42c8a45cc932f556fceb64ec0ff895f27ac7409455655a02a8e8d717a1	28.800	193	0.306	0.931
9193430cde06673e3daebd9c15e5703df2e4520566fa8aa05c77ff24b6d0b183	39250106823cb9dfe6374900803cd98a3cf71f30d504a57300dcc5d7b8599ea1	29.000	195	0.310	0.923
0979d0f16275fb9831c003699f0d784233dfefee41a6be01942a90b08379d9d0	73d0cc91b4cb342405280b55ffed0964f8fe96d0c9ea383c097ca8a05fd47dfb	100.000	167	0.625	1.000
0979d0f16275fb9831c003699f0d784233dfefee41a6be01942a90b08379d9d0	66bdbe5ff3d52fdc7218149e00ced807496795cba0e4e53fbc287090860827c7	100.000	166	0.622	1.000
0979d0f16275fb9831c003699f0d784233dfefee41a6be01942a90b08379d9d0	d23e7e61dd7b762c7f27a79923d7acac93c57d63b33055debfb0a7e6ec0cd4b7	56.000	165	0.618	1.000
0979d0f16275fb9831c003699f0d784233dfefee41a6be01942a90b08379d9d0	a329248808ece901adc895d855a6f2658fa0deb5624be43ba447a3a6e642ffc1	56.000	165	0.618	0.988
0979d0f16275fb9831c003699f0d784233dfefee41a6be01942a90b08379d9d0	db12e65cbbf12e51f3ee0cfecadb69d95ee71d4841b4ef48804fd1459c7d245b	56.000	165	0.618	0.982
0979d0f16275fb9831c003699f0d784233dfefee41a6be01942a90b08379d9d0	2dae4f3c64e364f9dfd2579f3794bf5ef6c8be1a08a21e6631b7c865231a0935	56.000	165	0.618	0.976
0979d0f16275fb9831c003699f0d784233dfefee41a6be01942a90b08379d9d0	55273506ab6eb28d6e1cdf489bb65288065a4ff77d70206f8437d42d0e793327	56.000	165	0.618	0.965
0979d0f16275fb9831c003699f0d784233dfefee41a6be01942a90b08379d9d0	6e4574b0acea26eb25264db6ad92af64ed60692b703311fcc253b888cf6af8dd	56.000	165	0.618	0.954
0979d0f16275fb9831c003699f0d784233dfefee41a6be01942a90b08379d9d0	fd32ea1c9f15d93876013052cab63a79d4369734f802966a9f412df47efe41c8	55.700	165	0.618	0.952
0979d0f16275fb9831c003699f0d784233dfefee41a6be01942a90b08379d9d0	97ef3fcbab5f3049136159514fb3ad156b13ed6b4f114f8a0e05e04a6f17ebf0	56.300	165	0.618	0.953
0979d0f16275fb9831c003699f0d784233dfefee41a6be01942a90b08379d9d0	3936e65f211c0e8589914356b979d5e68c14ca4c748e1f0a788d790b7d99e19a	56.400	162	0.607	0.970
0979d0f16275fb9831c003699f0d784233dfefee41a6be01942a90b08379d9d0	3783c3ad341b68c4aa0a0aab421ebab6f3433ecc85b738f56d8c5c88288d71f7	57.200	158	0.592	0.988
0979d0f16275fb9831c003699f0d784233dfefee41a6be01942a90b08379d9d0	582ea3a0128e79471bf6aaec273d1ba967b4849737e85620a1b532f85bfac763	55.200	169	0.633	0.452
0979d0f16275fb9831c003699f0d784233dfefee41a6be01942a90b08379d9d0	b7b797219465e6ec24cd61ff45345089401b06973c14aac2348d54aa68ade990	54.700	158	0.592	0.988
0979d0f16275fb9831c003699f0d784233dfefee41a6be01942a90b08379d9d0	eb4b53421d3e02ba80618b3d9224a1a432c46e3d581e7713ff0e7173e4f76fb6	55.100	164	0.614	0.988
0979d0f16275fb9831c003699f0d784233dfefee41a6be01942a90b08379d9d0	90e68b3eba0595ad10020950a134d49c6cf6f3e80b6e3858d143d2bd77ebb2c6	56.200	159	0.596	0.994
0979d0f16275fb9831c003699f0d784233dfefee41a6be01942a90b08379d9d0	0c4f7bad7d677876ea754484b17c964e921bd64bb4ed943090c72a62fb4f9831	45.300	161	0.603	1.000
0979d0f16275fb9831c003699f0d784233dfefee41a6be01942a90b08379d9d0	7f38f589e8e92564eedb82bfe1e564a89d5a46ef448559ff2ea28238ca017f08	46.200	156	0.584	0.987
0979d0f16275fb9831c003699f0d784233dfefee41a6be01942a90b08379d9d0	d6d596081e17f9710a981c3a8df03f0b445be9639aa89573ba59b803abaa0131	45.500	156	0.584	0.987
0979d0f16275fb9831c003699f0d784233dfefee41a6be01942a90b08379d9d0	ebc3cfce377a10a28cf6b92493366fb1aa3c2e8ed5988e8d4be1a2dd380e9b69	47.700	157	0.588	0.957
1f7f4f3f8b6016526ee5c98a65f557d39c87fd5af51bd06dd763fa12ef256406	12dc03d3157ec9d2590dd85b5b62c33ec8d9df94e41caaf89fed457a9e0ab2cd	33.300	76	0.344	0.414
1f7f4f3f8b6016526ee5c98a65f557d39c87fd5af51bd06dd763fa12ef256406	64e2217d2a4d49a85df0b10251aa823ebb07eac443e0eceab163caf99b7c828c	32.000	76	0.344	0.452
1f7f4f3f8b6016526ee5c98a65f557d39c87fd5af51bd06dd763fa12ef256406	45fb57f04674301a0bc6ee8bc63ca10cc38d695c34661feb2be81ad547eb3077	31.200	78	0.353	0.456
6b5ee2ea93734b647a0022d632e7fefb3d8924c8f8322c2ef8d86394eb172baa	aa345d49b5e83be0f2c8f8b318f68c479e1a287e82b6edea3015ae6eb00e3d47	31.600	245	0.731	0.959
6b5ee2ea93734b647a0022d632e7fefb3d8924c8f8322c2ef8d86394eb172baa	f788763a4000758242a1b9a835e41c1831e22740a141cea749b860d57e643fb3	26.100	234	0.699	0.935
6b5ee2ea93734b647a0022d632e7fefb3d8924c8f8322c2ef8d86394eb172baa	212b483af48ee81b5c5baf8543a6c5de23787d93fe620bee849bea0423fa3752	27.800	232	0.693	0.925
6b5ee2ea93734b647a0022d632e7fefb3d8924c8f8322c2ef8d86394eb172baa	56b3e8a798562d7af45ebf50fe18c5d4faf3d7af20b31b69c6ae07d7ada266a2	24.300	242	0.722	0.947
6b5ee2ea93734b647a0022d632e7fefb3d8924c8f8322c2ef8d86394eb172baa	9cf0bbbf0d42f1923401572158b7b41c0ba062f4440d6a5775fb8e4a203e98f7	25.800	242	0.722	0.952
605401e60814745caaa38db30f34c53772a3a495e8a7c366da2bc888b4d79a97	996c2786fd259511cd60d35a614a9ef63b102153ef3ca48751f937bab85ef4e4	100.000	388	0.827	1.000
605401e60814745caaa38db30f34c53772a3a495e8a7c366da2bc888b4d79a97	6f2f4365ac8069c3ca65141e105422297a37f90ebf8a06ec4906fd86bd8f7520	99.700	388	0.827	1.000
605401e60814745caaa38db30f34c53772a3a495e8a7c366da2bc888b4d79a97	fbf063f860b8eb0f09e93067a125da7b8e1aa0130e5d1b647f9bac768a8dc7cf	89.400	387	0.825	0.997
605401e60814745caaa38db30f34c53772a3a495e8a7c366da2bc888b4d79a97	c44f50fa4477993fe5f5ad34acff88e1990ecccfaa9af1e2984f8d833a5122e6	48.000	386	0.821	0.995
605401e60814745caaa38db30f34c53772a3a495e8a7c366da2bc888b4d79a97	9da9cdd3213944b375e896c2e9b9e2d717d47215e265b547b4a7f2d2d304e613	47.800	386	0.821	0.997
605401e60814745caaa38db30f34c53772a3a495e8a7c366da2bc888b4d79a97	d870e8a874197e607ac16bfc407efbfb6aba97a71e4c03de53cd3a5449cae50e	47.800	386	0.821	0.995
605401e60814745caaa38db30f34c53772a3a495e8a7c366da2bc888b4d79a97	382d38dced4cb550699f17f9bdcec6af66488200022e2a076336434aec96ea5e	47.500	386	0.821	0.995
605401e60814745caaa38db30f34c53772a3a495e8a7c366da2bc888b4d79a97	2bfa9ace406c5c02d1b376bcdbb2eb382f46ca1583e590aadcec8dffc07aa172	47.500	386	0.821	0.995
605401e60814745caaa38db30f34c53772a3a495e8a7c366da2bc888b4d79a97	c4f2f238b2e481ef7e4cf2da388b7d200f5fa31de42409f1914fc62d38c7675c	46.900	384	0.817	0.992
605401e60814745caaa38db30f34c53772a3a495e8a7c366da2bc888b4d79a97	88e62aec913555929c633a0b09351201cfbb1372b3c33fff79f61b0b1eb3c235	46.400	375	0.800	0.971
605401e60814745caaa38db30f34c53772a3a495e8a7c366da2bc888b4d79a97	51a76ea7a6d0e0f13c9b93e0f7ab5b3cb8837a063697a1896975b2e3a30aec54	46.100	375	0.800	0.971
605401e60814745caaa38db30f34c53772a3a495e8a7c366da2bc888b4d79a97	c472d4ad0bb473fc8451e13d1b66d52ac5b42ba8af7f3ec03f9129d7345f397c	46.100	375	0.800	0.971
605401e60814745caaa38db30f34c53772a3a495e8a7c366da2bc888b4d79a97	ff6b0d0f9a695e17e72d8fe2f5c9c9a8a05e094b8bfdaad725ab9094a79657d3	45.100	375	0.800	0.971
605401e60814745caaa38db30f34c53772a3a495e8a7c366da2bc888b4d79a97	0fbd097e87abc42738ef1d0416ca7be3e54eaaa8fdd8ba40d57732a47699ced2	32.100	368	0.770	0.944
605401e60814745caaa38db30f34c53772a3a495e8a7c366da2bc888b4d79a97	023d65bcf7191cc4a3777d38504b1b59c1b0db8d53baf39d2881085a6a6bd0e8	32.100	368	0.770	0.944
605401e60814745caaa38db30f34c53772a3a495e8a7c366da2bc888b4d79a97	af98aaf717479a5dd737df5f67dbf76c942fb4e699de38d615bebedabf9b0648	32.100	368	0.770	0.946
605401e60814745caaa38db30f34c53772a3a495e8a7c366da2bc888b4d79a97	8571fa1129152e15afd076b8517e4e5c16a96e3aaf7075cd60bc2cfd55454c72	32.100	368	0.770	0.944
d4978a79f2cd2a7fa529c8632ede803a9632661f71146ce517d787c3dc5aebdd	669b46ad72c195278f9b416a5cedfd42431a6fa58dc088c350de6014a1c9a3b6	100.000	288	0.920	1.000
d4978a79f2cd2a7fa529c8632ede803a9632661f71146ce517d787c3dc5aebdd	456bcf7f4b732cb0b81eb45c883a736ca0fcd40decdbcf5798d161cf3d7d7f38	99.600	286	0.914	1.000
d4978a79f2cd2a7fa529c8632ede803a9632661f71146ce517d787c3dc5aebdd	ffaac0f2a50ce54321d6b3090a1a34a960ad725bc91049b586d2c73be8330df2	99.600	281	0.898	1.000
d4978a79f2cd2a7fa529c8632ede803a9632661f71146ce517d787c3dc5aebdd	b1f972148e02fa876cf2d49396cbca03c743d836c39c9b2f0e25e3b6782c7d2a	99.600	280	0.895	1.000
d4978a79f2cd2a7fa529c8632ede803a9632661f71146ce517d787c3dc5aebdd	d333312a77e399c3a4016ba815bf10002f6589d9ec3e0ee4bcc6f88599463478	100.000	277	0.885	0.996
d4978a79f2cd2a7fa529c8632ede803a9632661f71146ce517d787c3dc5aebdd	debe68653d8084ab1a85355dc1aa29a51091d7229c8cec1f6b169dcbc05557ba	92.800	280	0.895	0.996
d4978a79f2cd2a7fa529c8632ede803a9632661f71146ce517d787c3dc5aebdd	5118ce7569282a8ade4cb8494b7171dd21f4b9d306c32530bfcfd99bf6db21e6	63.000	279	0.888	0.567
d4978a79f2cd2a7fa529c8632ede803a9632661f71146ce517d787c3dc5aebdd	32e9a2fadbd6dceccd6fe5e9d58347610a16c6b4e880583a63588b06df44007d	63.000	279	0.888	0.552
d4978a79f2cd2a7fa529c8632ede803a9632661f71146ce517d787c3dc5aebdd	d8278a183153c53bbc88606fcd6734057f45480e99fce04073137dd840e8d795	63.000	279	0.888	0.550
d4978a79f2cd2a7fa529c8632ede803a9632661f71146ce517d787c3dc5aebdd	4a2ed76ead43c9dfef7b6d8bb84b95bed9ac88c799fd4c6b5a2b075e4db9061f	63.000	279	0.888	0.549
d4978a79f2cd2a7fa529c8632ede803a9632661f71146ce517d787c3dc5aebdd	10db499d2ef742a973f1914598828f95a4041979672e18b359210e34acd0c95e	63.000	279	0.888	0.548
d4978a79f2cd2a7fa529c8632ede803a9632661f71146ce517d787c3dc5aebdd	c61ad568e98e58b36228b9c5170e15ea8100813cb16a71c84b7823f38b15eeab	63.000	279	0.888	0.547
d4978a79f2cd2a7fa529c8632ede803a9632661f71146ce517d787c3dc5aebdd	9b6e15256002f3fbedf8f3f51bc7e215f1e48572a89f3f5af452fe53a78ec530	63.000	279	0.888	0.547
d4978a79f2cd2a7fa529c8632ede803a9632661f71146ce517d787c3dc5aebdd	12379b403a9469cadd2f659b8110b939de40dc379911f34290b7b7b898de4f38	63.000	279	0.888	0.543
d4978a79f2cd2a7fa529c8632ede803a9632661f71146ce517d787c3dc5aebdd	9d4d1802a87b948ba31ec1ca5f5ec833b53f9149958449e3b2c53c319b7eaff3	56.700	287	0.914	0.565
d4978a79f2cd2a7fa529c8632ede803a9632661f71146ce517d787c3dc5aebdd	46de96c1fe55a8c131c5e0a89d6e1312340d9a2bf8ca3fa06891f565af588e2a	55.700	285	0.911	0.877
d4978a79f2cd2a7fa529c8632ede803a9632661f71146ce517d787c3dc5aebdd	3a8fe1c6fa7940e946ec6e146738fed341ee4cb89c9e832eff932508ec2fa2f4	55.700	285	0.911	0.874
d4978a79f2cd2a7fa529c8632ede803a9632661f71146ce517d787c3dc5aebdd	deba864c514eb42b99bfb3cacba47a7309b36f9f3ddd8342360206e0195e653c	55.700	285	0.911	0.872
d4978a79f2cd2a7fa529c8632ede803a9632661f71146ce517d787c3dc5aebdd	6bee24c384d620bb86b435d139e9cf50bd8efbc5267792b5cbb5c65513f39e0b	55.700	285	0.911	0.869
d4978a79f2cd2a7fa529c8632ede803a9632661f71146ce517d787c3dc5aebdd	181bd81535fa5caf8760fd89fecf98bb24a4c373560e38e1c9a50260724fc1e3	55.600	284	0.907	0.871
7220999da7d6f64dca3b074acce2d1eeb2f6053d8688fcef7c07fcc9e1be2823	aa9dd372d91ec662cd85407386059bd8a432e60df09587093df9d7dcdf8ee56c	26.700	148	0.738	0.576
7220999da7d6f64dca3b074acce2d1eeb2f6053d8688fcef7c07fcc9e1be2823	4ffc4b80e36a93c3f5606002891a44059aa37e32a325eb60e5d89c87acdda9d5	26.700	148	0.738	0.574
7220999da7d6f64dca3b074acce2d1eeb2f6053d8688fcef7c07fcc9e1be2823	f57e53798264755d1db80beaf09ffe225f754aa593de4591ecbe88dd237fcf54	26.700	148	0.738	0.571
7220999da7d6f64dca3b074acce2d1eeb2f6053d8688fcef7c07fcc9e1be2823	6dd9c63b9d4427dc21e52753c858fddbd49c950e19628ee564f616cdf3c7a688	26.700	148	0.738	0.569
c303d7e7724c7beedc8089712b3939a89de9ef2ec912b0e488240d9c7393bb88	65c2346597001faaff312721357e91fc336aefddcef944a16142f5f3c275fad6	100.000	257	0.535	1.000
c303d7e7724c7beedc8089712b3939a89de9ef2ec912b0e488240d9c7393bb88	ddb9f3b461f433e25d35d37b87cda91cae5c19d6fbc2563cf49cf665c7482b24	100.000	256	0.533	0.992
c303d7e7724c7beedc8089712b3939a89de9ef2ec912b0e488240d9c7393bb88	171a6228afb33942fa97423c5d0e401bc48e2c1689a60eff7f4213e7813a9259	100.000	256	0.533	0.977
c303d7e7724c7beedc8089712b3939a89de9ef2ec912b0e488240d9c7393bb88	05fbaf37e59a616a4f0a6688c59fe093dd69fb6a7eecdb2922b6b54b0bb6213f	99.600	256	0.533	0.996
c303d7e7724c7beedc8089712b3939a89de9ef2ec912b0e488240d9c7393bb88	27bc4211c1ebc592b462d7093b79bd5de69ee653f3de2830e8fd22ffa318323f	100.000	255	0.531	1.000
c303d7e7724c7beedc8089712b3939a89de9ef2ec912b0e488240d9c7393bb88	259868e176451c313b13fc0d4ce8663b0fc53873fde29a36652120b7005f0319	100.000	255	0.531	0.996
c303d7e7724c7beedc8089712b3939a89de9ef2ec912b0e488240d9c7393bb88	e5c4128953f426bce2334f539a8b7c3cfd0060d1765c165c1fa1cd62dd5400f9	99.600	256	0.533	0.996
c303d7e7724c7beedc8089712b3939a89de9ef2ec912b0e488240d9c7393bb88	1e53f5ce37f7438fd8fb39ddb309bb0766de062365da3541c3a3660f6bbe2d8d	99.600	255	0.531	1.000
c303d7e7724c7beedc8089712b3939a89de9ef2ec912b0e488240d9c7393bb88	c4eb8f85b4bb64b6dd463862a34a150fb471cea762e0fbc3a4e0cad4fd708dd8	100.000	197	0.410	1.000
c303d7e7724c7beedc8089712b3939a89de9ef2ec912b0e488240d9c7393bb88	d6524df3f934b7951ae45cecc4cb536451b6e8d22ef649d866f0cd1b3666f9ca	100.000	196	0.408	0.985
c303d7e7724c7beedc8089712b3939a89de9ef2ec912b0e488240d9c7393bb88	ce69b379b84b801d8668b6a72d5822a422435fcc5721f5bc97bd737665fa0b0c	51.200	249	0.504	0.933
c303d7e7724c7beedc8089712b3939a89de9ef2ec912b0e488240d9c7393bb88	cf2f9581ee6f8ccbc1384c283ab0f9500159df658bc3a09f9b49e4ad3d6cbc88	51.600	245	0.496	0.953
c303d7e7724c7beedc8089712b3939a89de9ef2ec912b0e488240d9c7393bb88	7da3f257cbd020f6a26ed2015fcec4ef757961c783835279e9106d93f4b3581d	51.200	247	0.500	0.950
c303d7e7724c7beedc8089712b3939a89de9ef2ec912b0e488240d9c7393bb88	6c9af82dd6d009b10b69db96ac98600459bd6fdb7ecba2bb5d9d2692e9ca535f	48.000	242	0.504	0.940
c303d7e7724c7beedc8089712b3939a89de9ef2ec912b0e488240d9c7393bb88	7feaccd07caa3ea6924ecd2d378abd25d2ee312ac9d9df4504aa9b1f508e6f53	27.700	195	0.385	0.915
c303d7e7724c7beedc8089712b3939a89de9ef2ec912b0e488240d9c7393bb88	35a45f41bc4ca54914352efb27656282f6e4777805a28a01ae622d5b76ec2d04	28.600	203	0.387	0.906
c303d7e7724c7beedc8089712b3939a89de9ef2ec912b0e488240d9c7393bb88	6bffefc04d0b2e1c1fc73bf56cccfcfe2cbd34aaf4161bff55386e85eac9f571	25.200	190	0.385	0.913
c303d7e7724c7beedc8089712b3939a89de9ef2ec912b0e488240d9c7393bb88	d93e28082eb62ddda0908df59294fa1b7bdc73fb99d72c0cb5923daae67f2d18	27.100	196	0.387	0.907
c303d7e7724c7beedc8089712b3939a89de9ef2ec912b0e488240d9c7393bb88	22c3e5444ffdb29bde0be57aa249a85aea20f417a6289c9a99c2d623e9eae6ae	27.100	197	0.387	0.916
c303d7e7724c7beedc8089712b3939a89de9ef2ec912b0e488240d9c7393bb88	ea1b36784bd51aedc01e24ff572c14a52ef0388de8d143e08e86a9e2ea79aa1e	27.100	197	0.387	0.908
d7517937d7404c6d841992781957ccd7e3bbfc1d3bd362aabd509d82bdee07ec	1124790e2b79ac003ae9a1d7f165921bef11ff02dce7bc204ec5765bd3b848cd	90.900	154	0.890	1.000
d7517937d7404c6d841992781957ccd7e3bbfc1d3bd362aabd509d82bdee07ec	a04e0264af0e4767bcb437a1eba30f4d80de99a3acd67b8d7b5e93c3ff51a5ea	87.900	158	0.913	1.000
d7517937d7404c6d841992781957ccd7e3bbfc1d3bd362aabd509d82bdee07ec	0fd5513fb89647e2fb102c606b37ebae23918f5429b54d9d79ac8ea108d81c08	90.200	154	0.890	1.000
d7517937d7404c6d841992781957ccd7e3bbfc1d3bd362aabd509d82bdee07ec	bbe35edaa67fe3d1ceca8199b00b62ca672ac699c8d4f85fec1480e1e7e5f02b	31.500	142	0.821	0.867
d7517937d7404c6d841992781957ccd7e3bbfc1d3bd362aabd509d82bdee07ec	12a431225d8f8fd6f3ba2a26640e9c2601068155fd0b13ae38a5e59fdca72a00	31.500	142	0.821	0.810
d7517937d7404c6d841992781957ccd7e3bbfc1d3bd362aabd509d82bdee07ec	92ebfbb5c00e9b7233bedfce3bffd1bb6ae25fa91b129eddcda2759f8837a4a9	31.500	147	0.850	0.850
d7517937d7404c6d841992781957ccd7e3bbfc1d3bd362aabd509d82bdee07ec	f9246db65cc3ba68ad84a89924613845d0a20da094cd6d9834488bd24e6e1ae7	40.900	66	0.382	0.478
d7517937d7404c6d841992781957ccd7e3bbfc1d3bd362aabd509d82bdee07ec	31536d8527fd366106eaa41928a37453cefd3519582dbb6972af7a23560c218e	40.900	66	0.382	0.471
d7517937d7404c6d841992781957ccd7e3bbfc1d3bd362aabd509d82bdee07ec	3032b12ebb439002914cab13c1f945e5c45796b5468a024e4763685f0211e4d6	40.900	66	0.382	0.468
d7517937d7404c6d841992781957ccd7e3bbfc1d3bd362aabd509d82bdee07ec	ffdcc97e22756e86e5cbf11445265618b67e3384bfd341a9746512bbb20effcb	29.900	135	0.780	0.862
d7517937d7404c6d841992781957ccd7e3bbfc1d3bd362aabd509d82bdee07ec	a87875ee90f3db4ffb71ab76360eb2f27d0c016cdf2b6bf0c39740c32a24562b	29.900	135	0.780	0.855
d7517937d7404c6d841992781957ccd7e3bbfc1d3bd362aabd509d82bdee07ec	20718924a78720af248c78b2bbe1437e25e085a0f19d095847c58559f68facb1	29.900	135	0.780	0.824
d7517937d7404c6d841992781957ccd7e3bbfc1d3bd362aabd509d82bdee07ec	dd08ad2acc12a76f1bcd91d2a5ea9f878f1ff574655e2f106d99e36eb2c86a1e	29.900	135	0.780	0.818
d7517937d7404c6d841992781957ccd7e3bbfc1d3bd362aabd509d82bdee07ec	363fff1ccc585bb8641e177a680256540afd5f82053b35e7ba14e4de0b0c5df6	29.900	135	0.780	0.812
d7517937d7404c6d841992781957ccd7e3bbfc1d3bd362aabd509d82bdee07ec	2ca9893ba9536ebe7006c00ad43d35c0543c37044aee132be25a819faba7522c	30.800	118	0.682	0.736
d7517937d7404c6d841992781957ccd7e3bbfc1d3bd362aabd509d82bdee07ec	d272caa5dd9a17e2f5e16fe5d7b336e6c24217fec696684757ada21cd8347875	27.000	134	0.775	0.807
d7517937d7404c6d841992781957ccd7e3bbfc1d3bd362aabd509d82bdee07ec	306881649615179d7768334ac55fcc084abc957553b74c70ade5c6640c9e02e7	26.600	132	0.763	0.810
d7517937d7404c6d841992781957ccd7e3bbfc1d3bd362aabd509d82bdee07ec	bef6ea2c5b4b15cd74c5a364397b543bb067b2c388550a680e30efb9ddfd3f3f	26.600	132	0.763	0.793
d7517937d7404c6d841992781957ccd7e3bbfc1d3bd362aabd509d82bdee07ec	bed577063887dbd45ff49b968fba3e50f50b14649938ea0054bf8e66c4f2f926	25.900	132	0.763	0.810
d7517937d7404c6d841992781957ccd7e3bbfc1d3bd362aabd509d82bdee07ec	fff6d919b736eb7e26ea58c033adf0d5d127b4b14e8731e492f1542051f5de84	26.300	130	0.751	0.801
9abd88979dbbdef02b63e021dea98ae14cb976caa27c39878da46f99f3182fe5	876db18c23d75b6bdf0fb270aeeb6b6014153c4c6a64ff26ed35a1f645424b43	66.500	442	0.760	1.000
9abd88979dbbdef02b63e021dea98ae14cb976caa27c39878da46f99f3182fe5	c37e4d47412e56c5fc8a595627aaf485c676029a8f3c38b5559879b218962a0d	66.000	439	0.753	1.000
9abd88979dbbdef02b63e021dea98ae14cb976caa27c39878da46f99f3182fe5	506e42b23c1416b1d58b4e80ab5e47a25ab8b9731f48e70d395ffd52ed9b930b	59.200	309	0.748	0.970
9abd88979dbbdef02b63e021dea98ae14cb976caa27c39878da46f99f3182fe5	68ec7b19f3f17b23455df7a73b4c3f33cdc948959e74dbb3826be4d99baafdef	57.600	309	0.748	0.996
9abd88979dbbdef02b63e021dea98ae14cb976caa27c39878da46f99f3182fe5	f834ab77e81ed2a3d0c66f0ff386e6a7b5dbce3de56950154a5ca0931464d952	57.600	309	0.748	0.989
9abd88979dbbdef02b63e021dea98ae14cb976caa27c39878da46f99f3182fe5	02536d275857d78976c54cd11ab8f644d2f98cf1e56ebbdac7169bbc376c8b50	57.800	306	0.741	0.993
9abd88979dbbdef02b63e021dea98ae14cb976caa27c39878da46f99f3182fe5	5cb3444876d7734f8eae54e395a0d339e26809df903e72f55b0721188a0a390a	57.000	298	0.722	0.996
9abd88979dbbdef02b63e021dea98ae14cb976caa27c39878da46f99f3182fe5	8cfa9b3836dfde436c8a531aa092c35840c6e8966e478130b30e6a1a3919e50d	29.100	301	0.729	0.895
9abd88979dbbdef02b63e021dea98ae14cb976caa27c39878da46f99f3182fe5	cd5d8eaa19bfba958e3500b97e06f0e093d657c02867d4935b3fc8644778ef12	28.800	301	0.729	0.906
edbd5d8a5deb16bfd31ff3029c7897b816b752cb26cd0dcf23d089dcdd841586	cb1cf6878634c3ea03cb6fe31ef35cb6b9da317eea0da863278e151c2575b50e	96.000	301	0.042	0.997
edbd5d8a5deb16bfd31ff3029c7897b816b752cb26cd0dcf23d089dcdd841586	c7676fedf8d0c8bf337ab5f124555fde3d4a70c011bd3caaec359a3035078c0f	95.600	301	0.042	1.000
edbd5d8a5deb16bfd31ff3029c7897b816b752cb26cd0dcf23d089dcdd841586	dd2754dd151a57ebdd70708241fb62f38bd4ee895a0e2c92b39f42f3db4ca427	95.600	301	0.042	1.000
edbd5d8a5deb16bfd31ff3029c7897b816b752cb26cd0dcf23d089dcdd841586	1cecdf6825c55a50c194494a3be40932ca1508f6a921a5540a86f688e3742980	92.700	290	0.041	1.000
edbd5d8a5deb16bfd31ff3029c7897b816b752cb26cd0dcf23d089dcdd841586	f26287e75650ab07e70a0d3f1a23fc885ed9358d55c95bfe2182bfd3c6fae9d2	92.700	290	0.041	1.000
edbd5d8a5deb16bfd31ff3029c7897b816b752cb26cd0dcf23d089dcdd841586	afb44f95b6606971a94c4ba1f8b34825a3a1ba9a27f2ccd25a4379c3264d49f2	92.400	291	0.041	1.000
edbd5d8a5deb16bfd31ff3029c7897b816b752cb26cd0dcf23d089dcdd841586	ecc0347e83b08ab38df151443eba57f7c622b37659e064a864cf59a789f85df3	73.800	168	0.024	0.982
edbd5d8a5deb16bfd31ff3029c7897b816b752cb26cd0dcf23d089dcdd841586	bab66d7558b1af346c6aa536b08b4de18b7edd19dbf1f62edbd8005ee07b75e5	37.200	136	0.019	0.802
7289cbc54521bc202bb99244e249eff3fd381af091772ac7e1cfdbd1b155c545	49739dd04b8f79f033fb07b4b3f9ac8023e6cd71436cd8e42894471fb2d5e48f	43.100	340	0.705	0.934
7289cbc54521bc202bb99244e249eff3fd381af091772ac7e1cfdbd1b155c545	c591cc4bd2c565cd7621edc24cd95e488a38068002f017febed353c17397eb99	43.100	340	0.705	0.934
7289cbc54521bc202bb99244e249eff3fd381af091772ac7e1cfdbd1b155c545	6b63e853f838a4d367cbbe20a898f37a45fc226fbb197609036452d5bdca036b	43.100	340	0.705	0.929
7289cbc54521bc202bb99244e249eff3fd381af091772ac7e1cfdbd1b155c545	e2b3c5b9fbb5fc6726a848a069a1bd1ace3559cc2b23049b5afb28da66e1ecf2	43.100	340	0.705	0.937
7289cbc54521bc202bb99244e249eff3fd381af091772ac7e1cfdbd1b155c545	147b48cb47d84a2d4a4a4aa895f53fa10ac18ec6340143c7fa78015a5c1b44ec	43.400	340	0.705	0.933
7289cbc54521bc202bb99244e249eff3fd381af091772ac7e1cfdbd1b155c545	e55393f0ac941bfa1920a1865e3cdb65642ca7bf3656ec458eac077155287763	43.500	340	0.705	0.933
7289cbc54521bc202bb99244e249eff3fd381af091772ac7e1cfdbd1b155c545	54ba81f5274f2a91a83e84e107fed2aa53fd2f2e250f40f5f9633e4e94e290ae	43.400	340	0.705	0.943
7289cbc54521bc202bb99244e249eff3fd381af091772ac7e1cfdbd1b155c545	a398b1e4e2333dd90591befc4b4b377b3e9c30e5a9672c4c892adc87ff428510	43.400	340	0.705	0.938
7289cbc54521bc202bb99244e249eff3fd381af091772ac7e1cfdbd1b155c545	c2d9ce9433ecd156761131f7ca6d8ec2956e2f6ed82117a31aac7963ec1d7871	43.400	340	0.705	0.930
7289cbc54521bc202bb99244e249eff3fd381af091772ac7e1cfdbd1b155c545	5810d6056798a6f1dad62d60a81d232d7abeafe23181f00967b2ba9418cb1d3b	43.100	340	0.705	0.933
7289cbc54521bc202bb99244e249eff3fd381af091772ac7e1cfdbd1b155c545	9122255256a5381a5b57d44fb28f32803fe9453c3396db3390234c299ed03fb9	43.400	340	0.705	0.935
7289cbc54521bc202bb99244e249eff3fd381af091772ac7e1cfdbd1b155c545	de94092eca57c6cc35062170c9a8415805788f220aaa0f98d3ca8065f9627dbc	43.100	340	0.705	0.933
7289cbc54521bc202bb99244e249eff3fd381af091772ac7e1cfdbd1b155c545	95da4882101b4652cefbb2a521a55972a13e9d2318cb5d30823fe55e8c61c646	43.100	340	0.705	0.930
7289cbc54521bc202bb99244e249eff3fd381af091772ac7e1cfdbd1b155c545	71f56cf04394323cf4a77c6f4af0314f51e54cadb3c953419f5c37de935a5c5a	42.800	340	0.705	0.933
7289cbc54521bc202bb99244e249eff3fd381af091772ac7e1cfdbd1b155c545	703a90828e33150af043e15088bc0f82d80e4f56aa71d863f7e9d3174a382d22	42.500	340	0.705	0.934
7289cbc54521bc202bb99244e249eff3fd381af091772ac7e1cfdbd1b155c545	157258a221bab3da29adb3a69636d92a5d197e65dcbf6b20a86df5a7c66b3721	36.700	312	0.645	0.839
7289cbc54521bc202bb99244e249eff3fd381af091772ac7e1cfdbd1b155c545	10a168b5a6c86333dfd0e5fe7bb7de5b4e83ea16ee80ccf15459ff15ae6b2216	25.400	214	0.436	0.583
7289cbc54521bc202bb99244e249eff3fd381af091772ac7e1cfdbd1b155c545	6a8559a03a0e5c50d82ddd86e4681d0cb6dccdd97693fda93c29d756591c83d4	25.400	214	0.436	0.582
7289cbc54521bc202bb99244e249eff3fd381af091772ac7e1cfdbd1b155c545	3761b53f1ee9bc7182c26ebd4d4fbca2804c69aed08a4f75f0f6373e017a30f6	25.400	214	0.436	0.582
7289cbc54521bc202bb99244e249eff3fd381af091772ac7e1cfdbd1b155c545	d493d580d6c35b925f1df1f2c4cea0f652893fbc8c5cabb453715ebc2e939a7b	25.400	214	0.436	0.571
75b5cc61a95034f3e9eaadbb7a3d2134014443fba8bd9500953c8cc1e8f2df4d	d4b962422b514ccafd66fe1a61b4e695454a987048737bc250ea7d7eb201767c	100.000	323	1.000	0.979
75b5cc61a95034f3e9eaadbb7a3d2134014443fba8bd9500953c8cc1e8f2df4d	59281ed8f36fed14889744fdc5f8716b3e4c9e1dd4df8153b4867e9526f0a964	100.000	321	0.994	1.000
75b5cc61a95034f3e9eaadbb7a3d2134014443fba8bd9500953c8cc1e8f2df4d	fe2c70a92c8314c8b9df072ecd6fbae5012f8aaa2dcdc38566b18821f2dcfc84	100.000	320	0.991	0.997
75b5cc61a95034f3e9eaadbb7a3d2134014443fba8bd9500953c8cc1e8f2df4d	f6c4fd357886a91190b5b9ed321244ba2c2724823cf666e8bd60fc64c482a757	100.000	318	0.985	1.000
75b5cc61a95034f3e9eaadbb7a3d2134014443fba8bd9500953c8cc1e8f2df4d	3b438a6549b56436f2a7583402becba3d7dcddf01a95221e593a756575f0272c	99.300	318	0.985	1.000
75b5cc61a95034f3e9eaadbb7a3d2134014443fba8bd9500953c8cc1e8f2df4d	6302aa646661e747d63218df3d13ca6978a23e91a2370b16703b91ee82cc29c0	99.000	318	0.985	1.000
75b5cc61a95034f3e9eaadbb7a3d2134014443fba8bd9500953c8cc1e8f2df4d	ac87a462f3e3e3428845a59a6d4fb82c21667a1ff0870c0cd099bfd35b526d56	99.000	318	0.985	1.000
75b5cc61a95034f3e9eaadbb7a3d2134014443fba8bd9500953c8cc1e8f2df4d	314df069c3c177999f90511e68712097e5af1c6d7c3f3e5bd5a0149ea81ff3b7	64.700	314	0.972	0.984
75b5cc61a95034f3e9eaadbb7a3d2134014443fba8bd9500953c8cc1e8f2df4d	1e32144e590c704ec4a236e960ac00dadd637cd19e6606257a4c17337a96352b	64.000	314	0.972	0.984
75b5cc61a95034f3e9eaadbb7a3d2134014443fba8bd9500953c8cc1e8f2df4d	3804f013b6e3aa5de05165ae645430f0d65a3330764bda7cf2161c2405cad513	23.200	227	0.703	0.923
77d5cd4e58da4830e0c5db0c133fa0a5b81c776cab4c6dce1c2992734cd33e9d	b3fc88c8082d9dca4eb4ddd08f7539508bd3a5111e27746fbb3c1819cc0eaef9	96.800	419	0.292	0.998
77d5cd4e58da4830e0c5db0c133fa0a5b81c776cab4c6dce1c2992734cd33e9d	68313550da8f6b409912454fe0d8a99e98b1128566ddb5046d5aec3ef4811e65	96.100	419	0.292	0.998
77d5cd4e58da4830e0c5db0c133fa0a5b81c776cab4c6dce1c2992734cd33e9d	eda3046e67c254fb3cd48aac3db5b723f3f67eba821dc823a031ec352b055695	95.600	435	0.303	1.000
77d5cd4e58da4830e0c5db0c133fa0a5b81c776cab4c6dce1c2992734cd33e9d	1a183603f8c628a57ccc37b23b558d3b869cd86d6c9e5d17b340f53f9c0d3898	95.200	420	0.293	1.000
77d5cd4e58da4830e0c5db0c133fa0a5b81c776cab4c6dce1c2992734cd33e9d	adf9572d8d5a1afa852a8375a8c25b94ddbcb61328603eab38a8c0e933b94842	95.200	420	0.293	1.000
77d5cd4e58da4830e0c5db0c133fa0a5b81c776cab4c6dce1c2992734cd33e9d	de170fa7774c94f128c2a3343b0bc714255441690e712fed116b3164d245b4f6	95.000	420	0.293	1.000
77d5cd4e58da4830e0c5db0c133fa0a5b81c776cab4c6dce1c2992734cd33e9d	0ecf063ef5622beee7b1de1b36a19850daa8b0fca2bb33ad8613d1831fe8d450	95.200	418	0.291	1.000
77d5cd4e58da4830e0c5db0c133fa0a5b81c776cab4c6dce1c2992734cd33e9d	178083369969dbdec0790bf4b0fe16e74421464dcfdb57ebead7fee25351491d	94.700	420	0.293	1.000
77d5cd4e58da4830e0c5db0c133fa0a5b81c776cab4c6dce1c2992734cd33e9d	a4cb8e0d678bc54db1896469adfdf85ab28d4659ca6c469f5fa32fb578a05628	95.200	418	0.291	1.000
77d5cd4e58da4830e0c5db0c133fa0a5b81c776cab4c6dce1c2992734cd33e9d	f8baf7329b90435c042ee8fc52eb7438a51a4915c37bd2638c1ba641443075d5	94.900	419	0.292	1.000
77d5cd4e58da4830e0c5db0c133fa0a5b81c776cab4c6dce1c2992734cd33e9d	a7cd3496e5639fc765ef5643e1b28b05ebc8534a185b9b7a68bfaa9584eae2d7	94.400	418	0.291	1.000
77d5cd4e58da4830e0c5db0c133fa0a5b81c776cab4c6dce1c2992734cd33e9d	0c1ec5780722536acf8bf2e0a8cf4e4c2e08e97f411d73b7b0770efae31d5766	94.400	418	0.291	1.000
77d5cd4e58da4830e0c5db0c133fa0a5b81c776cab4c6dce1c2992734cd33e9d	6a3f3ba9de90f2f259c38f9e24ccef2aa365da05c3e34c514b6ea866c32a1722	94.200	418	0.291	1.000
77d5cd4e58da4830e0c5db0c133fa0a5b81c776cab4c6dce1c2992734cd33e9d	78819a718474f38feee77030818203e01d980d28a15e33a68d5a6a91fa14c808	65.700	420	0.292	1.000
77d5cd4e58da4830e0c5db0c133fa0a5b81c776cab4c6dce1c2992734cd33e9d	aa2fa1d25cd2c9ecdd2c816948bee2a5c18d992737ab8fea02193762629d13cb	65.700	420	0.292	0.998
77d5cd4e58da4830e0c5db0c133fa0a5b81c776cab4c6dce1c2992734cd33e9d	b7099dd8f3bacd3138341dda9dc7ba7cd602ad16efb7e616f6da4bbdf192e8a7	65.700	420	0.292	0.993
77d5cd4e58da4830e0c5db0c133fa0a5b81c776cab4c6dce1c2992734cd33e9d	5813c1c2f4c5ec7c708da7eca19d75e104c37e065ef443e02722084509ba39ef	64.500	420	0.292	1.000
77d5cd4e58da4830e0c5db0c133fa0a5b81c776cab4c6dce1c2992734cd33e9d	396877c0c92ee84dae6cae9504a252175594c8cffd5abbcde5b973170bd32b4c	64.500	420	0.292	0.998
77d5cd4e58da4830e0c5db0c133fa0a5b81c776cab4c6dce1c2992734cd33e9d	90070d216e12846d2f2a6dbb35a2f72b2cfea9a390d9717487fe3d248c9ed6dc	64.200	419	0.292	0.998
77d5cd4e58da4830e0c5db0c133fa0a5b81c776cab4c6dce1c2992734cd33e9d	22750177b6975683f0a781074749e5e17370aa03c075baefa07b164a76eceacb	64.200	419	0.292	1.000
91097f1d4017c65457820301ed76209b208cc76137661628e45fb5f2c9420c2d	1468cac19e13bbcdb8163fba9237400b83debfe7cc1afbcaea674c0ac351ac65	97.300	267	0.996	1.000
91097f1d4017c65457820301ed76209b208cc76137661628e45fb5f2c9420c2d	b56174b7e6602d2272bc90a9f7929debdade7c6613eeb0842faa25010c4dba70	96.200	267	0.996	1.000
91097f1d4017c65457820301ed76209b208cc76137661628e45fb5f2c9420c2d	1a53542d975516a20f42f3257df177a1a3ec6b1d4e4e1baf3d23855422d9efca	95.500	267	0.996	1.000
91097f1d4017c65457820301ed76209b208cc76137661628e45fb5f2c9420c2d	f42515fcccb0692cf88f35cbc42544025b9fd8f221ffb705fdecc3ae9bab081e	95.100	267	0.996	1.000
91097f1d4017c65457820301ed76209b208cc76137661628e45fb5f2c9420c2d	499a7e3b82303546d159b848cde54562eafe1296946ba15c07b01a9803a19c17	94.700	267	0.996	1.000
91097f1d4017c65457820301ed76209b208cc76137661628e45fb5f2c9420c2d	1272d1e758ecef75c7e94822fd155b6106944fe7f5f8ba03a7df0808512ba3b4	94.300	267	0.996	1.000
91097f1d4017c65457820301ed76209b208cc76137661628e45fb5f2c9420c2d	327147c5472716635eb0f9a1eae874ea3aa3e6b028d1837145d89583f78951c7	94.300	267	0.996	1.000
91097f1d4017c65457820301ed76209b208cc76137661628e45fb5f2c9420c2d	c69582c49dec742d8dc66324da19b3f0d73be8f1278f250e93b3ffd6bccb51f0	94.300	267	0.996	1.000
91097f1d4017c65457820301ed76209b208cc76137661628e45fb5f2c9420c2d	c807f13d640a13f7983dde4f0a34904443347584ebc92f19529763832a358f53	94.000	267	0.996	1.000
91097f1d4017c65457820301ed76209b208cc76137661628e45fb5f2c9420c2d	2e1298de1abf5c2bab2983442a1833964053c10a41b5d03ff81ceca3509abf51	94.000	267	0.996	1.000
91097f1d4017c65457820301ed76209b208cc76137661628e45fb5f2c9420c2d	7a3eb08c9c980cff92679a2be42d4c5e42a206e5da1a1af19b76436e1de891b3	94.000	267	0.996	1.000
91097f1d4017c65457820301ed76209b208cc76137661628e45fb5f2c9420c2d	e303033e59f8135ba3e8b5a91a09c6554b3366d8485362cbb4d083d3f004cf55	94.000	267	0.996	1.000
91097f1d4017c65457820301ed76209b208cc76137661628e45fb5f2c9420c2d	eeab054bf527347b80d311cace14e9b5a0e10a88b19bcd5946d77b8ad4b4ed7a	94.000	267	0.996	1.000
91097f1d4017c65457820301ed76209b208cc76137661628e45fb5f2c9420c2d	318d8d94427450e19a7278b1787dc4531873db56924db05e9efdd1ecad74887e	93.600	267	0.996	1.000
91097f1d4017c65457820301ed76209b208cc76137661628e45fb5f2c9420c2d	97e5297a2e0956d9ecd1c2184cd7e441f50f1657a31fbd9151b81d0c000edd5f	93.600	267	0.996	1.000
91097f1d4017c65457820301ed76209b208cc76137661628e45fb5f2c9420c2d	15a651cd01f03f1e2bb8e5ecd7a1aac21a57a4a9bb32d84c8c01a7dacdeb940e	93.200	267	0.996	1.000
91097f1d4017c65457820301ed76209b208cc76137661628e45fb5f2c9420c2d	2dacba578cbd08f48b9cee51763f308758a3b0d6b2a7e0708cedbf97df5cf004	92.900	268	1.000	1.000
91097f1d4017c65457820301ed76209b208cc76137661628e45fb5f2c9420c2d	c43411b883d3f929b2df8a290fa1007d04652dbc244d0d3b87cb1c2a7ca92162	93.200	267	0.996	1.000
91097f1d4017c65457820301ed76209b208cc76137661628e45fb5f2c9420c2d	1b3e3428c49af101e5f7fd5134a7605670fcbf9143c65fc47fa99f999e86e507	92.800	267	0.996	1.000
91097f1d4017c65457820301ed76209b208cc76137661628e45fb5f2c9420c2d	0cad56fdc0a33eb17c79040e65af56e81a9aea91b2bbaf255a77fea1e58b8116	92.800	267	0.996	1.000
cbbfcc670c8d3cfe5351d9417fad177009931986ab5207bc8bd5898e389de502	7891c4dfb5421e8d58c0a36dcdc52a2f943532cdfc30524bb3128c7ca6b3e7a9	27.900	254	0.812	0.957
cbbfcc670c8d3cfe5351d9417fad177009931986ab5207bc8bd5898e389de502	f8d004777be3f7a9256abd52c78a5057d7a57e58a91e824f05fa6127e74abe9b	27.900	254	0.812	0.949
cbbfcc670c8d3cfe5351d9417fad177009931986ab5207bc8bd5898e389de502	118561aba19c1bf916bfbf66377cfb9c959fcdd4f79f9a849777e1dd033b3e21	27.900	254	0.812	0.954
cbbfcc670c8d3cfe5351d9417fad177009931986ab5207bc8bd5898e389de502	7f0a7c60c3375e371b98f3dda13fe19ecfe1249b443e09eec174e5b5a167f534	27.500	231	0.703	0.640
cbbfcc670c8d3cfe5351d9417fad177009931986ab5207bc8bd5898e389de502	e4f7aea1725d4040ca2172f4c00f8ed833d31dc662f78c2f365dc48e107f3347	27.500	231	0.703	0.635
cbbfcc670c8d3cfe5351d9417fad177009931986ab5207bc8bd5898e389de502	cc52571bcdce3e9aee5a62f8e273dbd49936dac3829048bf08bc11c65a6091b8	27.500	209	0.636	0.585
cbbfcc670c8d3cfe5351d9417fad177009931986ab5207bc8bd5898e389de502	758d865388f9fb3767bd99e055023bdbb10a8511eaa54e1b2a2d077116f8f85e	25.500	215	0.687	0.776
cbbfcc670c8d3cfe5351d9417fad177009931986ab5207bc8bd5898e389de502	51ef49071b00d7a6a46b4542281759edc65979fecde61d1976cecf1b7788a67f	25.600	255	0.815	0.972
cbbfcc670c8d3cfe5351d9417fad177009931986ab5207bc8bd5898e389de502	328e638a411108e4961f36b4ea742215b2821b6befbfd1094f81bb1e6f2400d3	25.600	260	0.831	0.959
cbbfcc670c8d3cfe5351d9417fad177009931986ab5207bc8bd5898e389de502	a426859c2fdaf6ce556797ba9048d775c7853dfeea9e1be2f544a000e9a7c471	25.100	215	0.687	0.771
cbbfcc670c8d3cfe5351d9417fad177009931986ab5207bc8bd5898e389de502	491838c637e038b138dac34f5b8b71838602a60419529e159fadf49d2e3af3b5	25.400	212	0.677	0.716
cbbfcc670c8d3cfe5351d9417fad177009931986ab5207bc8bd5898e389de502	b5366aedc0c5463f45d8169155354aff98174536acc94905c952ebde0c831474	25.100	215	0.687	0.771
cbbfcc670c8d3cfe5351d9417fad177009931986ab5207bc8bd5898e389de502	85b8dbaf5a7b0abe6681ef70e623d182dbfff360e0f03f47f7ed66e28d132c3d	26.100	255	0.815	0.972
cbbfcc670c8d3cfe5351d9417fad177009931986ab5207bc8bd5898e389de502	574136d04122b4f76ba4a35fe14358fc550b21feb1e28cbd5c6d3c75e5453140	24.600	215	0.687	0.747
cbbfcc670c8d3cfe5351d9417fad177009931986ab5207bc8bd5898e389de502	ae227c5db744050b1d4e017463be97ea7221290db0bc24ddfabdec712960f7dc	24.600	215	0.687	0.742
cbbfcc670c8d3cfe5351d9417fad177009931986ab5207bc8bd5898e389de502	68d263d272df663782771e2727284513a09392e75322585eda09bf6ddc900f1c	25.600	260	0.831	0.959
cbbfcc670c8d3cfe5351d9417fad177009931986ab5207bc8bd5898e389de502	77ce10b393d7c42ee0cc93f38875a7ed73f6ed58987c97e0201b8f668e125179	24.200	215	0.687	0.769
cbbfcc670c8d3cfe5351d9417fad177009931986ab5207bc8bd5898e389de502	b5c11c0dca4639290f955618958d3b0b3ddee5d571c0bc843f46eb3ec8f9f64d	23.700	215	0.687	0.764
cbbfcc670c8d3cfe5351d9417fad177009931986ab5207bc8bd5898e389de502	31e39ead8b2e7b20cf091e11b90364d6d67005e32f11cba89df79681175cb54b	24.000	162	0.486	0.521
cbbfcc670c8d3cfe5351d9417fad177009931986ab5207bc8bd5898e389de502	504882b6ab04a2922ebab11cf63737368af4bb6d32d71bddd1342ee4b5177e06	25.800	258	0.808	0.653
e193a4b689d70ba3b38c9f812a9b212e4ec24cec07f6c90f0600341c8b0c77f5	e193a4b689d70ba3b38c9f812a9b212e4ec24cec07f6c90f0600341c8b0c77f5	100.000	159	1.000	1.000
e193a4b689d70ba3b38c9f812a9b212e4ec24cec07f6c90f0600341c8b0c77f5	2c0aa59f0156145dac28f68d22a44da3a64e6399f50809a086845685024241af	99.300	159	1.000	1.000
e193a4b689d70ba3b38c9f812a9b212e4ec24cec07f6c90f0600341c8b0c77f5	1b024946a4a3458137b4d632488b3ec2c0a41924c67a70d21f47c388125eeb42	98.700	159	1.000	1.000
e193a4b689d70ba3b38c9f812a9b212e4ec24cec07f6c90f0600341c8b0c77f5	79f9e08e0c078ae08d8d7d91d974281d381ef4c456902690dfcaa89e65694bd7	98.700	159	1.000	1.000
e193a4b689d70ba3b38c9f812a9b212e4ec24cec07f6c90f0600341c8b0c77f5	21851278ba2ad7233f8e2fa2ae16add0649b6845c7e3de687f32537df2efbde2	98.700	159	1.000	1.000
e193a4b689d70ba3b38c9f812a9b212e4ec24cec07f6c90f0600341c8b0c77f5	1ad39806a8846a473e56111359a3bd60f7e728b34c3432ee12b6fee4b223131f	98.700	159	1.000	1.000
e193a4b689d70ba3b38c9f812a9b212e4ec24cec07f6c90f0600341c8b0c77f5	df0be6640f1caa29bbfd27b3528f8e1bff32a50cc97026e7d9d51c8bd3fc93ec	98.700	159	1.000	1.000
e193a4b689d70ba3b38c9f812a9b212e4ec24cec07f6c90f0600341c8b0c77f5	d46560bf076c099af41233d2672836690f966f088c4b87c780cfb4e60a31104b	98.100	159	1.000	1.000
e193a4b689d70ba3b38c9f812a9b212e4ec24cec07f6c90f0600341c8b0c77f5	8fe44eebb6c398960c9abf9ac7e0293a7f197c6237fdd192fa63b48e106b3977	55.600	158	0.987	0.981
e193a4b689d70ba3b38c9f812a9b212e4ec24cec07f6c90f0600341c8b0c77f5	2d9d9dacf5ffb33739edd4e2b5d188d6f20aacae85cbf46a5be713f7282dd4ef	39.600	159	0.994	0.988
e193a4b689d70ba3b38c9f812a9b212e4ec24cec07f6c90f0600341c8b0c77f5	02fec775725e2abcee131c6a4c713e6913b075edcd435f682e667645e332c73d	39.600	159	0.994	0.981
e193a4b689d70ba3b38c9f812a9b212e4ec24cec07f6c90f0600341c8b0c77f5	fa3ff1e4a1fe761c640ec451b5d5a8d6f228c821d9f94c326210e784e2e0a24a	39.600	159	0.994	0.958
e193a4b689d70ba3b38c9f812a9b212e4ec24cec07f6c90f0600341c8b0c77f5	cb4d163cf9062f23aa6c993ca15d105590daf1083359e629e5d6fc7457e12bf6	40.800	158	0.994	0.957
e193a4b689d70ba3b38c9f812a9b212e4ec24cec07f6c90f0600341c8b0c77f5	20207abf5635675513ff278c161f0b00796fbab43d40def6762940ef58dabf38	40.800	158	0.994	0.957
e193a4b689d70ba3b38c9f812a9b212e4ec24cec07f6c90f0600341c8b0c77f5	aa0dabae217703b2fbcc1762fa9da3e3344dcecc3fdb0b6c9315feb178718748	39.600	158	0.994	0.958
e193a4b689d70ba3b38c9f812a9b212e4ec24cec07f6c90f0600341c8b0c77f5	35cb2a2f662a78098bb87936a02438b50e13fce4c331a04aefb80f0ef113513e	39.600	158	0.994	0.958
e193a4b689d70ba3b38c9f812a9b212e4ec24cec07f6c90f0600341c8b0c77f5	a68a11df28f096e00c3e73cad73a4e98e5338a049f3813b1945a2bc068eebdfc	39.600	158	0.994	0.958
e193a4b689d70ba3b38c9f812a9b212e4ec24cec07f6c90f0600341c8b0c77f5	637f6b7867f3e02276d3cb7bbf8a053386714ba4ad7ee8313b4ee8b51ce418f5	35.200	158	0.994	0.994
e193a4b689d70ba3b38c9f812a9b212e4ec24cec07f6c90f0600341c8b0c77f5	a4fbc82db83aa18138b2d23899b61650a21839242306a1398b930d8cf30ebead	34.500	158	0.994	0.994
e193a4b689d70ba3b38c9f812a9b212e4ec24cec07f6c90f0600341c8b0c77f5	66e75df6c02566b2a270e9a037f6ce65f3010948137856bdadcdc2125f7d0755	34.500	158	0.994	0.987
e3d3a4200c82b9b30585e324338592623f1af9fc50799677edc9dbe2d5c09f8a	3a137c6314faab495f3284cc7dffa8e23542a253ca07580edafa037b5b1fe904	87.500	552	0.915	1.000
e3d3a4200c82b9b30585e324338592623f1af9fc50799677edc9dbe2d5c09f8a	18a631ed9e6ee11a03d56bf4bd7fc9d8c82d36b1acb46f98890440553ae52325	87.300	552	0.915	1.000
e3d3a4200c82b9b30585e324338592623f1af9fc50799677edc9dbe2d5c09f8a	79925ff0064bdb34bc402eed958713587d8194baa3d77eab8e59f3886d3b6c28	64.800	552	0.915	0.996
e3d3a4200c82b9b30585e324338592623f1af9fc50799677edc9dbe2d5c09f8a	8c12e207e45c9e2b0390cfc8a8fc00ec015bd53d19f81ac3ee2494730c717ea5	64.900	550	0.912	0.996
e3d3a4200c82b9b30585e324338592623f1af9fc50799677edc9dbe2d5c09f8a	7b1b03a2cae62a7492ee1193e6e38ae5cf00d62932fd2b9f87c42ca6ebe413b2	28.300	173	0.287	0.372
e3d3a4200c82b9b30585e324338592623f1af9fc50799677edc9dbe2d5c09f8a	454a62735c372d2e7b8a9416472a55b26942ee7d0b14ca6f44615eb4cb85a751	35.600	97	0.161	0.163
beb82d2379ae548f7ed404b2138fdd897f330151b164ce1e50e8333a84663947	077540a958fcb4303b309159e76821208a13734e69378666bccd8ec573814375	25.300	437	0.723	0.432
beb82d2379ae548f7ed404b2138fdd897f330151b164ce1e50e8333a84663947	97fadd033cc5f8550d5cedc6d2fae5aa63bc40f08035efe01ee5047e923d0f27	25.300	437	0.723	0.432
beb82d2379ae548f7ed404b2138fdd897f330151b164ce1e50e8333a84663947	c0a43cb55c81b80225c7c4c92902b40a3db51a78e793c34333e2165d522e8218	25.300	437	0.723	0.432
beb82d2379ae548f7ed404b2138fdd897f330151b164ce1e50e8333a84663947	8c06bbafb16def1d9ba8e0c091d7979acd8204072d1d2f14acd13b42a4ee1166	25.300	437	0.723	0.432
beb82d2379ae548f7ed404b2138fdd897f330151b164ce1e50e8333a84663947	03b7ce47eee3b037c6005b32c5d637e455202e8854877bdf91e36b6047f6be19	25.400	437	0.723	0.432
230062b9df5cd3cae4733c4846754a164253baff8678a5f36679cc8daff348bd	53393795491cb99c92457df970652f7af1d0b98cbd4ed401a62b6af5573331c1	27.400	211	0.364	0.483
0f08a0f33648783b36fada752d56def0c2649349ef9dae080b01812e205a122f	6bd4423e1a3a364b03d94d5b118a7a5f7c7b921ef7544c6e50c453b7a13acb77	99.700	747	0.923	1.000
0f08a0f33648783b36fada752d56def0c2649349ef9dae080b01812e205a122f	677f721902b2051a15d13ba96cd270341fed1925cd97fc91a4c3c8e2088e5cf6	99.400	746	0.922	1.000
0f08a0f33648783b36fada752d56def0c2649349ef9dae080b01812e205a122f	ea8c46bddf7aba3674cb245546fbeeab29b6df6048469626e50eb5d667b47ef1	98.000	750	0.927	1.000
0f08a0f33648783b36fada752d56def0c2649349ef9dae080b01812e205a122f	0117d61c3372c64dacb31ca0a775f3538c1804aba5647b030689c50e3b743def	98.600	744	0.920	1.000
0f08a0f33648783b36fada752d56def0c2649349ef9dae080b01812e205a122f	8980c8d5d7072427f3003774f7f56efbbd049ec7287d25a7f4b0a5f2b805f743	97.800	747	0.923	1.000
0f08a0f33648783b36fada752d56def0c2649349ef9dae080b01812e205a122f	5392405b0d136983deffda2a22baadfda97a557f61e44d0623a0845fce29bd3a	96.900	750	0.927	1.000
0f08a0f33648783b36fada752d56def0c2649349ef9dae080b01812e205a122f	484973d1a94dbd621ca69933fde39ad11970f08cb87e0c0f16cf1bee5a298496	99.800	512	0.633	0.996
c1c101b738eca478ffaa196b2d78ff3e3f458a1c435f855b3daeee103e85eedb	02536d275857d78976c54cd11ab8f644d2f98cf1e56ebbdac7169bbc376c8b50	27.200	276	0.678	0.952
c1c101b738eca478ffaa196b2d78ff3e3f458a1c435f855b3daeee103e85eedb	68ec7b19f3f17b23455df7a73b4c3f33cdc948959e74dbb3826be4d99baafdef	27.200	276	0.678	0.945
c1c101b738eca478ffaa196b2d78ff3e3f458a1c435f855b3daeee103e85eedb	f834ab77e81ed2a3d0c66f0ff386e6a7b5dbce3de56950154a5ca0931464d952	27.200	276	0.678	0.938
c1c101b738eca478ffaa196b2d78ff3e3f458a1c435f855b3daeee103e85eedb	506e42b23c1416b1d58b4e80ab5e47a25ab8b9731f48e70d395ffd52ed9b930b	28.200	276	0.678	0.923
c1c101b738eca478ffaa196b2d78ff3e3f458a1c435f855b3daeee103e85eedb	5cb3444876d7734f8eae54e395a0d339e26809df903e72f55b0721188a0a390a	26.400	265	0.651	0.947
c1c101b738eca478ffaa196b2d78ff3e3f458a1c435f855b3daeee103e85eedb	9c0c24637836a29a4baaccdd66496da7cdefaa5cce2ee6cf58bacc9d6735e418	24.200	292	0.717	0.883
c1c101b738eca478ffaa196b2d78ff3e3f458a1c435f855b3daeee103e85eedb	8cfa9b3836dfde436c8a531aa092c35840c6e8966e478130b30e6a1a3919e50d	26.500	281	0.688	0.892
c1c101b738eca478ffaa196b2d78ff3e3f458a1c435f855b3daeee103e85eedb	cd5d8eaa19bfba958e3500b97e06f0e093d657c02867d4935b3fc8644778ef12	27.200	280	0.688	0.903
c1c101b738eca478ffaa196b2d78ff3e3f458a1c435f855b3daeee103e85eedb	c37e4d47412e56c5fc8a595627aaf485c676029a8f3c38b5559879b218962a0d	28.100	180	0.437	0.410
c1c101b738eca478ffaa196b2d78ff3e3f458a1c435f855b3daeee103e85eedb	876db18c23d75b6bdf0fb270aeeb6b6014153c4c6a64ff26ed35a1f645424b43	28.100	180	0.437	0.407
